"ISO3","Country","Year","Survey","Indicator","Admin","Region_Name","Mean","Median","Lower_CI","Upper_CI","Width_90_CI","Coefficient_of_Variation"
"ETH","Ethiopia",2024,"ET2024DHS","FP_CUSM_W_MOD",1,"Addis Ababa",0.4735,0.4735,0.4113,0.5365,0.1252,0.08082
"ETH","Ethiopia",2024,"ET2024DHS","FP_CUSM_W_MOD",1,"Afar",0.08976,0.08976,0.06398,0.1245,0.06057,0.2028
"ETH","Ethiopia",2024,"ET2024DHS","FP_CUSM_W_MOD",1,"Amhara",0.4332,0.4332,0.3927,0.4746,0.08191,0.0576
"ETH","Ethiopia",2024,"ET2024DHS","FP_CUSM_W_MOD",1,"Beneshangul Gumu",0.312,0.312,0.2661,0.3619,0.09575,0.09351
"ETH","Ethiopia",2024,"ET2024DHS","FP_CUSM_W_MOD",1,"Dire Dawa",0.2474,0.2474,0.2006,0.3011,0.1004,0.1236
"ETH","Ethiopia",2024,"ET2024DHS","FP_CUSM_W_MOD",1,"Gambela",0.3419,0.3419,0.2737,0.4172,0.1435,0.1283
"ETH","Ethiopia",2024,"ET2024DHS","FP_CUSM_W_MOD",1,"Hareri",0.2802,0.2802,0.2416,0.3224,0.08087,0.08785
"ETH","Ethiopia",2024,"ET2024DHS","FP_CUSM_W_MOD",1,"Oromia",0.309,0.309,0.2755,0.3445,0.06904,0.06801
"ETH","Ethiopia",2024,"ET2024DHS","FP_CUSM_W_MOD",1,"SNNPR",0.3696,0.3696,0.3429,0.3971,0.05421,0.04463
"ETH","Ethiopia",2024,"ET2024DHS","FP_CUSM_W_MOD",1,"Somali",0.01702,0.01702,0.008239,0.03484,0.0266,0.4389
"ETH","Ethiopia",2024,"ET2024DHS","FP_CUSM_W_MOD",1,"Tigray",0.2511,0.2511,0.2232,0.2814,0.05822,0.0705
"ETH","Ethiopia",2024,"ET2024DHS","FP_CUSM_W_MOD",2,"Addis Ababa_Region 14",0.4732,0.4724,0.4101,0.5378,0.1276,0.08145
"ETH","Ethiopia",2024,"ET2024DHS","FP_CUSM_W_MOD",2,"Afar_Zone 1",0.0991,0.09574,0.06109,0.1474,0.08627,0.2873
"ETH","Ethiopia",2024,"ET2024DHS","FP_CUSM_W_MOD",2,"Afar_Zone 2",0.05199,0.04678,0.01969,0.09868,0.07899,0.5524
"ETH","Ethiopia",2024,"ET2024DHS","FP_CUSM_W_MOD",2,"Afar_Zone 3",0.1428,0.1339,0.07864,0.2346,0.156,0.3553
"ETH","Ethiopia",2024,"ET2024DHS","FP_CUSM_W_MOD",2,"Afar_Zone 4",0.05802,0.04891,0.01772,0.1283,0.1106,0.7651
"ETH","Ethiopia",2024,"ET2024DHS","FP_CUSM_W_MOD",2,"Afar_Zone 5",0.1093,0.1,0.04701,0.2066,0.1596,0.496
"ETH","Ethiopia",2024,"ET2024DHS","FP_CUSM_W_MOD",2,"Amhara_Awi/Agew",0.3855,0.3828,0.2532,0.5347,0.2814,0.2159
"ETH","Ethiopia",2024,"ET2024DHS","FP_CUSM_W_MOD",2,"Amhara_East Gojam",0.4519,0.4518,0.3869,0.516,0.1291,0.0884
"ETH","Ethiopia",2024,"ET2024DHS","FP_CUSM_W_MOD",2,"Amhara_North Gonder",0.3997,0.3981,0.324,0.4789,0.155,0.1144
"ETH","Ethiopia",2024,"ET2024DHS","FP_CUSM_W_MOD",2,"Amhara_North Shewa(R3)",0.4129,0.4114,0.349,0.4768,0.1278,0.0968
"ETH","Ethiopia",2024,"ET2024DHS","FP_CUSM_W_MOD",2,"Amhara_North Wollo",0.5421,0.5423,0.4844,0.6053,0.1209,0.08049
"ETH","Ethiopia",2024,"ET2024DHS","FP_CUSM_W_MOD",2,"Amhara_Oromia",0.1269,0.127,0.1123,0.1424,0.03008,0.07188
"ETH","Ethiopia",2024,"ET2024DHS","FP_CUSM_W_MOD",2,"Amhara_South Gonder",0.437,0.4362,0.4018,0.476,0.07423,0.05213
"ETH","Ethiopia",2024,"ET2024DHS","FP_CUSM_W_MOD",2,"Amhara_South Wollo",0.5528,0.5526,0.494,0.6121,0.1181,0.07862
"ETH","Ethiopia",2024,"ET2024DHS","FP_CUSM_W_MOD",2,"Amhara_Special Woreda",0.3465,0.3206,0.09856,0.6776,0.579,0.5524
"ETH","Ethiopia",2024,"ET2024DHS","FP_CUSM_W_MOD",2,"Amhara_Wag Himra",0.2837,0.2694,0.122,0.4805,0.3586,0.4151
"ETH","Ethiopia",2024,"ET2024DHS","FP_CUSM_W_MOD",2,"Amhara_West Gojam",0.4275,0.4236,0.314,0.5452,0.2312,0.1691
"ETH","Ethiopia",2024,"ET2024DHS","FP_CUSM_W_MOD",2,"Beneshangul Gumu_Asosa",0.3392,0.3379,0.2737,0.4109,0.1372,0.1248
"ETH","Ethiopia",2024,"ET2024DHS","FP_CUSM_W_MOD",2,"Beneshangul Gumu_Kemashi",0.2819,0.2785,0.2036,0.3684,0.1648,0.183
"ETH","Ethiopia",2024,"ET2024DHS","FP_CUSM_W_MOD",2,"Beneshangul Gumu_Metekel",0.2889,0.2883,0.2156,0.3639,0.1483,0.1569
"ETH","Ethiopia",2024,"ET2024DHS","FP_CUSM_W_MOD",2,"Dire Dawa_Dire Dawa",0.2489,0.2468,0.2024,0.3012,0.09888,0.1212
"ETH","Ethiopia",2024,"ET2024DHS","FP_CUSM_W_MOD",2,"Gambela_Agnuak",0.3385,0.3367,0.2647,0.4215,0.1568,0.1418
"ETH","Ethiopia",2024,"ET2024DHS","FP_CUSM_W_MOD",2,"Gambela_Majang",0.6512,0.6513,0.5809,0.7178,0.1369,0.1203
"ETH","Ethiopia",2024,"ET2024DHS","FP_CUSM_W_MOD",2,"Gambela_Nuer",0.07834,0.07244,0.0362,0.1384,0.1022,0.4386
"ETH","Ethiopia",2024,"ET2024DHS","FP_CUSM_W_MOD",2,"Hareri_Hareri",0.2811,0.2803,0.2431,0.3224,0.07937,0.0881
"ETH","Ethiopia",2024,"ET2024DHS","FP_CUSM_W_MOD",2,"Oromia_Arsi",0.3459,0.3468,0.282,0.4064,0.1244,0.1091
"ETH","Ethiopia",2024,"ET2024DHS","FP_CUSM_W_MOD",2,"Oromia_Bale",0.2737,0.2672,0.1785,0.3924,0.2139,0.2386
"ETH","Ethiopia",2024,"ET2024DHS","FP_CUSM_W_MOD",2,"Oromia_Borena",0.1355,0.1311,0.06957,0.2188,0.1492,0.3619
"ETH","Ethiopia",2024,"ET2024DHS","FP_CUSM_W_MOD",2,"Oromia_East Harerge",0.1764,0.1671,0.0772,0.3038,0.2266,0.4131
"ETH","Ethiopia",2024,"ET2024DHS","FP_CUSM_W_MOD",2,"Oromia_East Shewa",0.4434,0.4425,0.3606,0.5292,0.1686,0.1165
"ETH","Ethiopia",2024,"ET2024DHS","FP_CUSM_W_MOD",2,"Oromia_East Wellega",0.3806,0.3771,0.2427,0.5358,0.2932,0.2353
"ETH","Ethiopia",2024,"ET2024DHS","FP_CUSM_W_MOD",2,"Oromia_Guji",0.2384,0.2375,0.205,0.2726,0.06758,0.08602
"ETH","Ethiopia",2024,"ET2024DHS","FP_CUSM_W_MOD",2,"Oromia_Horo Guduru",0.3141,0.3131,0.28,0.3508,0.07082,0.06923
"ETH","Ethiopia",2024,"ET2024DHS","FP_CUSM_W_MOD",2,"Oromia_Ilubabor",0.4598,0.4585,0.383,0.5437,0.1606,0.1045
"ETH","Ethiopia",2024,"ET2024DHS","FP_CUSM_W_MOD",2,"Oromia_Jimma",0.175,0.1727,0.1275,0.2277,0.1002,0.1769
"ETH","Ethiopia",2024,"ET2024DHS","FP_CUSM_W_MOD",2,"Oromia_Kelem Wellega",0.359,0.3589,0.3368,0.3819,0.04519,0.03813
"ETH","Ethiopia",2024,"ET2024DHS","FP_CUSM_W_MOD",2,"Oromia_North Shewa(R4)",0.4992,0.499,0.3743,0.6205,0.2462,0.1488
"ETH","Ethiopia",2024,"ET2024DHS","FP_CUSM_W_MOD",2,"Oromia_South West Shewa",0.376,0.3715,0.2773,0.4872,0.2099,0.1736
"ETH","Ethiopia",2024,"ET2024DHS","FP_CUSM_W_MOD",2,"Oromia_West Arsi",0.2584,0.2553,0.1695,0.3559,0.1864,0.2217
"ETH","Ethiopia",2024,"ET2024DHS","FP_CUSM_W_MOD",2,"Oromia_West Harerge",0.1864,0.1803,0.1096,0.2808,0.1712,0.303
"ETH","Ethiopia",2024,"ET2024DHS","FP_CUSM_W_MOD",2,"Oromia_West Shewa",0.419,0.4157,0.3409,0.5006,0.1598,0.1151
"ETH","Ethiopia",2024,"ET2024DHS","FP_CUSM_W_MOD",2,"Oromia_West Wellega",0.4395,0.4365,0.3361,0.5575,0.2214,0.1502
"ETH","Ethiopia",2024,"ET2024DHS","FP_CUSM_W_MOD",2,"SNNPR_Alaba",0.2388,0.2328,0.1384,0.3593,0.2209,0.2938
"ETH","Ethiopia",2024,"ET2024DHS","FP_CUSM_W_MOD",2,"SNNPR_Basketo",0.4143,0.4111,0.3214,0.513,0.1917,0.1494
"ETH","Ethiopia",2024,"ET2024DHS","FP_CUSM_W_MOD",2,"SNNPR_Bench Maji",0.4828,0.4809,0.3866,0.5774,0.1908,0.1184
"ETH","Ethiopia",2024,"ET2024DHS","FP_CUSM_W_MOD",2,"SNNPR_Dawro",0.4192,0.4175,0.3105,0.5349,0.2244,0.1651
"ETH","Ethiopia",2024,"ET2024DHS","FP_CUSM_W_MOD",2,"SNNPR_Gamo Gofa",0.3078,0.3028,0.2185,0.4161,0.1975,0.1967
"ETH","Ethiopia",2024,"ET2024DHS","FP_CUSM_W_MOD",2,"SNNPR_Gedio",0.2274,0.2244,0.1662,0.2972,0.1311,0.1801
"ETH","Ethiopia",2024,"ET2024DHS","FP_CUSM_W_MOD",2,"SNNPR_Gurage",0.2489,0.2478,0.2085,0.2912,0.08273,0.09973
"ETH","Ethiopia",2024,"ET2024DHS","FP_CUSM_W_MOD",2,"SNNPR_Hadiya",0.1512,0.1494,0.1093,0.2029,0.0936,0.1896
"ETH","Ethiopia",2024,"ET2024DHS","FP_CUSM_W_MOD",2,"SNNPR_Keffa",0.5876,0.5889,0.5088,0.6632,0.1544,0.1148
"ETH","Ethiopia",2024,"ET2024DHS","FP_CUSM_W_MOD",2,"SNNPR_Konta",0.5547,0.5559,0.4458,0.6641,0.2183,0.1497
"ETH","Ethiopia",2024,"ET2024DHS","FP_CUSM_W_MOD",2,"SNNPR_KT",0.1963,0.1925,0.1393,0.2682,0.1289,0.2
"ETH","Ethiopia",2024,"ET2024DHS","FP_CUSM_W_MOD",2,"SNNPR_Segen Peoples'",0.1492,0.1468,0.1029,0.203,0.1002,0.2136
"ETH","Ethiopia",2024,"ET2024DHS","FP_CUSM_W_MOD",2,"SNNPR_Selti",0.2192,0.2145,0.1506,0.3052,0.1546,0.221
"ETH","Ethiopia",2024,"ET2024DHS","FP_CUSM_W_MOD",2,"SNNPR_Sheka",0.5952,0.5937,0.521,0.6661,0.145,0.1078
"ETH","Ethiopia",2024,"ET2024DHS","FP_CUSM_W_MOD",2,"SNNPR_Sidama",0.5528,0.5528,0.5202,0.5837,0.06343,0.04336
"ETH","Ethiopia",2024,"ET2024DHS","FP_CUSM_W_MOD",2,"SNNPR_South Omo",0.3107,0.3091,0.2353,0.3939,0.1586,0.157
"ETH","Ethiopia",2024,"ET2024DHS","FP_CUSM_W_MOD",2,"SNNPR_Wolayita",0.3377,0.3375,0.2767,0.4008,0.1242,0.1151
"ETH","Ethiopia",2024,"ET2024DHS","FP_CUSM_W_MOD",2,"SNNPR_Yem",0.2917,0.2915,0.2792,0.3047,0.0255,0.02721
"ETH","Ethiopia",2024,"ET2024DHS","FP_CUSM_W_MOD",2,"Somali_Afder",0.1121,0.102,0.04761,0.209,0.1614,0.5067
"ETH","Ethiopia",2024,"ET2024DHS","FP_CUSM_W_MOD",2,"Somali_Doolo",0.04358,0.03757,0.01254,0.1034,0.09088,0.7524
"ETH","Ethiopia",2024,"ET2024DHS","FP_CUSM_W_MOD",2,"Somali_Fafan",0.05209,0.04779,0.02176,0.1,0.07824,0.5307
"ETH","Ethiopia",2024,"ET2024DHS","FP_CUSM_W_MOD",2,"Somali_Jarar",0.08192,0.07321,0.03187,0.1598,0.1279,0.5671
"ETH","Ethiopia",2024,"ET2024DHS","FP_CUSM_W_MOD",2,"Somali_Korahe",0.2205,0.2143,0.1377,0.3195,0.1818,0.2689
"ETH","Ethiopia",2024,"ET2024DHS","FP_CUSM_W_MOD",2,"Somali_Liben",0.1051,0.0917,0.03907,0.2106,0.1716,0.6078
"ETH","Ethiopia",2024,"ET2024DHS","FP_CUSM_W_MOD",2,"Somali_Nogob",0.2025,0.1975,0.1158,0.3114,0.1956,0.3006
"ETH","Ethiopia",2024,"ET2024DHS","FP_CUSM_W_MOD",2,"Somali_Shabelle",0.1374,0.127,0.06815,0.2369,0.1687,0.4187
"ETH","Ethiopia",2024,"ET2024DHS","FP_CUSM_W_MOD",2,"Somali_Siti",0.06179,0.05838,0.02976,0.1063,0.07654,0.3999
"ETH","Ethiopia",2024,"ET2024DHS","FP_CUSM_W_MOD",2,"Tigray_Central",0.2223,0.2208,0.1783,0.2705,0.09216,0.1281
"ETH","Ethiopia",2024,"ET2024DHS","FP_CUSM_W_MOD",2,"Tigray_Eastern
",0.2426,0.2413,0.1864,0.31,0.1236,0.1534
"ETH","Ethiopia",2024,"ET2024DHS","FP_CUSM_W_MOD",2,"Tigray_North Western",0.3074,0.3065,0.2628,0.357,0.09422,0.09354
"ETH","Ethiopia",2024,"ET2024DHS","FP_CUSM_W_MOD",2,"Tigray_Southern",0.2259,0.2239,0.1633,0.297,0.1337,0.1829
"ETH","Ethiopia",2024,"ET2024DHS","FP_CUSM_W_MOD",2,"Tigray_Western",0.3448,0.3447,0.2786,0.4132,0.1345,0.1185
"ETH","Ethiopia",2024,"ET2024DHS","RH_ANCN_W_N4P",1,"Addis Ababa",0.9478,0.9478,0.9001,0.9734,0.07329,0.4036
"ETH","Ethiopia",2024,"ET2024DHS","RH_ANCN_W_N4P",1,"Afar",0.4667,0.4667,0.3973,0.5373,0.1399,0.09176
"ETH","Ethiopia",2024,"ET2024DHS","RH_ANCN_W_N4P",1,"Amhara",0.6203,0.6203,0.5631,0.6743,0.1111,0.08932
"ETH","Ethiopia",2024,"ET2024DHS","RH_ANCN_W_N4P",1,"Beneshangul Gumu",0.5707,0.5707,0.4903,0.6475,0.1572,0.1122
"ETH","Ethiopia",2024,"ET2024DHS","RH_ANCN_W_N4P",1,"Dire Dawa",0.6915,0.6915,0.6277,0.7487,0.1211,0.1197
"ETH","Ethiopia",2024,"ET2024DHS","RH_ANCN_W_N4P",1,"Gambela",0.4931,0.4931,0.4213,0.5651,0.1439,0.08932
"ETH","Ethiopia",2024,"ET2024DHS","RH_ANCN_W_N4P",1,"Hareri",0.4667,0.4667,0.3939,0.5409,0.147,0.09646
"ETH","Ethiopia",2024,"ET2024DHS","RH_ANCN_W_N4P",1,"Oromia",0.4833,0.4833,0.4254,0.5416,0.1162,0.07344
"ETH","Ethiopia",2024,"ET2024DHS","RH_ANCN_W_N4P",1,"SNNPR",0.4899,0.4899,0.4482,0.5318,0.08361,0.052
"ETH","Ethiopia",2024,"ET2024DHS","RH_ANCN_W_N4P",1,"Somali",0.1347,0.1347,0.08864,0.1995,0.1109,0.2475
"ETH","Ethiopia",2024,"ET2024DHS","RH_ANCN_W_N4P",1,"Tigray",0.5683,0.5683,0.5159,0.6191,0.1032,0.07294
"ETH","Ethiopia",2024,"ET2024DHS","RH_ANCN_W_N4P",2,"Addis Ababa_Region 14",0.9443,0.9488,0.9008,0.9728,0.07205,0.4515
"ETH","Ethiopia",2024,"ET2024DHS","RH_ANCN_W_N4P",2,"Afar_Zone 1",0.51,0.5082,0.3861,0.6441,0.2579,0.1594
"ETH","Ethiopia",2024,"ET2024DHS","RH_ANCN_W_N4P",2,"Afar_Zone 2",0.474,0.4748,0.3798,0.5659,0.1861,0.1182
"ETH","Ethiopia",2024,"ET2024DHS","RH_ANCN_W_N4P",2,"Afar_Zone 3",0.5155,0.5149,0.4252,0.6005,0.1753,0.1119
"ETH","Ethiopia",2024,"ET2024DHS","RH_ANCN_W_N4P",2,"Afar_Zone 4",0.3427,0.336,0.1796,0.5411,0.3615,0.3182
"ETH","Ethiopia",2024,"ET2024DHS","RH_ANCN_W_N4P",2,"Afar_Zone 5",0.4555,0.4542,0.334,0.5756,0.2417,0.1593
"ETH","Ethiopia",2024,"ET2024DHS","RH_ANCN_W_N4P",2,"Amhara_Awi/Agew",0.7198,0.722,0.6221,0.8048,0.1827,0.2013
"ETH","Ethiopia",2024,"ET2024DHS","RH_ANCN_W_N4P",2,"Amhara_East Gojam",0.7137,0.718,0.5963,0.812,0.2157,0.2378
"ETH","Ethiopia",2024,"ET2024DHS","RH_ANCN_W_N4P",2,"Amhara_North Gonder",0.6705,0.6713,0.5495,0.7824,0.2329,0.2127
"ETH","Ethiopia",2024,"ET2024DHS","RH_ANCN_W_N4P",2,"Amhara_North Shewa(R3)",0.7205,0.7262,0.6114,0.8126,0.2013,0.2284
"ETH","Ethiopia",2024,"ET2024DHS","RH_ANCN_W_N4P",2,"Amhara_North Wollo",0.6262,0.6276,0.5294,0.7228,0.1934,0.1575
"ETH","Ethiopia",2024,"ET2024DHS","RH_ANCN_W_N4P",2,"Amhara_Oromia",0.5502,0.556,0.3898,0.7032,0.3134,0.2171
"ETH","Ethiopia",2024,"ET2024DHS","RH_ANCN_W_N4P",2,"Amhara_South Gonder",0.5547,0.5547,0.4462,0.661,0.2148,0.1492
"ETH","Ethiopia",2024,"ET2024DHS","RH_ANCN_W_N4P",2,"Amhara_South Wollo",0.6024,0.6051,0.4715,0.7325,0.261,0.2056
"ETH","Ethiopia",2024,"ET2024DHS","RH_ANCN_W_N4P",2,"Amhara_Special Woreda",0.61,0.633,0.3236,0.8488,0.5252,0.4397
"ETH","Ethiopia",2024,"ET2024DHS","RH_ANCN_W_N4P",2,"Amhara_Wag Himra",0.3317,0.3227,0.1901,0.4877,0.2976,0.2893
"ETH","Ethiopia",2024,"ET2024DHS","RH_ANCN_W_N4P",2,"Amhara_West Gojam",0.6309,0.6335,0.5019,0.7485,0.2467,0.2028
"ETH","Ethiopia",2024,"ET2024DHS","RH_ANCN_W_N4P",2,"Beneshangul Gumu_Asosa",0.6719,0.6765,0.565,0.7664,0.2015,0.1843
"ETH","Ethiopia",2024,"ET2024DHS","RH_ANCN_W_N4P",2,"Beneshangul Gumu_Kemashi",0.4304,0.4329,0.3516,0.507,0.1555,0.1086
"ETH","Ethiopia",2024,"ET2024DHS","RH_ANCN_W_N4P",2,"Beneshangul Gumu_Metekel",0.4714,0.4712,0.3617,0.5821,0.2204,0.1392
"ETH","Ethiopia",2024,"ET2024DHS","RH_ANCN_W_N4P",2,"Dire Dawa_Dire Dawa",0.6917,0.6919,0.6298,0.7514,0.1215,0.1209
"ETH","Ethiopia",2024,"ET2024DHS","RH_ANCN_W_N4P",2,"Gambela_Agnuak",0.5708,0.572,0.4913,0.6492,0.1578,0.1098
"ETH","Ethiopia",2024,"ET2024DHS","RH_ANCN_W_N4P",2,"Gambela_Majang",0.598,0.6001,0.4779,0.708,0.2301,0.1724
"ETH","Ethiopia",2024,"ET2024DHS","RH_ANCN_W_N4P",2,"Gambela_Nuer",0.2375,0.2331,0.1499,0.3386,0.1887,0.2466
"ETH","Ethiopia",2024,"ET2024DHS","RH_ANCN_W_N4P",2,"Hareri_Hareri",0.4667,0.4662,0.3939,0.5406,0.1468,0.09468
"ETH","Ethiopia",2024,"ET2024DHS","RH_ANCN_W_N4P",2,"Oromia_Arsi",0.5664,0.5682,0.4155,0.7042,0.2887,0.2037
"ETH","Ethiopia",2024,"ET2024DHS","RH_ANCN_W_N4P",2,"Oromia_Bale",0.3655,0.3562,0.2088,0.5548,0.3459,0.2974
"ETH","Ethiopia",2024,"ET2024DHS","RH_ANCN_W_N4P",2,"Oromia_Borena",0.1833,0.1806,0.1262,0.2507,0.1245,0.2158
"ETH","Ethiopia",2024,"ET2024DHS","RH_ANCN_W_N4P",2,"Oromia_East Harerge",0.3558,0.3559,0.2411,0.4819,0.2408,0.2072
"ETH","Ethiopia",2024,"ET2024DHS","RH_ANCN_W_N4P",2,"Oromia_East Shewa",0.6427,0.6457,0.5074,0.7679,0.2605,0.2216
"ETH","Ethiopia",2024,"ET2024DHS","RH_ANCN_W_N4P",2,"Oromia_East Wellega",0.6117,0.6132,0.5034,0.7168,0.2134,0.1709
"ETH","Ethiopia",2024,"ET2024DHS","RH_ANCN_W_N4P",2,"Oromia_Guji",0.1995,0.1921,0.1148,0.3104,0.1956,0.3114
"ETH","Ethiopia",2024,"ET2024DHS","RH_ANCN_W_N4P",2,"Oromia_Horo Guduru",0.4861,0.4866,0.4571,0.5132,0.05612,0.03494
"ETH","Ethiopia",2024,"ET2024DHS","RH_ANCN_W_N4P",2,"Oromia_Ilubabor",0.4399,0.4366,0.301,0.5959,0.2949,0.2032
"ETH","Ethiopia",2024,"ET2024DHS","RH_ANCN_W_N4P",2,"Oromia_Jimma",0.5029,0.5003,0.3962,0.6048,0.2086,0.1266
"ETH","Ethiopia",2024,"ET2024DHS","RH_ANCN_W_N4P",2,"Oromia_Kelem Wellega",0.1713,0.1693,0.1302,0.22,0.08986,0.1683
"ETH","Ethiopia",2024,"ET2024DHS","RH_ANCN_W_N4P",2,"Oromia_North Shewa(R4)",0.6592,0.6626,0.489,0.8077,0.3187,0.2785
"ETH","Ethiopia",2024,"ET2024DHS","RH_ANCN_W_N4P",2,"Oromia_South West Shewa",0.5476,0.5499,0.4061,0.6829,0.2769,0.1815
"ETH","Ethiopia",2024,"ET2024DHS","RH_ANCN_W_N4P",2,"Oromia_West Arsi",0.4144,0.4148,0.2994,0.5353,0.2359,0.174
"ETH","Ethiopia",2024,"ET2024DHS","RH_ANCN_W_N4P",2,"Oromia_West Harerge",0.4242,0.423,0.273,0.5813,0.3083,0.2153
"ETH","Ethiopia",2024,"ET2024DHS","RH_ANCN_W_N4P",2,"Oromia_West Shewa",0.7017,0.7037,0.6341,0.7629,0.1288,0.1306
"ETH","Ethiopia",2024,"ET2024DHS","RH_ANCN_W_N4P",2,"Oromia_West Wellega",0.5791,0.583,0.3607,0.7833,0.4226,0.2996
"ETH","Ethiopia",2024,"ET2024DHS","RH_ANCN_W_N4P",2,"SNNPR_Alaba",0.5435,0.5457,0.4267,0.6492,0.2226,0.1452
"ETH","Ethiopia",2024,"ET2024DHS","RH_ANCN_W_N4P",2,"SNNPR_Basketo",0.3977,0.3976,0.3492,0.4479,0.09869,0.07502
"ETH","Ethiopia",2024,"ET2024DHS","RH_ANCN_W_N4P",2,"SNNPR_Bench Maji",0.5081,0.51,0.4061,0.6058,0.1997,0.1262
"ETH","Ethiopia",2024,"ET2024DHS","RH_ANCN_W_N4P",2,"SNNPR_Dawro",0.4004,0.3995,0.2998,0.4996,0.1997,0.1541
"ETH","Ethiopia",2024,"ET2024DHS","RH_ANCN_W_N4P",2,"SNNPR_Gamo Gofa",0.446,0.4453,0.3128,0.5819,0.2691,0.1844
"ETH","Ethiopia",2024,"ET2024DHS","RH_ANCN_W_N4P",2,"SNNPR_Gedio",0.4781,0.4771,0.34,0.6218,0.2818,0.1828
"ETH","Ethiopia",2024,"ET2024DHS","RH_ANCN_W_N4P",2,"SNNPR_Gurage",0.7233,0.7243,0.6322,0.8098,0.1776,0.197
"ETH","Ethiopia",2024,"ET2024DHS","RH_ANCN_W_N4P",2,"SNNPR_Hadiya",0.4412,0.4401,0.3355,0.5511,0.2157,0.1501
"ETH","Ethiopia",2024,"ET2024DHS","RH_ANCN_W_N4P",2,"SNNPR_Keffa",0.5069,0.5066,0.3813,0.6351,0.2538,0.1567
"ETH","Ethiopia",2024,"ET2024DHS","RH_ANCN_W_N4P",2,"SNNPR_Konta",0.6158,0.6206,0.48,0.7384,0.2584,0.2071
"ETH","Ethiopia",2024,"ET2024DHS","RH_ANCN_W_N4P",2,"SNNPR_KT",0.5441,0.5446,0.409,0.6793,0.2703,0.1842
"ETH","Ethiopia",2024,"ET2024DHS","RH_ANCN_W_N4P",2,"SNNPR_Segen Peoples'",0.5751,0.5776,0.4606,0.6773,0.2167,0.1538
"ETH","Ethiopia",2024,"ET2024DHS","RH_ANCN_W_N4P",2,"SNNPR_Selti",0.6737,0.6801,0.5672,0.7665,0.1993,0.1894
"ETH","Ethiopia",2024,"ET2024DHS","RH_ANCN_W_N4P",2,"SNNPR_Sheka",0.5892,0.5917,0.4065,0.7699,0.3635,0.2661
"ETH","Ethiopia",2024,"ET2024DHS","RH_ANCN_W_N4P",2,"SNNPR_Sidama",0.4224,0.4222,0.3529,0.492,0.1391,0.1009
"ETH","Ethiopia",2024,"ET2024DHS","RH_ANCN_W_N4P",2,"SNNPR_South Omo",0.4248,0.4227,0.2865,0.575,0.2886,0.2073
"ETH","Ethiopia",2024,"ET2024DHS","RH_ANCN_W_N4P",2,"SNNPR_Wolayita",0.5163,0.5165,0.4084,0.629,0.2207,0.1408
"ETH","Ethiopia",2024,"ET2024DHS","RH_ANCN_W_N4P",2,"SNNPR_Yem",0.562,0.5672,0.4248,0.6848,0.26,0.1866
"ETH","Ethiopia",2024,"ET2024DHS","RH_ANCN_W_N4P",2,"Somali_Afder",0.1022,0.09361,0.04709,0.1751,0.128,0.4403
"ETH","Ethiopia",2024,"ET2024DHS","RH_ANCN_W_N4P",2,"Somali_Doolo",0.08637,0.08177,0.04024,0.1558,0.1156,0.4339
"ETH","Ethiopia",2024,"ET2024DHS","RH_ANCN_W_N4P",2,"Somali_Fafan",0.1924,0.1837,0.105,0.3106,0.2057,0.3547
"ETH","Ethiopia",2024,"ET2024DHS","RH_ANCN_W_N4P",2,"Somali_Jarar",0.1248,0.1157,0.05468,0.2282,0.1735,0.4666
"ETH","Ethiopia",2024,"ET2024DHS","RH_ANCN_W_N4P",2,"Somali_Korahe",0.1963,0.189,0.09308,0.3313,0.2383,0.3993
"ETH","Ethiopia",2024,"ET2024DHS","RH_ANCN_W_N4P",2,"Somali_Liben",0.1086,0.09944,0.04429,0.2064,0.1621,0.5166
"ETH","Ethiopia",2024,"ET2024DHS","RH_ANCN_W_N4P",2,"Somali_Nogob",0.07995,0.0764,0.04097,0.1326,0.09162,0.3726
"ETH","Ethiopia",2024,"ET2024DHS","RH_ANCN_W_N4P",2,"Somali_Shabelle",0.07509,0.07033,0.04135,0.1219,0.08052,0.3545
"ETH","Ethiopia",2024,"ET2024DHS","RH_ANCN_W_N4P",2,"Somali_Siti",0.2201,0.2043,0.09667,0.394,0.2974,0.4683
"ETH","Ethiopia",2024,"ET2024DHS","RH_ANCN_W_N4P",2,"Tigray_Central",0.5068,0.5063,0.4104,0.6031,0.1927,0.1188
"ETH","Ethiopia",2024,"ET2024DHS","RH_ANCN_W_N4P",2,"Tigray_Eastern
",0.6587,0.6627,0.5043,0.7919,0.2877,0.2612
"ETH","Ethiopia",2024,"ET2024DHS","RH_ANCN_W_N4P",2,"Tigray_North Western",0.6227,0.6223,0.5505,0.6971,0.1466,0.1137
"ETH","Ethiopia",2024,"ET2024DHS","RH_ANCN_W_N4P",2,"Tigray_Southern",0.5118,0.5125,0.4147,0.6096,0.1949,0.1223
"ETH","Ethiopia",2024,"ET2024DHS","RH_ANCN_W_N4P",2,"Tigray_Western",0.7005,0.7051,0.5787,0.8039,0.2252,0.2311
"ETH","Ethiopia",2024,"ET2024DHS","RH_DELA_C_SKP",1,"Addis Ababa",0.9818,0.9818,0.9476,0.9938,0.0462,0.6514
"ETH","Ethiopia",2024,"ET2024DHS","RH_DELA_C_SKP",1,"Afar",0.3527,0.3527,0.2875,0.4239,0.1364,0.1182
"ETH","Ethiopia",2024,"ET2024DHS","RH_DELA_C_SKP",1,"Amhara",0.7431,0.7431,0.6836,0.7947,0.1111,0.1317
"ETH","Ethiopia",2024,"ET2024DHS","RH_DELA_C_SKP",1,"Beneshangul Gumu",0.6217,0.6217,0.5219,0.7121,0.1902,0.1546
"ETH","Ethiopia",2024,"ET2024DHS","RH_DELA_C_SKP",1,"Dire Dawa",0.8297,0.8297,0.7565,0.8842,0.1277,0.2268
"ETH","Ethiopia",2024,"ET2024DHS","RH_DELA_C_SKP",1,"Gambela",0.7367,0.7367,0.6701,0.7941,0.124,0.1436
"ETH","Ethiopia",2024,"ET2024DHS","RH_DELA_C_SKP",1,"Hareri",0.8002,0.8002,0.6888,0.8788,0.19,0.2886
"ETH","Ethiopia",2024,"ET2024DHS","RH_DELA_C_SKP",1,"Oromia",0.5817,0.5817,0.5079,0.652,0.1441,0.1055
"ETH","Ethiopia",2024,"ET2024DHS","RH_DELA_C_SKP",1,"SNNPR",0.6024,0.6024,0.5526,0.6501,0.09754,0.07479
"ETH","Ethiopia",2024,"ET2024DHS","RH_DELA_C_SKP",1,"Somali",0.3818,0.3818,0.2972,0.4742,0.1771,0.1424
"ETH","Ethiopia",2024,"ET2024DHS","RH_DELA_C_SKP",1,"Tigray",0.6908,0.6908,0.6318,0.7441,0.1123,0.1108
"ETH","Ethiopia",2024,"ET2024DHS","RH_DELA_C_SKP",2,"Addis Ababa_Region 14",0.9768,0.9814,0.9453,0.994,0.0487,0.9356
"ETH","Ethiopia",2024,"ET2024DHS","RH_DELA_C_SKP",2,"Afar_Zone 1",0.4256,0.4253,0.292,0.5651,0.2731,0.1949
"ETH","Ethiopia",2024,"ET2024DHS","RH_DELA_C_SKP",2,"Afar_Zone 2",0.2678,0.2651,0.1882,0.3533,0.1651,0.193
"ETH","Ethiopia",2024,"ET2024DHS","RH_DELA_C_SKP",2,"Afar_Zone 3",0.4512,0.4517,0.3336,0.5799,0.2464,0.1714
"ETH","Ethiopia",2024,"ET2024DHS","RH_DELA_C_SKP",2,"Afar_Zone 4",0.1078,0.09665,0.03741,0.2145,0.1771,0.563
"ETH","Ethiopia",2024,"ET2024DHS","RH_DELA_C_SKP",2,"Afar_Zone 5",0.4429,0.4389,0.2443,0.645,0.4007,0.2783
"ETH","Ethiopia",2024,"ET2024DHS","RH_DELA_C_SKP",2,"Amhara_Awi/Agew",0.7682,0.7894,0.5354,0.9275,0.3921,0.5815
"ETH","Ethiopia",2024,"ET2024DHS","RH_DELA_C_SKP",2,"Amhara_East Gojam",0.8041,0.8156,0.6568,0.9113,0.2546,0.4196
"ETH","Ethiopia",2024,"ET2024DHS","RH_DELA_C_SKP",2,"Amhara_North Gonder",0.7916,0.801,0.6526,0.9012,0.2486,0.3942
"ETH","Ethiopia",2024,"ET2024DHS","RH_DELA_C_SKP",2,"Amhara_North Shewa(R3)",0.6433,0.6506,0.4621,0.7893,0.3272,0.2773
"ETH","Ethiopia",2024,"ET2024DHS","RH_DELA_C_SKP",2,"Amhara_North Wollo",0.6608,0.6709,0.4951,0.7996,0.3045,0.2846
"ETH","Ethiopia",2024,"ET2024DHS","RH_DELA_C_SKP",2,"Amhara_Oromia",0.7209,0.7244,0.5988,0.8231,0.2243,0.2483
"ETH","Ethiopia",2024,"ET2024DHS","RH_DELA_C_SKP",2,"Amhara_South Gonder",0.7075,0.7123,0.5696,0.8346,0.265,0.2773
"ETH","Ethiopia",2024,"ET2024DHS","RH_DELA_C_SKP",2,"Amhara_South Wollo",0.7647,0.7764,0.5949,0.898,0.3031,0.4225
"ETH","Ethiopia",2024,"ET2024DHS","RH_DELA_C_SKP",2,"Amhara_Special Woreda",0.6875,0.7271,0.2855,0.9457,0.6601,0.733
"ETH","Ethiopia",2024,"ET2024DHS","RH_DELA_C_SKP",2,"Amhara_Wag Himra",0.308,0.3023,0.1926,0.4513,0.2588,0.2615
"ETH","Ethiopia",2024,"ET2024DHS","RH_DELA_C_SKP",2,"Amhara_West Gojam",0.7874,0.7938,0.682,0.8684,0.1864,0.2776
"ETH","Ethiopia",2024,"ET2024DHS","RH_DELA_C_SKP",2,"Beneshangul Gumu_Asosa",0.7798,0.7853,0.6631,0.8716,0.2084,0.2976
"ETH","Ethiopia",2024,"ET2024DHS","RH_DELA_C_SKP",2,"Beneshangul Gumu_Kemashi",0.2513,0.2426,0.149,0.3785,0.2294,0.2979
"ETH","Ethiopia",2024,"ET2024DHS","RH_DELA_C_SKP",2,"Beneshangul Gumu_Metekel",0.4897,0.4891,0.3545,0.6315,0.2771,0.1706
"ETH","Ethiopia",2024,"ET2024DHS","RH_DELA_C_SKP",2,"Dire Dawa_Dire Dawa",0.8248,0.8284,0.7556,0.8831,0.1275,0.2242
"ETH","Ethiopia",2024,"ET2024DHS","RH_DELA_C_SKP",2,"Gambela_Agnuak",0.7892,0.7944,0.6946,0.8649,0.1703,0.2606
"ETH","Ethiopia",2024,"ET2024DHS","RH_DELA_C_SKP",2,"Gambela_Majang",0.7347,0.7403,0.6305,0.8202,0.1897,0.2271
"ETH","Ethiopia",2024,"ET2024DHS","RH_DELA_C_SKP",2,"Gambela_Nuer",0.5773,0.5812,0.4707,0.6767,0.2059,0.1486
"ETH","Ethiopia",2024,"ET2024DHS","RH_DELA_C_SKP",2,"Hareri_Hareri",0.7977,0.8061,0.7001,0.877,0.1769,0.2954
"ETH","Ethiopia",2024,"ET2024DHS","RH_DELA_C_SKP",2,"Oromia_Arsi",0.8425,0.8522,0.7386,0.9196,0.181,0.3857
"ETH","Ethiopia",2024,"ET2024DHS","RH_DELA_C_SKP",2,"Oromia_Bale",0.4447,0.4458,0.2522,0.6474,0.3952,0.2661
"ETH","Ethiopia",2024,"ET2024DHS","RH_DELA_C_SKP",2,"Oromia_Borena",0.3108,0.308,0.1823,0.4544,0.2721,0.2756
"ETH","Ethiopia",2024,"ET2024DHS","RH_DELA_C_SKP",2,"Oromia_East Harerge",0.4367,0.4333,0.314,0.566,0.252,0.175
"ETH","Ethiopia",2024,"ET2024DHS","RH_DELA_C_SKP",2,"Oromia_East Shewa",0.8299,0.8459,0.6713,0.9412,0.2698,0.553
"ETH","Ethiopia",2024,"ET2024DHS","RH_DELA_C_SKP",2,"Oromia_East Wellega",0.7518,0.7672,0.5554,0.904,0.3486,0.4802
"ETH","Ethiopia",2024,"ET2024DHS","RH_DELA_C_SKP",2,"Oromia_Guji",0.3737,0.3661,0.1871,0.5747,0.3876,0.3195
"ETH","Ethiopia",2024,"ET2024DHS","RH_DELA_C_SKP",2,"Oromia_Horo Guduru",0.7532,0.7652,0.5702,0.8938,0.3236,0.4214
"ETH","Ethiopia",2024,"ET2024DHS","RH_DELA_C_SKP",2,"Oromia_Ilubabor",0.6523,0.6633,0.4248,0.8362,0.4114,0.3732
"ETH","Ethiopia",2024,"ET2024DHS","RH_DELA_C_SKP",2,"Oromia_Jimma",0.6255,0.633,0.444,0.7963,0.3523,0.2992
"ETH","Ethiopia",2024,"ET2024DHS","RH_DELA_C_SKP",2,"Oromia_Kelem Wellega",0.4786,0.4818,0.2065,0.7551,0.5486,0.3474
"ETH","Ethiopia",2024,"ET2024DHS","RH_DELA_C_SKP",2,"Oromia_North Shewa(R4)",0.7289,0.7427,0.5474,0.8772,0.3298,0.3869
"ETH","Ethiopia",2024,"ET2024DHS","RH_DELA_C_SKP",2,"Oromia_South West Shewa",0.7229,0.7372,0.5023,0.8785,0.3762,0.4329
"ETH","Ethiopia",2024,"ET2024DHS","RH_DELA_C_SKP",2,"Oromia_West Arsi",0.3765,0.3759,0.2052,0.5575,0.3522,0.2887
"ETH","Ethiopia",2024,"ET2024DHS","RH_DELA_C_SKP",2,"Oromia_West Harerge",0.5135,0.5117,0.3247,0.6995,0.3749,0.2252
"ETH","Ethiopia",2024,"ET2024DHS","RH_DELA_C_SKP",2,"Oromia_West Shewa",0.8667,0.8757,0.7768,0.9336,0.1568,0.4
"ETH","Ethiopia",2024,"ET2024DHS","RH_DELA_C_SKP",2,"Oromia_West Wellega",0.7615,0.7813,0.5127,0.9299,0.4172,0.5848
"ETH","Ethiopia",2024,"ET2024DHS","RH_DELA_C_SKP",2,"SNNPR_Alaba",0.8638,0.8767,0.7233,0.9533,0.23,0.5897
"ETH","Ethiopia",2024,"ET2024DHS","RH_DELA_C_SKP",2,"SNNPR_Basketo",0.4106,0.3998,0.1997,0.65,0.4503,0.3393
"ETH","Ethiopia",2024,"ET2024DHS","RH_DELA_C_SKP",2,"SNNPR_Bench Maji",0.5188,0.5155,0.3981,0.6404,0.2423,0.1495
"ETH","Ethiopia",2024,"ET2024DHS","RH_DELA_C_SKP",2,"SNNPR_Dawro",0.5293,0.532,0.3737,0.6771,0.3034,0.1994
"ETH","Ethiopia",2024,"ET2024DHS","RH_DELA_C_SKP",2,"SNNPR_Gamo Gofa",0.4358,0.4337,0.2815,0.6065,0.325,0.2307
"ETH","Ethiopia",2024,"ET2024DHS","RH_DELA_C_SKP",2,"SNNPR_Gedio",0.4837,0.4846,0.3302,0.6333,0.3031,0.1882
"ETH","Ethiopia",2024,"ET2024DHS","RH_DELA_C_SKP",2,"SNNPR_Gurage",0.8496,0.8574,0.7457,0.925,0.1793,0.3922
"ETH","Ethiopia",2024,"ET2024DHS","RH_DELA_C_SKP",2,"SNNPR_Hadiya",0.5639,0.5685,0.4462,0.677,0.2308,0.1632
"ETH","Ethiopia",2024,"ET2024DHS","RH_DELA_C_SKP",2,"SNNPR_Keffa",0.6188,0.6232,0.4851,0.7434,0.2583,0.2061
"ETH","Ethiopia",2024,"ET2024DHS","RH_DELA_C_SKP",2,"SNNPR_Konta",0.6391,0.6508,0.3895,0.8565,0.467,0.4007
"ETH","Ethiopia",2024,"ET2024DHS","RH_DELA_C_SKP",2,"SNNPR_KT",0.8385,0.8467,0.7243,0.9207,0.1964,0.391
"ETH","Ethiopia",2024,"ET2024DHS","RH_DELA_C_SKP",2,"SNNPR_Segen Peoples'",0.6351,0.6389,0.4985,0.7615,0.2629,0.2237
"ETH","Ethiopia",2024,"ET2024DHS","RH_DELA_C_SKP",2,"SNNPR_Selti",0.9069,0.9195,0.7943,0.9736,0.1794,0.6995
"ETH","Ethiopia",2024,"ET2024DHS","RH_DELA_C_SKP",2,"SNNPR_Sheka",0.637,0.6499,0.3788,0.8456,0.4668,0.4026
"ETH","Ethiopia",2024,"ET2024DHS","RH_DELA_C_SKP",2,"SNNPR_Sidama",0.6559,0.6556,0.5836,0.7252,0.1416,0.124
"ETH","Ethiopia",2024,"ET2024DHS","RH_DELA_C_SKP",2,"SNNPR_South Omo",0.6049,0.609,0.4349,0.7609,0.326,0.2503
"ETH","Ethiopia",2024,"ET2024DHS","RH_DELA_C_SKP",2,"SNNPR_Wolayita",0.6099,0.6136,0.4674,0.7351,0.2677,0.2082
"ETH","Ethiopia",2024,"ET2024DHS","RH_DELA_C_SKP",2,"SNNPR_Yem",0.722,0.7403,0.5122,0.8837,0.3715,0.4396
"ETH","Ethiopia",2024,"ET2024DHS","RH_DELA_C_SKP",2,"Somali_Afder",0.2894,0.2816,0.1449,0.4661,0.3212,0.342
"ETH","Ethiopia",2024,"ET2024DHS","RH_DELA_C_SKP",2,"Somali_Doolo",0.2834,0.2774,0.1627,0.4283,0.2656,0.2876
"ETH","Ethiopia",2024,"ET2024DHS","RH_DELA_C_SKP",2,"Somali_Fafan",0.5865,0.5914,0.4188,0.7402,0.3213,0.2412
"ETH","Ethiopia",2024,"ET2024DHS","RH_DELA_C_SKP",2,"Somali_Jarar",0.3099,0.3021,0.1909,0.449,0.258,0.2591
"ETH","Ethiopia",2024,"ET2024DHS","RH_DELA_C_SKP",2,"Somali_Korahe",0.1973,0.1781,0.06755,0.3882,0.3207,0.5532
"ETH","Ethiopia",2024,"ET2024DHS","RH_DELA_C_SKP",2,"Somali_Liben",0.2635,0.2446,0.09944,0.4898,0.3904,0.4886
"ETH","Ethiopia",2024,"ET2024DHS","RH_DELA_C_SKP",2,"Somali_Nogob",0.4376,0.4355,0.3244,0.5547,0.2303,0.1602
"ETH","Ethiopia",2024,"ET2024DHS","RH_DELA_C_SKP",2,"Somali_Shabelle",0.2829,0.2769,0.1421,0.4417,0.2996,0.3449
"ETH","Ethiopia",2024,"ET2024DHS","RH_DELA_C_SKP",2,"Somali_Siti",0.4947,0.4905,0.2467,0.7519,0.5052,0.317
"ETH","Ethiopia",2024,"ET2024DHS","RH_DELA_C_SKP",2,"Tigray_Central",0.6249,0.625,0.5154,0.7375,0.2221,0.1857
"ETH","Ethiopia",2024,"ET2024DHS","RH_DELA_C_SKP",2,"Tigray_Eastern
",0.7518,0.7571,0.6251,0.869,0.2439,0.3092
"ETH","Ethiopia",2024,"ET2024DHS","RH_DELA_C_SKP",2,"Tigray_North Western",0.8195,0.8258,0.7219,0.8905,0.1686,0.2991
"ETH","Ethiopia",2024,"ET2024DHS","RH_DELA_C_SKP",2,"Tigray_Southern",0.6029,0.6045,0.489,0.7089,0.2198,0.1715
"ETH","Ethiopia",2024,"ET2024DHS","RH_DELA_C_SKP",2,"Tigray_Western",0.7923,0.8008,0.6655,0.8929,0.2274,0.3573
"ETH","Ethiopia",2024,"ET2024DHS","RH_DELP_C_DHT",1,"Addis Ababa",0.9794,0.9794,0.946,0.9923,0.04627,0.5944
"ETH","Ethiopia",2024,"ET2024DHS","RH_DELP_C_DHT",1,"Afar",0.335,0.335,0.2725,0.4039,0.1314,0.1198
"ETH","Ethiopia",2024,"ET2024DHS","RH_DELP_C_DHT",1,"Amhara",0.7277,0.7277,0.6693,0.7791,0.1098,0.1229
"ETH","Ethiopia",2024,"ET2024DHS","RH_DELP_C_DHT",1,"Beneshangul Gumu",0.6149,0.6149,0.518,0.7035,0.1856,0.1481
"ETH","Ethiopia",2024,"ET2024DHS","RH_DELP_C_DHT",1,"Dire Dawa",0.8244,0.8244,0.7494,0.8805,0.1311,0.226
"ETH","Ethiopia",2024,"ET2024DHS","RH_DELP_C_DHT",1,"Gambela",0.7182,0.7182,0.6549,0.7739,0.119,0.1288
"ETH","Ethiopia",2024,"ET2024DHS","RH_DELP_C_DHT",1,"Hareri",0.7869,0.7869,0.6758,0.8674,0.1916,0.2734
"ETH","Ethiopia",2024,"ET2024DHS","RH_DELP_C_DHT",1,"Oromia",0.5351,0.5351,0.4617,0.607,0.1453,0.09569
"ETH","Ethiopia",2024,"ET2024DHS","RH_DELP_C_DHT",1,"SNNPR",0.5945,0.5945,0.5442,0.6429,0.09872,0.07424
"ETH","Ethiopia",2024,"ET2024DHS","RH_DELP_C_DHT",1,"Somali",0.3519,0.3519,0.2754,0.4368,0.1615,0.1406
"ETH","Ethiopia",2024,"ET2024DHS","RH_DELP_C_DHT",1,"Tigray",0.6801,0.6801,0.621,0.734,0.113,0.1077
"ETH","Ethiopia",2024,"ET2024DHS","RH_DELP_C_DHT",2,"Addis Ababa_Region 14",0.9752,0.9787,0.9458,0.9921,0.04634,0.724
"ETH","Ethiopia",2024,"ET2024DHS","RH_DELP_C_DHT",2,"Afar_Zone 1",0.3999,0.3977,0.2802,0.5322,0.2521,0.1967
"ETH","Ethiopia",2024,"ET2024DHS","RH_DELP_C_DHT",2,"Afar_Zone 2",0.2528,0.2496,0.1774,0.3356,0.1582,0.1858
"ETH","Ethiopia",2024,"ET2024DHS","RH_DELP_C_DHT",2,"Afar_Zone 3",0.4164,0.4129,0.2773,0.5655,0.2882,0.2055
"ETH","Ethiopia",2024,"ET2024DHS","RH_DELP_C_DHT",2,"Afar_Zone 4",0.07805,0.07077,0.03052,0.1532,0.1227,0.5524
"ETH","Ethiopia",2024,"ET2024DHS","RH_DELP_C_DHT",2,"Afar_Zone 5",0.4066,0.3945,0.213,0.6408,0.4278,0.3252
"ETH","Ethiopia",2024,"ET2024DHS","RH_DELP_C_DHT",2,"Amhara_Awi/Agew",0.7651,0.7844,0.5533,0.9135,0.3603,0.5199
"ETH","Ethiopia",2024,"ET2024DHS","RH_DELP_C_DHT",2,"Amhara_East Gojam",0.8004,0.8133,0.6509,0.9107,0.2598,0.438
"ETH","Ethiopia",2024,"ET2024DHS","RH_DELP_C_DHT",2,"Amhara_North Gonder",0.7713,0.7779,0.6426,0.8765,0.2339,0.3213
"ETH","Ethiopia",2024,"ET2024DHS","RH_DELP_C_DHT",2,"Amhara_North Shewa(R3)",0.6225,0.6274,0.4474,0.7782,0.3308,0.2741
"ETH","Ethiopia",2024,"ET2024DHS","RH_DELP_C_DHT",2,"Amhara_North Wollo",0.6481,0.6536,0.4821,0.7904,0.3084,0.2704
"ETH","Ethiopia",2024,"ET2024DHS","RH_DELP_C_DHT",2,"Amhara_Oromia",0.7188,0.7238,0.5996,0.8241,0.2245,0.2474
"ETH","Ethiopia",2024,"ET2024DHS","RH_DELP_C_DHT",2,"Amhara_South Gonder",0.7019,0.7079,0.5591,0.8236,0.2645,0.2761
"ETH","Ethiopia",2024,"ET2024DHS","RH_DELP_C_DHT",2,"Amhara_South Wollo",0.7398,0.7485,0.5766,0.8705,0.2939,0.3613
"ETH","Ethiopia",2024,"ET2024DHS","RH_DELP_C_DHT",2,"Amhara_Special Woreda",0.7006,0.7401,0.352,0.9368,0.5848,0.6977
"ETH","Ethiopia",2024,"ET2024DHS","RH_DELP_C_DHT",2,"Amhara_Wag Himra",0.2991,0.2909,0.1839,0.4321,0.2482,0.2586
"ETH","Ethiopia",2024,"ET2024DHS","RH_DELP_C_DHT",2,"Amhara_West Gojam",0.7566,0.7601,0.6658,0.8358,0.1699,0.2196
"ETH","Ethiopia",2024,"ET2024DHS","RH_DELP_C_DHT",2,"Beneshangul Gumu_Asosa",0.7694,0.7747,0.6699,0.8576,0.1877,0.264
"ETH","Ethiopia",2024,"ET2024DHS","RH_DELP_C_DHT",2,"Beneshangul Gumu_Kemashi",0.2576,0.2512,0.155,0.3784,0.2234,0.2837
"ETH","Ethiopia",2024,"ET2024DHS","RH_DELP_C_DHT",2,"Beneshangul Gumu_Metekel",0.4875,0.4845,0.3507,0.628,0.2774,0.1738
"ETH","Ethiopia",2024,"ET2024DHS","RH_DELP_C_DHT",2,"Dire Dawa_Dire Dawa",0.8212,0.826,0.745,0.8844,0.1394,0.2422
"ETH","Ethiopia",2024,"ET2024DHS","RH_DELP_C_DHT",2,"Gambela_Agnuak",0.7703,0.7749,0.6793,0.8501,0.1708,0.2331
"ETH","Ethiopia",2024,"ET2024DHS","RH_DELP_C_DHT",2,"Gambela_Majang",0.7208,0.7251,0.614,0.8112,0.1972,0.2176
"ETH","Ethiopia",2024,"ET2024DHS","RH_DELP_C_DHT",2,"Gambela_Nuer",0.5621,0.5637,0.4683,0.6492,0.1809,0.1256
"ETH","Ethiopia",2024,"ET2024DHS","RH_DELP_C_DHT",2,"Hareri_Hareri",0.7784,0.7834,0.6746,0.8668,0.1922,0.2721
"ETH","Ethiopia",2024,"ET2024DHS","RH_DELP_C_DHT",2,"Oromia_Arsi",0.681,0.6941,0.4932,0.8286,0.3354,0.3363
"ETH","Ethiopia",2024,"ET2024DHS","RH_DELP_C_DHT",2,"Oromia_Bale",0.3963,0.3927,0.2152,0.6066,0.3914,0.3016
"ETH","Ethiopia",2024,"ET2024DHS","RH_DELP_C_DHT",2,"Oromia_Borena",0.2241,0.2187,0.1281,0.3333,0.2052,0.2905
"ETH","Ethiopia",2024,"ET2024DHS","RH_DELP_C_DHT",2,"Oromia_East Harerge",0.3416,0.3375,0.2231,0.4704,0.2472,0.2266
"ETH","Ethiopia",2024,"ET2024DHS","RH_DELP_C_DHT",2,"Oromia_East Shewa",0.6202,0.6267,0.463,0.7612,0.2981,0.2407
"ETH","Ethiopia",2024,"ET2024DHS","RH_DELP_C_DHT",2,"Oromia_East Wellega",0.727,0.7421,0.4939,0.8967,0.4028,0.4713
"ETH","Ethiopia",2024,"ET2024DHS","RH_DELP_C_DHT",2,"Oromia_Guji",0.3427,0.3367,0.1711,0.5495,0.3785,0.336
"ETH","Ethiopia",2024,"ET2024DHS","RH_DELP_C_DHT",2,"Oromia_Horo Guduru",0.7354,0.7486,0.5434,0.8789,0.3355,0.4155
"ETH","Ethiopia",2024,"ET2024DHS","RH_DELP_C_DHT",2,"Oromia_Ilubabor",0.621,0.6239,0.4165,0.8019,0.3854,0.3093
"ETH","Ethiopia",2024,"ET2024DHS","RH_DELP_C_DHT",2,"Oromia_Jimma",0.5992,0.6051,0.4029,0.7761,0.3732,0.2855
"ETH","Ethiopia",2024,"ET2024DHS","RH_DELP_C_DHT",2,"Oromia_Kelem Wellega",0.4598,0.4568,0.1906,0.7341,0.5435,0.3598
"ETH","Ethiopia",2024,"ET2024DHS","RH_DELP_C_DHT",2,"Oromia_North Shewa(R4)",0.6923,0.7011,0.5063,0.8473,0.341,0.3487
"ETH","Ethiopia",2024,"ET2024DHS","RH_DELP_C_DHT",2,"Oromia_South West Shewa",0.689,0.6993,0.4816,0.858,0.3764,0.3788
"ETH","Ethiopia",2024,"ET2024DHS","RH_DELP_C_DHT",2,"Oromia_West Arsi",0.3868,0.3795,0.214,0.5872,0.3733,0.2996
"ETH","Ethiopia",2024,"ET2024DHS","RH_DELP_C_DHT",2,"Oromia_West Harerge",0.36,0.3562,0.2314,0.5038,0.2723,0.236
"ETH","Ethiopia",2024,"ET2024DHS","RH_DELP_C_DHT",2,"Oromia_West Shewa",0.8509,0.8593,0.7436,0.9275,0.1839,0.3986
"ETH","Ethiopia",2024,"ET2024DHS","RH_DELP_C_DHT",2,"Oromia_West Wellega",0.7211,0.7414,0.4517,0.9145,0.4628,0.5399
"ETH","Ethiopia",2024,"ET2024DHS","RH_DELP_C_DHT",2,"SNNPR_Alaba",0.8402,0.8548,0.69,0.9409,0.2509,0.5338
"ETH","Ethiopia",2024,"ET2024DHS","RH_DELP_C_DHT",2,"SNNPR_Basketo",0.4144,0.4025,0.2011,0.6529,0.4518,0.3483
"ETH","Ethiopia",2024,"ET2024DHS","RH_DELP_C_DHT",2,"SNNPR_Bench Maji",0.5022,0.4991,0.3805,0.627,0.2465,0.15
"ETH","Ethiopia",2024,"ET2024DHS","RH_DELP_C_DHT",2,"SNNPR_Dawro",0.5099,0.5154,0.3473,0.6602,0.3128,0.1889
"ETH","Ethiopia",2024,"ET2024DHS","RH_DELP_C_DHT",2,"SNNPR_Gamo Gofa",0.4328,0.4335,0.2721,0.5928,0.3208,0.2267
"ETH","Ethiopia",2024,"ET2024DHS","RH_DELP_C_DHT",2,"SNNPR_Gedio",0.4823,0.4806,0.3407,0.6283,0.2876,0.1869
"ETH","Ethiopia",2024,"ET2024DHS","RH_DELP_C_DHT",2,"SNNPR_Gurage",0.8456,0.8524,0.7458,0.9224,0.1766,0.3707
"ETH","Ethiopia",2024,"ET2024DHS","RH_DELP_C_DHT",2,"SNNPR_Hadiya",0.5644,0.5667,0.4467,0.6753,0.2285,0.1626
"ETH","Ethiopia",2024,"ET2024DHS","RH_DELP_C_DHT",2,"SNNPR_Keffa",0.6185,0.6229,0.4895,0.7407,0.2512,0.2015
"ETH","Ethiopia",2024,"ET2024DHS","RH_DELP_C_DHT",2,"SNNPR_Konta",0.6258,0.6373,0.3815,0.8308,0.4493,0.3816
"ETH","Ethiopia",2024,"ET2024DHS","RH_DELP_C_DHT",2,"SNNPR_KT",0.8299,0.841,0.6986,0.925,0.2264,0.4481
"ETH","Ethiopia",2024,"ET2024DHS","RH_DELP_C_DHT",2,"SNNPR_Segen Peoples'",0.6102,0.6116,0.4644,0.7548,0.2904,0.2315
"ETH","Ethiopia",2024,"ET2024DHS","RH_DELP_C_DHT",2,"SNNPR_Selti",0.8266,0.8416,0.6641,0.9337,0.2697,0.5267
"ETH","Ethiopia",2024,"ET2024DHS","RH_DELP_C_DHT",2,"SNNPR_Sheka",0.6272,0.6386,0.3798,0.8295,0.4498,0.3743
"ETH","Ethiopia",2024,"ET2024DHS","RH_DELP_C_DHT",2,"SNNPR_Sidama",0.6346,0.6364,0.5611,0.7037,0.1426,0.118
"ETH","Ethiopia",2024,"ET2024DHS","RH_DELP_C_DHT",2,"SNNPR_South Omo",0.5891,0.5904,0.4222,0.7483,0.3261,0.2436
"ETH","Ethiopia",2024,"ET2024DHS","RH_DELP_C_DHT",2,"SNNPR_Wolayita",0.5934,0.5929,0.4578,0.7229,0.2651,0.2007
"ETH","Ethiopia",2024,"ET2024DHS","RH_DELP_C_DHT",2,"SNNPR_Yem",0.703,0.7202,0.4797,0.8671,0.3874,0.4264
"ETH","Ethiopia",2024,"ET2024DHS","RH_DELP_C_DHT",2,"Somali_Afder",0.2914,0.2817,0.1523,0.4601,0.3078,0.3351
"ETH","Ethiopia",2024,"ET2024DHS","RH_DELP_C_DHT",2,"Somali_Doolo",0.2794,0.2743,0.1635,0.409,0.2455,0.2797
"ETH","Ethiopia",2024,"ET2024DHS","RH_DELP_C_DHT",2,"Somali_Fafan",0.5187,0.5186,0.3621,0.6782,0.3161,0.1976
"ETH","Ethiopia",2024,"ET2024DHS","RH_DELP_C_DHT",2,"Somali_Jarar",0.2967,0.2917,0.1824,0.4271,0.2447,0.2602
"ETH","Ethiopia",2024,"ET2024DHS","RH_DELP_C_DHT",2,"Somali_Korahe",0.1961,0.1768,0.06392,0.3924,0.3285,0.5716
"ETH","Ethiopia",2024,"ET2024DHS","RH_DELP_C_DHT",2,"Somali_Liben",0.2576,0.2402,0.09716,0.4698,0.3726,0.4868
"ETH","Ethiopia",2024,"ET2024DHS","RH_DELP_C_DHT",2,"Somali_Nogob",0.4332,0.4301,0.3174,0.5515,0.2341,0.1674
"ETH","Ethiopia",2024,"ET2024DHS","RH_DELP_C_DHT",2,"Somali_Shabelle",0.2667,0.2591,0.1459,0.4119,0.2659,0.3126
"ETH","Ethiopia",2024,"ET2024DHS","RH_DELP_C_DHT",2,"Somali_Siti",0.446,0.4468,0.186,0.7222,0.5362,0.3604
"ETH","Ethiopia",2024,"ET2024DHS","RH_DELP_C_DHT",2,"Tigray_Central",0.6179,0.6209,0.49,0.73,0.24,0.1891
"ETH","Ethiopia",2024,"ET2024DHS","RH_DELP_C_DHT",2,"Tigray_Eastern
",0.7328,0.7421,0.581,0.8506,0.2696,0.316
"ETH","Ethiopia",2024,"ET2024DHS","RH_DELP_C_DHT",2,"Tigray_North Western",0.7923,0.7964,0.707,0.8603,0.1533,0.2258
"ETH","Ethiopia",2024,"ET2024DHS","RH_DELP_C_DHT",2,"Tigray_Southern",0.5927,0.5953,0.4837,0.7015,0.2178,0.1656
"ETH","Ethiopia",2024,"ET2024DHS","RH_DELP_C_DHT",2,"Tigray_Western",0.8074,0.8241,0.6226,0.9279,0.3053,0.5342
"ETH","Ethiopia",2024,"ET2024DHS","RH_DELP_C_PUT",1,"Addis Ababa",0.799,0.799,0.7349,0.8507,0.1158,0.175
"ETH","Ethiopia",2024,"ET2024DHS","RH_DELP_C_PUT",1,"Afar",0.335,0.335,0.2725,0.4039,0.1314,0.1198
"ETH","Ethiopia",2024,"ET2024DHS","RH_DELP_C_PUT",1,"Amhara",0.7156,0.7156,0.6537,0.7703,0.1166,0.125
"ETH","Ethiopia",2024,"ET2024DHS","RH_DELP_C_PUT",1,"Beneshangul Gumu",0.611,0.611,0.5136,0.7002,0.1866,0.1474
"ETH","Ethiopia",2024,"ET2024DHS","RH_DELP_C_PUT",1,"Dire Dawa",0.7485,0.7485,0.667,0.8156,0.1486,0.1802
"ETH","Ethiopia",2024,"ET2024DHS","RH_DELP_C_PUT",1,"Gambela",0.6993,0.6993,0.6341,0.7573,0.1232,0.125
"ETH","Ethiopia",2024,"ET2024DHS","RH_DELP_C_PUT",1,"Hareri",0.741,0.741,0.626,0.8302,0.2043,0.2415
"ETH","Ethiopia",2024,"ET2024DHS","RH_DELP_C_PUT",1,"Oromia",0.5034,0.5034,0.4312,0.5755,0.1443,0.08894
"ETH","Ethiopia",2024,"ET2024DHS","RH_DELP_C_PUT",1,"SNNPR",0.5806,0.5806,0.5307,0.6288,0.09811,0.07133
"ETH","Ethiopia",2024,"ET2024DHS","RH_DELP_C_PUT",1,"Somali",0.312,0.312,0.2547,0.3758,0.1211,0.1185
"ETH","Ethiopia",2024,"ET2024DHS","RH_DELP_C_PUT",1,"Tigray",0.6583,0.6583,0.5974,0.7144,0.117,0.1045
"ETH","Ethiopia",2024,"ET2024DHS","RH_DELP_C_PUT",2,"Addis Ababa_Region 14",0.7982,0.8016,0.7373,0.8479,0.1106,0.1717
"ETH","Ethiopia",2024,"ET2024DHS","RH_DELP_C_PUT",2,"Afar_Zone 1",0.3986,0.3946,0.2785,0.5267,0.2482,0.1948
"ETH","Ethiopia",2024,"ET2024DHS","RH_DELP_C_PUT",2,"Afar_Zone 2",0.2509,0.2488,0.1804,0.3308,0.1504,0.1823
"ETH","Ethiopia",2024,"ET2024DHS","RH_DELP_C_PUT",2,"Afar_Zone 3",0.42,0.417,0.2805,0.5615,0.2809,0.2064
"ETH","Ethiopia",2024,"ET2024DHS","RH_DELP_C_PUT",2,"Afar_Zone 4",0.07859,0.07083,0.03072,0.152,0.1213,0.5479
"ETH","Ethiopia",2024,"ET2024DHS","RH_DELP_C_PUT",2,"Afar_Zone 5",0.4025,0.3957,0.2044,0.6152,0.4108,0.3104
"ETH","Ethiopia",2024,"ET2024DHS","RH_DELP_C_PUT",2,"Amhara_Awi/Agew",0.7585,0.7723,0.5496,0.9139,0.3644,0.4964
"ETH","Ethiopia",2024,"ET2024DHS","RH_DELP_C_PUT",2,"Amhara_East Gojam",0.7948,0.8052,0.6471,0.9075,0.2604,0.4249
"ETH","Ethiopia",2024,"ET2024DHS","RH_DELP_C_PUT",2,"Amhara_North Gonder",0.773,0.7794,0.6477,0.8792,0.2316,0.3263
"ETH","Ethiopia",2024,"ET2024DHS","RH_DELP_C_PUT",2,"Amhara_North Shewa(R3)",0.6117,0.6152,0.4391,0.7716,0.3324,0.2701
"ETH","Ethiopia",2024,"ET2024DHS","RH_DELP_C_PUT",2,"Amhara_North Wollo",0.6179,0.6217,0.4304,0.7769,0.3465,0.2749
"ETH","Ethiopia",2024,"ET2024DHS","RH_DELP_C_PUT",2,"Amhara_Oromia",0.7089,0.7151,0.5823,0.8185,0.2362,0.254
"ETH","Ethiopia",2024,"ET2024DHS","RH_DELP_C_PUT",2,"Amhara_South Gonder",0.6868,0.6948,0.5517,0.8057,0.254,0.2524
"ETH","Ethiopia",2024,"ET2024DHS","RH_DELP_C_PUT",2,"Amhara_South Wollo",0.7147,0.7239,0.5419,0.8561,0.3142,0.3373
"ETH","Ethiopia",2024,"ET2024DHS","RH_DELP_C_PUT",2,"Amhara_Special Woreda",0.6738,0.7011,0.3127,0.9263,0.6136,0.6321
"ETH","Ethiopia",2024,"ET2024DHS","RH_DELP_C_PUT",2,"Amhara_Wag Himra",0.2891,0.2825,0.1758,0.4211,0.2453,0.262
"ETH","Ethiopia",2024,"ET2024DHS","RH_DELP_C_PUT",2,"Amhara_West Gojam",0.7497,0.7529,0.656,0.8274,0.1713,0.2112
"ETH","Ethiopia",2024,"ET2024DHS","RH_DELP_C_PUT",2,"Beneshangul Gumu_Asosa",0.7675,0.772,0.656,0.8598,0.2037,0.2682
"ETH","Ethiopia",2024,"ET2024DHS","RH_DELP_C_PUT",2,"Beneshangul Gumu_Kemashi",0.2592,0.251,0.1521,0.3932,0.241,0.2999
"ETH","Ethiopia",2024,"ET2024DHS","RH_DELP_C_PUT",2,"Beneshangul Gumu_Metekel",0.4802,0.4785,0.349,0.6149,0.2659,0.1713
"ETH","Ethiopia",2024,"ET2024DHS","RH_DELP_C_PUT",2,"Dire Dawa_Dire Dawa",0.743,0.7443,0.6649,0.8142,0.1494,0.1809
"ETH","Ethiopia",2024,"ET2024DHS","RH_DELP_C_PUT",2,"Gambela_Agnuak",0.7578,0.7655,0.6626,0.8366,0.174,0.2262
"ETH","Ethiopia",2024,"ET2024DHS","RH_DELP_C_PUT",2,"Gambela_Majang",0.6704,0.6724,0.5774,0.7548,0.1775,0.1647
"ETH","Ethiopia",2024,"ET2024DHS","RH_DELP_C_PUT",2,"Gambela_Nuer",0.5394,0.5411,0.4339,0.6357,0.2017,0.131
"ETH","Ethiopia",2024,"ET2024DHS","RH_DELP_C_PUT",2,"Hareri_Hareri",0.7321,0.7374,0.6282,0.8269,0.1987,0.2358
"ETH","Ethiopia",2024,"ET2024DHS","RH_DELP_C_PUT",2,"Oromia_Arsi",0.6668,0.6734,0.4932,0.8168,0.3236,0.311
"ETH","Ethiopia",2024,"ET2024DHS","RH_DELP_C_PUT",2,"Oromia_Bale",0.3935,0.3852,0.2143,0.5928,0.3785,0.3012
"ETH","Ethiopia",2024,"ET2024DHS","RH_DELP_C_PUT",2,"Oromia_Borena",0.2197,0.2146,0.13,0.3274,0.1973,0.284
"ETH","Ethiopia",2024,"ET2024DHS","RH_DELP_C_PUT",2,"Oromia_East Harerge",0.3252,0.321,0.2138,0.4557,0.2419,0.2361
"ETH","Ethiopia",2024,"ET2024DHS","RH_DELP_C_PUT",2,"Oromia_East Shewa",0.5181,0.5168,0.3777,0.6535,0.2758,0.1714
"ETH","Ethiopia",2024,"ET2024DHS","RH_DELP_C_PUT",2,"Oromia_East Wellega",0.7036,0.7149,0.4848,0.8805,0.3957,0.4218
"ETH","Ethiopia",2024,"ET2024DHS","RH_DELP_C_PUT",2,"Oromia_Guji",0.3376,0.3272,0.1796,0.5335,0.3539,0.3368
"ETH","Ethiopia",2024,"ET2024DHS","RH_DELP_C_PUT",2,"Oromia_Horo Guduru",0.7167,0.7279,0.5352,0.8694,0.3342,0.3822
"ETH","Ethiopia",2024,"ET2024DHS","RH_DELP_C_PUT",2,"Oromia_Ilubabor",0.6032,0.6032,0.4256,0.7696,0.344,0.2677
"ETH","Ethiopia",2024,"ET2024DHS","RH_DELP_C_PUT",2,"Oromia_Jimma",0.586,0.5897,0.3891,0.7685,0.3794,0.2744
"ETH","Ethiopia",2024,"ET2024DHS","RH_DELP_C_PUT",2,"Oromia_Kelem Wellega",0.4485,0.4451,0.1961,0.7236,0.5274,0.3652
"ETH","Ethiopia",2024,"ET2024DHS","RH_DELP_C_PUT",2,"Oromia_North Shewa(R4)",0.6016,0.6074,0.432,0.7479,0.3159,0.2513
"ETH","Ethiopia",2024,"ET2024DHS","RH_DELP_C_PUT",2,"Oromia_South West Shewa",0.6072,0.6122,0.4175,0.7816,0.3641,0.2868
"ETH","Ethiopia",2024,"ET2024DHS","RH_DELP_C_PUT",2,"Oromia_West Arsi",0.3714,0.3668,0.1956,0.5629,0.3673,0.3049
"ETH","Ethiopia",2024,"ET2024DHS","RH_DELP_C_PUT",2,"Oromia_West Harerge",0.3464,0.3508,0.1778,0.5345,0.3567,0.3023
"ETH","Ethiopia",2024,"ET2024DHS","RH_DELP_C_PUT",2,"Oromia_West Shewa",0.8461,0.8499,0.7801,0.8999,0.1199,0.2454
"ETH","Ethiopia",2024,"ET2024DHS","RH_DELP_C_PUT",2,"Oromia_West Wellega",0.7162,0.7331,0.4762,0.9013,0.4251,0.5051
"ETH","Ethiopia",2024,"ET2024DHS","RH_DELP_C_PUT",2,"SNNPR_Alaba",0.8295,0.8438,0.6745,0.9355,0.261,0.5337
"ETH","Ethiopia",2024,"ET2024DHS","RH_DELP_C_PUT",2,"SNNPR_Basketo",0.4201,0.4089,0.2077,0.6597,0.4521,0.3472
"ETH","Ethiopia",2024,"ET2024DHS","RH_DELP_C_PUT",2,"SNNPR_Bench Maji",0.5002,0.4983,0.3797,0.6269,0.2472,0.1542
"ETH","Ethiopia",2024,"ET2024DHS","RH_DELP_C_PUT",2,"SNNPR_Dawro",0.5025,0.5029,0.3418,0.6581,0.3164,0.1884
"ETH","Ethiopia",2024,"ET2024DHS","RH_DELP_C_PUT",2,"SNNPR_Gamo Gofa",0.4327,0.4318,0.2705,0.596,0.3255,0.2299
"ETH","Ethiopia",2024,"ET2024DHS","RH_DELP_C_PUT",2,"SNNPR_Gedio",0.4633,0.4639,0.343,0.5975,0.2546,0.167
"ETH","Ethiopia",2024,"ET2024DHS","RH_DELP_C_PUT",2,"SNNPR_Gurage",0.8367,0.8441,0.7262,0.919,0.1928,0.3742
"ETH","Ethiopia",2024,"ET2024DHS","RH_DELP_C_PUT",2,"SNNPR_Hadiya",0.5547,0.5549,0.442,0.6627,0.2207,0.1569
"ETH","Ethiopia",2024,"ET2024DHS","RH_DELP_C_PUT",2,"SNNPR_Keffa",0.6226,0.6283,0.4903,0.7388,0.2485,0.2067
"ETH","Ethiopia",2024,"ET2024DHS","RH_DELP_C_PUT",2,"SNNPR_Konta",0.6259,0.6355,0.3852,0.8312,0.446,0.3734
"ETH","Ethiopia",2024,"ET2024DHS","RH_DELP_C_PUT",2,"SNNPR_KT",0.8212,0.8297,0.6945,0.9155,0.221,0.4096
"ETH","Ethiopia",2024,"ET2024DHS","RH_DELP_C_PUT",2,"SNNPR_Segen Peoples'",0.6205,0.6241,0.4708,0.7573,0.2865,0.2274
"ETH","Ethiopia",2024,"ET2024DHS","RH_DELP_C_PUT",2,"SNNPR_Selti",0.8187,0.8351,0.6438,0.9252,0.2813,0.5189
"ETH","Ethiopia",2024,"ET2024DHS","RH_DELP_C_PUT",2,"SNNPR_Sheka",0.6324,0.6379,0.4113,0.8334,0.4221,0.3629
"ETH","Ethiopia",2024,"ET2024DHS","RH_DELP_C_PUT",2,"SNNPR_Sidama",0.596,0.597,0.5242,0.6704,0.1462,0.1076
"ETH","Ethiopia",2024,"ET2024DHS","RH_DELP_C_PUT",2,"SNNPR_South Omo",0.5945,0.5996,0.4304,0.7532,0.3228,0.2502
"ETH","Ethiopia",2024,"ET2024DHS","RH_DELP_C_PUT",2,"SNNPR_Wolayita",0.5715,0.5734,0.4528,0.6842,0.2314,0.1671
"ETH","Ethiopia",2024,"ET2024DHS","RH_DELP_C_PUT",2,"SNNPR_Yem",0.6941,0.7077,0.4663,0.8635,0.3972,0.4169
"ETH","Ethiopia",2024,"ET2024DHS","RH_DELP_C_PUT",2,"Somali_Afder",0.287,0.2728,0.1547,0.473,0.3183,0.3541
"ETH","Ethiopia",2024,"ET2024DHS","RH_DELP_C_PUT",2,"Somali_Doolo",0.2787,0.2708,0.1629,0.4212,0.2583,0.2956
"ETH","Ethiopia",2024,"ET2024DHS","RH_DELP_C_PUT",2,"Somali_Fafan",0.4215,0.4192,0.3147,0.5319,0.2171,0.1589
"ETH","Ethiopia",2024,"ET2024DHS","RH_DELP_C_PUT",2,"Somali_Jarar",0.2972,0.2922,0.181,0.4321,0.2511,0.259
"ETH","Ethiopia",2024,"ET2024DHS","RH_DELP_C_PUT",2,"Somali_Korahe",0.2023,0.1812,0.07159,0.3955,0.3239,0.5708
"ETH","Ethiopia",2024,"ET2024DHS","RH_DELP_C_PUT",2,"Somali_Liben",0.2708,0.2561,0.1009,0.5034,0.4025,0.4802
"ETH","Ethiopia",2024,"ET2024DHS","RH_DELP_C_PUT",2,"Somali_Nogob",0.4274,0.4258,0.3046,0.5485,0.2439,0.1741
"ETH","Ethiopia",2024,"ET2024DHS","RH_DELP_C_PUT",2,"Somali_Shabelle",0.2659,0.259,0.1427,0.4098,0.2671,0.316
"ETH","Ethiopia",2024,"ET2024DHS","RH_DELP_C_PUT",2,"Somali_Siti",0.4085,0.3975,0.1704,0.6679,0.4975,0.3859
"ETH","Ethiopia",2024,"ET2024DHS","RH_DELP_C_PUT",2,"Tigray_Central",0.6086,0.6084,0.4867,0.7231,0.2364,0.1849
"ETH","Ethiopia",2024,"ET2024DHS","RH_DELP_C_PUT",2,"Tigray_Eastern
",0.7275,0.7364,0.575,0.8501,0.2751,0.3155
"ETH","Ethiopia",2024,"ET2024DHS","RH_DELP_C_PUT",2,"Tigray_North Western",0.7762,0.78,0.6892,0.8513,0.1621,0.2243
"ETH","Ethiopia",2024,"ET2024DHS","RH_DELP_C_PUT",2,"Tigray_Southern",0.5437,0.5449,0.438,0.6427,0.2046,0.1363
"ETH","Ethiopia",2024,"ET2024DHS","RH_DELP_C_PUT",2,"Tigray_Western",0.7961,0.8107,0.6034,0.9302,0.3269,0.5361
"ETH","Ethiopia",2024,"ET2024DHS","RH_DELP_C_PRT",1,"Addis Ababa",0.1805,0.1805,0.1269,0.2502,0.1233,0.2072
"ETH","Ethiopia",2024,"ET2024DHS","RH_DELP_C_PRT",1,"Afar",0,0,NA,NA,NA,NA
"ETH","Ethiopia",2024,"ET2024DHS","RH_DELP_C_PRT",1,"Amhara",0.01207,0.01207,0.005401,0.02677,0.02137,0.4872
"ETH","Ethiopia",2024,"ET2024DHS","RH_DELP_C_PRT",1,"Beneshangul Gumu",0.003951,0.003951,0.0007546,0.02041,0.01965,1.004
"ETH","Ethiopia",2024,"ET2024DHS","RH_DELP_C_PRT",1,"Dire Dawa",0.07591,0.07591,0.05075,0.1121,0.06132,0.2413
"ETH","Ethiopia",2024,"ET2024DHS","RH_DELP_C_PRT",1,"Gambela",0.01891,0.01891,0.009356,0.03786,0.02851,0.4256
"ETH","Ethiopia",2024,"ET2024DHS","RH_DELP_C_PRT",1,"Hareri",0.04589,0.04589,0.02595,0.07992,0.05397,0.3428
"ETH","Ethiopia",2024,"ET2024DHS","RH_DELP_C_PRT",1,"Oromia",0.03173,0.03173,0.01802,0.05529,0.03728,0.3414
"ETH","Ethiopia",2024,"ET2024DHS","RH_DELP_C_PRT",1,"SNNPR",0.01395,0.01395,0.007356,0.02629,0.01894,0.3875
"ETH","Ethiopia",2024,"ET2024DHS","RH_DELP_C_PRT",1,"Somali",0.03983,0.03983,0.0141,0.1073,0.09324,0.6214
"ETH","Ethiopia",2024,"ET2024DHS","RH_DELP_C_PRT",1,"Tigray",0.02186,0.02186,0.01213,0.0391,0.02698,0.3563
"ETH","Ethiopia",2024,"ET2024DHS","RH_DELP_C_PRT",2,"Addis Ababa_Region 14",0.1831,0.1804,0.1292,0.2452,0.116,0.1991
"ETH","Ethiopia",2024,"ET2024DHS","RH_DELP_C_PRT",2,"Afar_Zone 1",0.01732,0.01512,0.006505,0.03511,0.02861,0.6263
"ETH","Ethiopia",2024,"ET2024DHS","RH_DELP_C_PRT",2,"Afar_Zone 2",0.01708,0.0145,0.005736,0.03648,0.03074,0.6911
"ETH","Ethiopia",2024,"ET2024DHS","RH_DELP_C_PRT",2,"Afar_Zone 3",0.01895,0.01642,0.006906,0.04022,0.03331,0.6556
"ETH","Ethiopia",2024,"ET2024DHS","RH_DELP_C_PRT",2,"Afar_Zone 4",0.009091,0.008148,0.003435,0.01823,0.0148,0.6101
"ETH","Ethiopia",2024,"ET2024DHS","RH_DELP_C_PRT",2,"Afar_Zone 5",0.02267,0.02005,0.009754,0.04603,0.03628,0.582
"ETH","Ethiopia",2024,"ET2024DHS","RH_DELP_C_PRT",2,"Amhara_Awi/Agew",0.01062,0.008731,0.003057,0.02388,0.02082,0.8263
"ETH","Ethiopia",2024,"ET2024DHS","RH_DELP_C_PRT",2,"Amhara_East Gojam",0.008167,0.00687,0.002374,0.01847,0.01609,0.784
"ETH","Ethiopia",2024,"ET2024DHS","RH_DELP_C_PRT",2,"Amhara_North Gonder",0.005534,0.00475,0.001848,0.01166,0.009815,0.7072
"ETH","Ethiopia",2024,"ET2024DHS","RH_DELP_C_PRT",2,"Amhara_North Shewa(R3)",0.008628,0.007194,0.002551,0.01979,0.01724,0.8128
"ETH","Ethiopia",2024,"ET2024DHS","RH_DELP_C_PRT",2,"Amhara_North Wollo",0.01905,0.01603,0.006774,0.04189,0.03511,0.7239
"ETH","Ethiopia",2024,"ET2024DHS","RH_DELP_C_PRT",2,"Amhara_Oromia",0.008093,0.00664,0.002209,0.01827,0.01607,0.8188
"ETH","Ethiopia",2024,"ET2024DHS","RH_DELP_C_PRT",2,"Amhara_South Gonder",0.01325,0.01123,0.004002,0.02978,0.02578,0.8093
"ETH","Ethiopia",2024,"ET2024DHS","RH_DELP_C_PRT",2,"Amhara_South Wollo",0.01756,0.01427,0.005583,0.04056,0.03498,0.829
"ETH","Ethiopia",2024,"ET2024DHS","RH_DELP_C_PRT",2,"Amhara_Special Woreda",0.01431,0.009032,0.002,0.04274,0.04074,1.966
"ETH","Ethiopia",2024,"ET2024DHS","RH_DELP_C_PRT",2,"Amhara_Wag Himra",0.007051,0.005673,0.001779,0.01687,0.01509,0.9195
"ETH","Ethiopia",2024,"ET2024DHS","RH_DELP_C_PRT",2,"Amhara_West Gojam",0.01034,0.008487,0.003079,0.02477,0.02169,0.8497
"ETH","Ethiopia",2024,"ET2024DHS","RH_DELP_C_PRT",2,"Beneshangul Gumu_Asosa",0.01646,0.01401,0.005219,0.03615,0.03093,0.7447
"ETH","Ethiopia",2024,"ET2024DHS","RH_DELP_C_PRT",2,"Beneshangul Gumu_Kemashi",0.02603,0.02272,0.01024,0.05553,0.04529,0.6053
"ETH","Ethiopia",2024,"ET2024DHS","RH_DELP_C_PRT",2,"Beneshangul Gumu_Metekel",0.01676,0.01333,0.003874,0.04122,0.03734,0.9521
"ETH","Ethiopia",2024,"ET2024DHS","RH_DELP_C_PRT",2,"Dire Dawa_Dire Dawa",0.07866,0.07649,0.05115,0.1124,0.06126,0.2529
"ETH","Ethiopia",2024,"ET2024DHS","RH_DELP_C_PRT",2,"Gambela_Agnuak",0.02103,0.01609,0.004964,0.05113,0.04616,1.043
"ETH","Ethiopia",2024,"ET2024DHS","RH_DELP_C_PRT",2,"Gambela_Majang",0.04609,0.04168,0.02007,0.08659,0.06652,0.4988
"ETH","Ethiopia",2024,"ET2024DHS","RH_DELP_C_PRT",2,"Gambela_Nuer",0.03228,0.02805,0.01122,0.06845,0.05723,0.6765
"ETH","Ethiopia",2024,"ET2024DHS","RH_DELP_C_PRT",2,"Hareri_Hareri",0.0484,0.04577,0.02683,0.07933,0.0525,0.3663
"ETH","Ethiopia",2024,"ET2024DHS","RH_DELP_C_PRT",2,"Oromia_Arsi",0.02465,0.02078,0.007868,0.05374,0.04588,0.7309
"ETH","Ethiopia",2024,"ET2024DHS","RH_DELP_C_PRT",2,"Oromia_Bale",0.01032,0.008496,0.003007,0.02284,0.01984,0.7883
"ETH","Ethiopia",2024,"ET2024DHS","RH_DELP_C_PRT",2,"Oromia_Borena",0.009514,0.007878,0.002523,0.02151,0.01899,0.8301
"ETH","Ethiopia",2024,"ET2024DHS","RH_DELP_C_PRT",2,"Oromia_East Harerge",0.02155,0.01789,0.006784,0.04794,0.04116,0.7696
"ETH","Ethiopia",2024,"ET2024DHS","RH_DELP_C_PRT",2,"Oromia_East Shewa",0.0528,0.04599,0.0199,0.1087,0.08883,0.6486
"ETH","Ethiopia",2024,"ET2024DHS","RH_DELP_C_PRT",2,"Oromia_East Wellega",0.01518,0.0132,0.004633,0.03285,0.02822,0.7499
"ETH","Ethiopia",2024,"ET2024DHS","RH_DELP_C_PRT",2,"Oromia_Guji",0.009159,0.007714,0.002969,0.01964,0.01667,0.7384
"ETH","Ethiopia",2024,"ET2024DHS","RH_DELP_C_PRT",2,"Oromia_Horo Guduru",0.01374,0.01143,0.003911,0.03112,0.02721,0.7831
"ETH","Ethiopia",2024,"ET2024DHS","RH_DELP_C_PRT",2,"Oromia_Ilubabor",0.03257,0.0282,0.01227,0.06851,0.05624,0.6728
"ETH","Ethiopia",2024,"ET2024DHS","RH_DELP_C_PRT",2,"Oromia_Jimma",0.009805,0.008372,0.002695,0.02179,0.01909,0.7417
"ETH","Ethiopia",2024,"ET2024DHS","RH_DELP_C_PRT",2,"Oromia_Kelem Wellega",0.0107,0.008633,0.002605,0.0261,0.02349,0.8929
"ETH","Ethiopia",2024,"ET2024DHS","RH_DELP_C_PRT",2,"Oromia_North Shewa(R4)",0.07335,0.06584,0.02869,0.1418,0.1131,0.556
"ETH","Ethiopia",2024,"ET2024DHS","RH_DELP_C_PRT",2,"Oromia_South West Shewa",0.1013,0.1002,0.07332,0.1351,0.06177,0.1888
"ETH","Ethiopia",2024,"ET2024DHS","RH_DELP_C_PRT",2,"Oromia_West Arsi",0.009469,0.008346,0.00272,0.01999,0.01727,0.6524
"ETH","Ethiopia",2024,"ET2024DHS","RH_DELP_C_PRT",2,"Oromia_West Harerge",0.04997,0.04502,0.02336,0.0908,0.06744,0.4978
"ETH","Ethiopia",2024,"ET2024DHS","RH_DELP_C_PRT",2,"Oromia_West Shewa",0.03546,0.03233,0.0152,0.06423,0.04904,0.4858
"ETH","Ethiopia",2024,"ET2024DHS","RH_DELP_C_PRT",2,"Oromia_West Wellega",0.0138,0.01163,0.003964,0.03122,0.02725,0.7992
"ETH","Ethiopia",2024,"ET2024DHS","RH_DELP_C_PRT",2,"SNNPR_Alaba",0.01991,0.01798,0.008037,0.03753,0.0295,0.572
"ETH","Ethiopia",2024,"ET2024DHS","RH_DELP_C_PRT",2,"SNNPR_Basketo",0.02118,0.0187,0.008088,0.04281,0.03472,0.6366
"ETH","Ethiopia",2024,"ET2024DHS","RH_DELP_C_PRT",2,"SNNPR_Bench Maji",0.0123,0.0107,0.004233,0.02533,0.0211,0.6959
"ETH","Ethiopia",2024,"ET2024DHS","RH_DELP_C_PRT",2,"SNNPR_Dawro",0.01502,0.01287,0.005113,0.03071,0.02559,0.6763
"ETH","Ethiopia",2024,"ET2024DHS","RH_DELP_C_PRT",2,"SNNPR_Gamo Gofa",0.01205,0.01051,0.00383,0.02546,0.02163,0.7123
"ETH","Ethiopia",2024,"ET2024DHS","RH_DELP_C_PRT",2,"SNNPR_Gedio",0.01862,0.01579,0.006403,0.04184,0.03544,0.7135
"ETH","Ethiopia",2024,"ET2024DHS","RH_DELP_C_PRT",2,"SNNPR_Gurage",0.01312,0.01112,0.004439,0.02776,0.02332,0.696
"ETH","Ethiopia",2024,"ET2024DHS","RH_DELP_C_PRT",2,"SNNPR_Hadiya",0.01477,0.01248,0.004805,0.03118,0.02638,0.6929
"ETH","Ethiopia",2024,"ET2024DHS","RH_DELP_C_PRT",2,"SNNPR_Keffa",0.01284,0.01145,0.004279,0.026,0.02173,0.6498
"ETH","Ethiopia",2024,"ET2024DHS","RH_DELP_C_PRT",2,"SNNPR_Konta",0.02434,0.02235,0.01032,0.0455,0.03518,0.5181
"ETH","Ethiopia",2024,"ET2024DHS","RH_DELP_C_PRT",2,"SNNPR_KT",0.02024,0.0164,0.006163,0.04652,0.04036,0.8407
"ETH","Ethiopia",2024,"ET2024DHS","RH_DELP_C_PRT",2,"SNNPR_Segen Peoples'",0.01151,0.009798,0.003383,0.02604,0.02266,0.7399
"ETH","Ethiopia",2024,"ET2024DHS","RH_DELP_C_PRT",2,"SNNPR_Selti",0.01666,0.01505,0.00571,0.03392,0.02821,0.6158
"ETH","Ethiopia",2024,"ET2024DHS","RH_DELP_C_PRT",2,"SNNPR_Sheka",0.02117,0.01864,0.008009,0.04086,0.03285,0.587
"ETH","Ethiopia",2024,"ET2024DHS","RH_DELP_C_PRT",2,"SNNPR_Sidama",0.0275,0.02445,0.01083,0.05619,0.04535,0.5951
"ETH","Ethiopia",2024,"ET2024DHS","RH_DELP_C_PRT",2,"SNNPR_South Omo",0.0123,0.01074,0.004077,0.02585,0.02177,0.6411
"ETH","Ethiopia",2024,"ET2024DHS","RH_DELP_C_PRT",2,"SNNPR_Wolayita",0.02741,0.02445,0.01244,0.05157,0.03913,0.5226
"ETH","Ethiopia",2024,"ET2024DHS","RH_DELP_C_PRT",2,"SNNPR_Yem",0.01016,0.008998,0.004123,0.01947,0.01534,0.5656
"ETH","Ethiopia",2024,"ET2024DHS","RH_DELP_C_PRT",2,"Somali_Afder",0.01477,0.01297,0.004906,0.03206,0.02715,0.6712
"ETH","Ethiopia",2024,"ET2024DHS","RH_DELP_C_PRT",2,"Somali_Doolo",0.02339,0.02064,0.008637,0.04721,0.03857,0.629
"ETH","Ethiopia",2024,"ET2024DHS","RH_DELP_C_PRT",2,"Somali_Fafan",0.07648,0.06778,0.02923,0.1527,0.1234,0.5844
"ETH","Ethiopia",2024,"ET2024DHS","RH_DELP_C_PRT",2,"Somali_Jarar",0.01908,0.01692,0.006984,0.03797,0.03099,0.5905
"ETH","Ethiopia",2024,"ET2024DHS","RH_DELP_C_PRT",2,"Somali_Korahe",0.02343,0.02024,0.008563,0.04901,0.04044,0.6519
"ETH","Ethiopia",2024,"ET2024DHS","RH_DELP_C_PRT",2,"Somali_Liben",0.008726,0.007592,0.002605,0.01903,0.01643,0.7057
"ETH","Ethiopia",2024,"ET2024DHS","RH_DELP_C_PRT",2,"Somali_Nogob",0.02391,0.02068,0.009466,0.05046,0.04099,0.6325
"ETH","Ethiopia",2024,"ET2024DHS","RH_DELP_C_PRT",2,"Somali_Shabelle",0.01729,0.0151,0.006113,0.0356,0.02949,0.6952
"ETH","Ethiopia",2024,"ET2024DHS","RH_DELP_C_PRT",2,"Somali_Siti",0.03202,0.02597,0.008709,0.07487,0.06617,0.9105
"ETH","Ethiopia",2024,"ET2024DHS","RH_DELP_C_PRT",2,"Tigray_Central",0.01735,0.01429,0.004709,0.04009,0.03538,0.8386
"ETH","Ethiopia",2024,"ET2024DHS","RH_DELP_C_PRT",2,"Tigray_Eastern
",0.01541,0.01324,0.004758,0.03423,0.02947,0.7062
"ETH","Ethiopia",2024,"ET2024DHS","RH_DELP_C_PRT",2,"Tigray_North Western",0.0187,0.01633,0.006237,0.03899,0.03275,0.6762
"ETH","Ethiopia",2024,"ET2024DHS","RH_DELP_C_PRT",2,"Tigray_Southern",0.04403,0.04157,0.02151,0.07681,0.0553,0.4166
"ETH","Ethiopia",2024,"ET2024DHS","RH_DELP_C_PRT",2,"Tigray_Western",0.01808,0.0146,0.005372,0.04496,0.03959,0.8778
"ETH","Ethiopia",2024,"ET2024DHS","RH_DELP_C_HOT",1,"Addis Ababa",0.02058,0.02058,0.007685,0.05395,0.04627,0.5944
"ETH","Ethiopia",2024,"ET2024DHS","RH_DELP_C_HOT",1,"Afar",0.665,0.665,0.5961,0.7275,0.1314,0.1198
"ETH","Ethiopia",2024,"ET2024DHS","RH_DELP_C_HOT",1,"Amhara",0.2543,0.2543,0.2052,0.3106,0.1054,0.1262
"ETH","Ethiopia",2024,"ET2024DHS","RH_DELP_C_HOT",1,"Beneshangul Gumu",0.3805,0.3805,0.2927,0.4769,0.1842,0.1487
"ETH","Ethiopia",2024,"ET2024DHS","RH_DELP_C_HOT",1,"Dire Dawa",0.1704,0.1704,0.115,0.2453,0.1303,0.2312
"ETH","Ethiopia",2024,"ET2024DHS","RH_DELP_C_HOT",1,"Gambela",0.279,0.279,0.2237,0.3418,0.1181,0.1291
"ETH","Ethiopia",2024,"ET2024DHS","RH_DELP_C_HOT",1,"Hareri",0.2096,0.2096,0.1303,0.3195,0.1891,0.2743
"ETH","Ethiopia",2024,"ET2024DHS","RH_DELP_C_HOT",1,"Oromia",0.4587,0.4587,0.3861,0.5331,0.147,0.09811
"ETH","Ethiopia",2024,"ET2024DHS","RH_DELP_C_HOT",1,"SNNPR",0.3968,0.3968,0.3484,0.4473,0.09894,0.07603
"ETH","Ethiopia",2024,"ET2024DHS","RH_DELP_C_HOT",1,"Somali",0.6481,0.6481,0.5632,0.7246,0.1615,0.1406
"ETH","Ethiopia",2024,"ET2024DHS","RH_DELP_C_HOT",1,"Tigray",0.3131,0.3131,0.2584,0.3736,0.1152,0.1122
"ETH","Ethiopia",2024,"ET2024DHS","RH_DELP_C_HOT",2,"Addis Ababa_Region 14",0.02456,0.02082,0.008117,0.05414,0.04602,0.7149
"ETH","Ethiopia",2024,"ET2024DHS","RH_DELP_C_HOT",2,"Afar_Zone 1",0.5954,0.5981,0.4618,0.7183,0.2565,0.1959
"ETH","Ethiopia",2024,"ET2024DHS","RH_DELP_C_HOT",2,"Afar_Zone 2",0.7467,0.7495,0.666,0.8143,0.1482,0.1855
"ETH","Ethiopia",2024,"ET2024DHS","RH_DELP_C_HOT",2,"Afar_Zone 3",0.5823,0.5821,0.4414,0.7292,0.2878,0.2031
"ETH","Ethiopia",2024,"ET2024DHS","RH_DELP_C_HOT",2,"Afar_Zone 4",0.9277,0.9349,0.8604,0.9741,0.1137,0.5706
"ETH","Ethiopia",2024,"ET2024DHS","RH_DELP_C_HOT",2,"Afar_Zone 5",0.5899,0.6008,0.3527,0.8012,0.4484,0.3447
"ETH","Ethiopia",2024,"ET2024DHS","RH_DELP_C_HOT",2,"Amhara_Awi/Agew",0.2353,0.216,0.07703,0.4579,0.3809,0.5492
"ETH","Ethiopia",2024,"ET2024DHS","RH_DELP_C_HOT",2,"Amhara_East Gojam",0.1887,0.1766,0.08249,0.3434,0.2609,0.4489
"ETH","Ethiopia",2024,"ET2024DHS","RH_DELP_C_HOT",2,"Amhara_North Gonder",0.2213,0.2132,0.1209,0.3532,0.2323,0.3338
"ETH","Ethiopia",2024,"ET2024DHS","RH_DELP_C_HOT",2,"Amhara_North Shewa(R3)",0.3549,0.3489,0.1911,0.5258,0.3346,0.2929
"ETH","Ethiopia",2024,"ET2024DHS","RH_DELP_C_HOT",2,"Amhara_North Wollo",0.3141,0.3081,0.191,0.4649,0.2739,0.277
"ETH","Ethiopia",2024,"ET2024DHS","RH_DELP_C_HOT",2,"Amhara_Oromia",0.2262,0.2218,0.1448,0.3228,0.1781,0.2467
"ETH","Ethiopia",2024,"ET2024DHS","RH_DELP_C_HOT",2,"Amhara_South Gonder",0.273,0.2686,0.1635,0.4105,0.247,0.2824
"ETH","Ethiopia",2024,"ET2024DHS","RH_DELP_C_HOT",2,"Amhara_South Wollo",0.2411,0.2291,0.118,0.413,0.295,0.397
"ETH","Ethiopia",2024,"ET2024DHS","RH_DELP_C_HOT",2,"Amhara_Special Woreda",0.2786,0.2435,0.04725,0.6284,0.5812,0.7586
"ETH","Ethiopia",2024,"ET2024DHS","RH_DELP_C_HOT",2,"Amhara_Wag Himra",0.7052,0.711,0.5682,0.8216,0.2534,0.2643
"ETH","Ethiopia",2024,"ET2024DHS","RH_DELP_C_HOT",2,"Amhara_West Gojam",0.2391,0.2362,0.1629,0.328,0.1651,0.2152
"ETH","Ethiopia",2024,"ET2024DHS","RH_DELP_C_HOT",2,"Beneshangul Gumu_Asosa",0.2266,0.2213,0.1397,0.3336,0.194,0.2697
"ETH","Ethiopia",2024,"ET2024DHS","RH_DELP_C_HOT",2,"Beneshangul Gumu_Kemashi",0.6901,0.6968,0.5356,0.8269,0.2913,0.2952
"ETH","Ethiopia",2024,"ET2024DHS","RH_DELP_C_HOT",2,"Beneshangul Gumu_Metekel",0.4998,0.5003,0.3525,0.6346,0.2821,0.1697
"ETH","Ethiopia",2024,"ET2024DHS","RH_DELP_C_HOT",2,"Dire Dawa_Dire Dawa",0.1723,0.1686,0.1154,0.2435,0.1281,0.239
"ETH","Ethiopia",2024,"ET2024DHS","RH_DELP_C_HOT",2,"Gambela_Agnuak",0.2275,0.224,0.1511,0.3184,0.1674,0.2346
"ETH","Ethiopia",2024,"ET2024DHS","RH_DELP_C_HOT",2,"Gambela_Majang",0.2824,0.278,0.1944,0.3915,0.1971,0.216
"ETH","Ethiopia",2024,"ET2024DHS","RH_DELP_C_HOT",2,"Gambela_Nuer",0.4364,0.4337,0.3491,0.536,0.1869,0.1295
"ETH","Ethiopia",2024,"ET2024DHS","RH_DELP_C_HOT",2,"Hareri_Hareri",0.2193,0.2138,0.135,0.3202,0.1852,0.2694
"ETH","Ethiopia",2024,"ET2024DHS","RH_DELP_C_HOT",2,"Oromia_Arsi",0.3022,0.2982,0.1505,0.4794,0.3289,0.3331
"ETH","Ethiopia",2024,"ET2024DHS","RH_DELP_C_HOT",2,"Oromia_Bale",0.6034,0.6109,0.3931,0.7847,0.3916,0.3135
"ETH","Ethiopia",2024,"ET2024DHS","RH_DELP_C_HOT",2,"Oromia_Borena",0.7807,0.7867,0.6726,0.8683,0.1957,0.2805
"ETH","Ethiopia",2024,"ET2024DHS","RH_DELP_C_HOT",2,"Oromia_East Harerge",0.6596,0.6629,0.5169,0.7801,0.2632,0.2331
"ETH","Ethiopia",2024,"ET2024DHS","RH_DELP_C_HOT",2,"Oromia_East Shewa",0.376,0.3701,0.2333,0.5355,0.3022,0.2534
"ETH","Ethiopia",2024,"ET2024DHS","RH_DELP_C_HOT",2,"Oromia_East Wellega",0.2883,0.2732,0.1124,0.5211,0.4087,0.4605
"ETH","Ethiopia",2024,"ET2024DHS","RH_DELP_C_HOT",2,"Oromia_Guji",0.6622,0.6697,0.4664,0.8253,0.3589,0.3273
"ETH","Ethiopia",2024,"ET2024DHS","RH_DELP_C_HOT",2,"Oromia_Horo Guduru",0.2783,0.267,0.1313,0.4674,0.3362,0.3875
"ETH","Ethiopia",2024,"ET2024DHS","RH_DELP_C_HOT",2,"Oromia_Ilubabor",0.4132,0.4076,0.1967,0.6352,0.4385,0.3204
"ETH","Ethiopia",2024,"ET2024DHS","RH_DELP_C_HOT",2,"Oromia_Jimma",0.4076,0.3985,0.2283,0.6054,0.377,0.2924
"ETH","Ethiopia",2024,"ET2024DHS","RH_DELP_C_HOT",2,"Oromia_Kelem Wellega",0.8356,0.8369,0.7885,0.8783,0.08974,0.1676
"ETH","Ethiopia",2024,"ET2024DHS","RH_DELP_C_HOT",2,"Oromia_North Shewa(R4)",0.2994,0.2889,0.1254,0.5095,0.3841,0.4025
"ETH","Ethiopia",2024,"ET2024DHS","RH_DELP_C_HOT",2,"Oromia_South West Shewa",0.3241,0.3101,0.1454,0.5321,0.3867,0.3915
"ETH","Ethiopia",2024,"ET2024DHS","RH_DELP_C_HOT",2,"Oromia_West Arsi",0.6257,0.6272,0.4411,0.8156,0.3745,0.3091
"ETH","Ethiopia",2024,"ET2024DHS","RH_DELP_C_HOT",2,"Oromia_West Harerge",0.6331,0.6382,0.4841,0.7705,0.2864,0.2396
"ETH","Ethiopia",2024,"ET2024DHS","RH_DELP_C_HOT",2,"Oromia_West Shewa",0.1455,0.1352,0.06464,0.2553,0.1907,0.4457
"ETH","Ethiopia",2024,"ET2024DHS","RH_DELP_C_HOT",2,"Oromia_West Wellega",0.3255,0.3051,0.1284,0.5952,0.4668,0.4793
"ETH","Ethiopia",2024,"ET2024DHS","RH_DELP_C_HOT",2,"SNNPR_Alaba",0.147,0.1276,0.05136,0.2964,0.2451,0.6087
"ETH","Ethiopia",2024,"ET2024DHS","RH_DELP_C_HOT",2,"SNNPR_Basketo",0.587,0.5885,0.3442,0.8167,0.4725,0.3458
"ETH","Ethiopia",2024,"ET2024DHS","RH_DELP_C_HOT",2,"SNNPR_Bench Maji",0.5032,0.5061,0.3696,0.6331,0.2635,0.158
"ETH","Ethiopia",2024,"ET2024DHS","RH_DELP_C_HOT",2,"SNNPR_Dawro",0.4892,0.4881,0.3393,0.6444,0.3051,0.189
"ETH","Ethiopia",2024,"ET2024DHS","RH_DELP_C_HOT",2,"SNNPR_Gamo Gofa",0.563,0.5689,0.3997,0.7186,0.3189,0.2259
"ETH","Ethiopia",2024,"ET2024DHS","RH_DELP_C_HOT",2,"SNNPR_Gedio",0.5155,0.5149,0.3671,0.6625,0.2954,0.1851
"ETH","Ethiopia",2024,"ET2024DHS","RH_DELP_C_HOT",2,"SNNPR_Gurage",0.1414,0.132,0.07336,0.2347,0.1613,0.3916
"ETH","Ethiopia",2024,"ET2024DHS","RH_DELP_C_HOT",2,"SNNPR_Hadiya",0.44,0.44,0.3251,0.5602,0.2351,0.1661
"ETH","Ethiopia",2024,"ET2024DHS","RH_DELP_C_HOT",2,"SNNPR_Keffa",0.3737,0.3698,0.249,0.5023,0.2532,0.2118
"ETH","Ethiopia",2024,"ET2024DHS","RH_DELP_C_HOT",2,"SNNPR_Konta",0.3631,0.3507,0.153,0.6033,0.4504,0.4041
"ETH","Ethiopia",2024,"ET2024DHS","RH_DELP_C_HOT",2,"SNNPR_KT",0.1614,0.146,0.06588,0.2916,0.2257,0.4901
"ETH","Ethiopia",2024,"ET2024DHS","RH_DELP_C_HOT",2,"SNNPR_Segen Peoples'",0.3194,0.3148,0.2057,0.4555,0.2497,0.2435
"ETH","Ethiopia",2024,"ET2024DHS","RH_DELP_C_HOT",2,"SNNPR_Selti",0.1635,0.1461,0.06333,0.3133,0.25,0.5481
"ETH","Ethiopia",2024,"ET2024DHS","RH_DELP_C_HOT",2,"SNNPR_Sheka",0.3682,0.354,0.1654,0.6136,0.4483,0.3843
"ETH","Ethiopia",2024,"ET2024DHS","RH_DELP_C_HOT",2,"SNNPR_Sidama",0.3516,0.3498,0.2863,0.4209,0.1346,0.1184
"ETH","Ethiopia",2024,"ET2024DHS","RH_DELP_C_HOT",2,"SNNPR_South Omo",0.3955,0.3869,0.2419,0.5684,0.3265,0.2567
"ETH","Ethiopia",2024,"ET2024DHS","RH_DELP_C_HOT",2,"SNNPR_Wolayita",0.3819,0.3791,0.2581,0.5219,0.2639,0.2109
"ETH","Ethiopia",2024,"ET2024DHS","RH_DELP_C_HOT",2,"SNNPR_Yem",0.2894,0.2713,0.1206,0.5117,0.3911,0.4354
"ETH","Ethiopia",2024,"ET2024DHS","RH_DELP_C_HOT",2,"Somali_Afder",0.7156,0.7241,0.5413,0.8491,0.3078,0.3403
"ETH","Ethiopia",2024,"ET2024DHS","RH_DELP_C_HOT",2,"Somali_Doolo",0.7202,0.728,0.5876,0.8415,0.2539,0.2869
"ETH","Ethiopia",2024,"ET2024DHS","RH_DELP_C_HOT",2,"Somali_Fafan",0.4805,0.4846,0.3172,0.6333,0.3161,0.1976
"ETH","Ethiopia",2024,"ET2024DHS","RH_DELP_C_HOT",2,"Somali_Jarar",0.6984,0.7036,0.5604,0.8183,0.258,0.2713
"ETH","Ethiopia",2024,"ET2024DHS","RH_DELP_C_HOT",2,"Somali_Korahe",0.8005,0.823,0.6004,0.934,0.3336,0.5868
"ETH","Ethiopia",2024,"ET2024DHS","RH_DELP_C_HOT",2,"Somali_Liben",0.7363,0.7556,0.5094,0.9044,0.395,0.5097
"ETH","Ethiopia",2024,"ET2024DHS","RH_DELP_C_HOT",2,"Somali_Nogob",0.5628,0.5693,0.4351,0.6712,0.2361,0.166
"ETH","Ethiopia",2024,"ET2024DHS","RH_DELP_C_HOT",2,"Somali_Shabelle",0.7326,0.7447,0.5727,0.8509,0.2782,0.3362
"ETH","Ethiopia",2024,"ET2024DHS","RH_DELP_C_HOT",2,"Somali_Siti",0.5725,0.5852,0.2886,0.8313,0.5427,0.3941
"ETH","Ethiopia",2024,"ET2024DHS","RH_DELP_C_HOT",2,"Tigray_Central",0.3724,0.3704,0.2586,0.507,0.2484,0.2025
"ETH","Ethiopia",2024,"ET2024DHS","RH_DELP_C_HOT",2,"Tigray_Eastern
",0.2622,0.251,0.1416,0.4214,0.2798,0.3417
"ETH","Ethiopia",2024,"ET2024DHS","RH_DELP_C_HOT",2,"Tigray_North Western",0.1951,0.1911,0.1172,0.2856,0.1683,0.2698
"ETH","Ethiopia",2024,"ET2024DHS","RH_DELP_C_HOT",2,"Tigray_Southern",0.403,0.4002,0.2946,0.5181,0.2235,0.1697
"ETH","Ethiopia",2024,"ET2024DHS","RH_DELP_C_HOT",2,"Tigray_Western",0.1975,0.1806,0.06953,0.3758,0.3062,0.5206
"ETH","Ethiopia",2024,"ET2024DHS","RH_PCCT_C_DY2",1,"Addis Ababa",0.6215,0.6215,0.556,0.6829,0.1269,0.1024
"ETH","Ethiopia",2024,"ET2024DHS","RH_PCCT_C_DY2",1,"Afar",0.1576,0.1576,0.1109,0.2192,0.1084,0.2079
"ETH","Ethiopia",2024,"ET2024DHS","RH_PCCT_C_DY2",1,"Amhara",0.3497,0.3497,0.3015,0.4012,0.09971,0.08692
"ETH","Ethiopia",2024,"ET2024DHS","RH_PCCT_C_DY2",1,"Beneshangul Gumu",0.1843,0.1843,0.1373,0.2427,0.1053,0.1735
"ETH","Ethiopia",2024,"ET2024DHS","RH_PCCT_C_DY2",1,"Dire Dawa",0.4342,0.4342,0.3728,0.4977,0.1249,0.08792
"ETH","Ethiopia",2024,"ET2024DHS","RH_PCCT_C_DY2",1,"Gambela",0.3953,0.3953,0.3376,0.4561,0.1185,0.09154
"ETH","Ethiopia",2024,"ET2024DHS","RH_PCCT_C_DY2",1,"Hareri",0.3083,0.3083,0.2388,0.3877,0.1489,0.1476
"ETH","Ethiopia",2024,"ET2024DHS","RH_PCCT_C_DY2",1,"Oromia",0.2829,0.2829,0.2271,0.3463,0.1192,0.1285
"ETH","Ethiopia",2024,"ET2024DHS","RH_PCCT_C_DY2",1,"SNNPR",0.29,0.29,0.259,0.323,0.06402,0.06717
"ETH","Ethiopia",2024,"ET2024DHS","RH_PCCT_C_DY2",1,"Somali",0.1013,0.1013,0.06303,0.159,0.09594,0.2822
"ETH","Ethiopia",2024,"ET2024DHS","RH_PCCT_C_DY2",1,"Tigray",0.2674,0.2674,0.2255,0.3139,0.08846,0.1007
"ETH","Ethiopia",2024,"ET2024DHS","RH_PCCT_C_DY2",2,"Addis Ababa_Region 14",0.6215,0.6225,0.5567,0.6839,0.1272,0.1021
"ETH","Ethiopia",2024,"ET2024DHS","RH_PCCT_C_DY2",2,"Afar_Zone 1",0.1617,0.1564,0.08976,0.2486,0.1588,0.3069
"ETH","Ethiopia",2024,"ET2024DHS","RH_PCCT_C_DY2",2,"Afar_Zone 2",0.1672,0.1603,0.0934,0.2574,0.164,0.3225
"ETH","Ethiopia",2024,"ET2024DHS","RH_PCCT_C_DY2",2,"Afar_Zone 3",0.1754,0.1685,0.09421,0.2791,0.1849,0.3433
"ETH","Ethiopia",2024,"ET2024DHS","RH_PCCT_C_DY2",2,"Afar_Zone 4",0.1143,0.1075,0.0494,0.1993,0.1499,0.4475
"ETH","Ethiopia",2024,"ET2024DHS","RH_PCCT_C_DY2",2,"Afar_Zone 5",0.1612,0.1558,0.08254,0.2583,0.1758,0.3525
"ETH","Ethiopia",2024,"ET2024DHS","RH_PCCT_C_DY2",2,"Amhara_Awi/Agew",0.3194,0.3133,0.2006,0.468,0.2674,0.2609
"ETH","Ethiopia",2024,"ET2024DHS","RH_PCCT_C_DY2",2,"Amhara_East Gojam",0.358,0.3567,0.2157,0.5162,0.3006,0.2589
"ETH","Ethiopia",2024,"ET2024DHS","RH_PCCT_C_DY2",2,"Amhara_North Gonder",0.3852,0.3816,0.2716,0.507,0.2354,0.1834
"ETH","Ethiopia",2024,"ET2024DHS","RH_PCCT_C_DY2",2,"Amhara_North Shewa(R3)",0.2655,0.2616,0.153,0.4001,0.2472,0.2913
"ETH","Ethiopia",2024,"ET2024DHS","RH_PCCT_C_DY2",2,"Amhara_North Wollo",0.3374,0.3333,0.25,0.4336,0.1836,0.1647
"ETH","Ethiopia",2024,"ET2024DHS","RH_PCCT_C_DY2",2,"Amhara_Oromia",0.323,0.3217,0.2735,0.3737,0.1002,0.09587
"ETH","Ethiopia",2024,"ET2024DHS","RH_PCCT_C_DY2",2,"Amhara_South Gonder",0.3021,0.3,0.2029,0.4213,0.2184,0.2223
"ETH","Ethiopia",2024,"ET2024DHS","RH_PCCT_C_DY2",2,"Amhara_South Wollo",0.398,0.3926,0.2564,0.5521,0.2957,0.2313
"ETH","Ethiopia",2024,"ET2024DHS","RH_PCCT_C_DY2",2,"Amhara_Special Woreda",0.3463,0.3315,0.1312,0.614,0.4828,0.443
"ETH","Ethiopia",2024,"ET2024DHS","RH_PCCT_C_DY2",2,"Amhara_Wag Himra",0.1738,0.1737,0.1467,0.2008,0.05411,0.09873
"ETH","Ethiopia",2024,"ET2024DHS","RH_PCCT_C_DY2",2,"Amhara_West Gojam",0.3747,0.3745,0.2943,0.4577,0.1635,0.1342
"ETH","Ethiopia",2024,"ET2024DHS","RH_PCCT_C_DY2",2,"Beneshangul Gumu_Asosa",0.2607,0.2601,0.1938,0.3291,0.1353,0.1642
"ETH","Ethiopia",2024,"ET2024DHS","RH_PCCT_C_DY2",2,"Beneshangul Gumu_Kemashi",0.1443,0.1399,0.0919,0.2117,0.1198,0.264
"ETH","Ethiopia",2024,"ET2024DHS","RH_PCCT_C_DY2",2,"Beneshangul Gumu_Metekel",0.1216,0.1175,0.07251,0.1872,0.1147,0.3026
"ETH","Ethiopia",2024,"ET2024DHS","RH_PCCT_C_DY2",2,"Dire Dawa_Dire Dawa",0.4318,0.43,0.3709,0.4961,0.1251,0.09025
"ETH","Ethiopia",2024,"ET2024DHS","RH_PCCT_C_DY2",2,"Gambela_Agnuak",0.4356,0.4347,0.3622,0.5151,0.1528,0.1053
"ETH","Ethiopia",2024,"ET2024DHS","RH_PCCT_C_DY2",2,"Gambela_Majang",0.4366,0.4358,0.331,0.5466,0.2156,0.1486
"ETH","Ethiopia",2024,"ET2024DHS","RH_PCCT_C_DY2",2,"Gambela_Nuer",0.2681,0.2654,0.1949,0.352,0.1571,0.1757
"ETH","Ethiopia",2024,"ET2024DHS","RH_PCCT_C_DY2",2,"Hareri_Hareri",0.3086,0.3055,0.2399,0.3872,0.1472,0.1448
"ETH","Ethiopia",2024,"ET2024DHS","RH_PCCT_C_DY2",2,"Oromia_Arsi",0.3824,0.3772,0.2626,0.5137,0.2511,0.2066
"ETH","Ethiopia",2024,"ET2024DHS","RH_PCCT_C_DY2",2,"Oromia_Bale",0.1778,0.1715,0.1043,0.2722,0.1679,0.2998
"ETH","Ethiopia",2024,"ET2024DHS","RH_PCCT_C_DY2",2,"Oromia_Borena",0.1796,0.1696,0.07541,0.3178,0.2424,0.4333
"ETH","Ethiopia",2024,"ET2024DHS","RH_PCCT_C_DY2",2,"Oromia_East Harerge",0.2073,0.1959,0.1069,0.345,0.2381,0.3722
"ETH","Ethiopia",2024,"ET2024DHS","RH_PCCT_C_DY2",2,"Oromia_East Shewa",0.3323,0.333,0.2063,0.4714,0.265,0.2425
"ETH","Ethiopia",2024,"ET2024DHS","RH_PCCT_C_DY2",2,"Oromia_East Wellega",0.3703,0.3681,0.2483,0.5096,0.2613,0.2211
"ETH","Ethiopia",2024,"ET2024DHS","RH_PCCT_C_DY2",2,"Oromia_Guji",0.1687,0.1639,0.08524,0.2753,0.1901,0.3686
"ETH","Ethiopia",2024,"ET2024DHS","RH_PCCT_C_DY2",2,"Oromia_Horo Guduru",0.3463,0.3407,0.2041,0.4972,0.293,0.2614
"ETH","Ethiopia",2024,"ET2024DHS","RH_PCCT_C_DY2",2,"Oromia_Ilubabor",0.3385,0.3335,0.2005,0.486,0.2855,0.2703
"ETH","Ethiopia",2024,"ET2024DHS","RH_PCCT_C_DY2",2,"Oromia_Jimma",0.3572,0.3519,0.2453,0.4808,0.2355,0.2076
"ETH","Ethiopia",2024,"ET2024DHS","RH_PCCT_C_DY2",2,"Oromia_Kelem Wellega",0.2649,0.2536,0.1066,0.4637,0.357,0.428
"ETH","Ethiopia",2024,"ET2024DHS","RH_PCCT_C_DY2",2,"Oromia_North Shewa(R4)",0.4893,0.486,0.3144,0.6629,0.3486,0.2141
"ETH","Ethiopia",2024,"ET2024DHS","RH_PCCT_C_DY2",2,"Oromia_South West Shewa",0.3993,0.3899,0.2307,0.5852,0.3545,0.2766
"ETH","Ethiopia",2024,"ET2024DHS","RH_PCCT_C_DY2",2,"Oromia_West Arsi",0.1887,0.1801,0.08769,0.3146,0.227,0.3813
"ETH","Ethiopia",2024,"ET2024DHS","RH_PCCT_C_DY2",2,"Oromia_West Harerge",0.1935,0.1833,0.08998,0.3218,0.2318,0.3966
"ETH","Ethiopia",2024,"ET2024DHS","RH_PCCT_C_DY2",2,"Oromia_West Shewa",0.5956,0.5993,0.5074,0.6766,0.1692,0.1298
"ETH","Ethiopia",2024,"ET2024DHS","RH_PCCT_C_DY2",2,"Oromia_West Wellega",0.4397,0.4422,0.278,0.62,0.342,0.2387
"ETH","Ethiopia",2024,"ET2024DHS","RH_PCCT_C_DY2",2,"SNNPR_Alaba",0.3292,0.3221,0.1913,0.4928,0.3015,0.282
"ETH","Ethiopia",2024,"ET2024DHS","RH_PCCT_C_DY2",2,"SNNPR_Basketo",0.2233,0.2183,0.1359,0.3238,0.1879,0.2557
"ETH","Ethiopia",2024,"ET2024DHS","RH_PCCT_C_DY2",2,"SNNPR_Bench Maji",0.2034,0.2001,0.1395,0.2873,0.1478,0.2152
"ETH","Ethiopia",2024,"ET2024DHS","RH_PCCT_C_DY2",2,"SNNPR_Dawro",0.209,0.2033,0.1201,0.3091,0.189,0.2931
"ETH","Ethiopia",2024,"ET2024DHS","RH_PCCT_C_DY2",2,"SNNPR_Gamo Gofa",0.1964,0.19,0.1181,0.2897,0.1716,0.2779
"ETH","Ethiopia",2024,"ET2024DHS","RH_PCCT_C_DY2",2,"SNNPR_Gedio",0.274,0.2679,0.167,0.4086,0.2415,0.2755
"ETH","Ethiopia",2024,"ET2024DHS","RH_PCCT_C_DY2",2,"SNNPR_Gurage",0.4795,0.4812,0.3833,0.5799,0.1966,0.1244
"ETH","Ethiopia",2024,"ET2024DHS","RH_PCCT_C_DY2",2,"SNNPR_Hadiya",0.2486,0.2476,0.1742,0.3303,0.1561,0.1996
"ETH","Ethiopia",2024,"ET2024DHS","RH_PCCT_C_DY2",2,"SNNPR_Keffa",0.2479,0.2436,0.1825,0.321,0.1384,0.1744
"ETH","Ethiopia",2024,"ET2024DHS","RH_PCCT_C_DY2",2,"SNNPR_Konta",0.3285,0.3192,0.1698,0.5234,0.3536,0.3407
"ETH","Ethiopia",2024,"ET2024DHS","RH_PCCT_C_DY2",2,"SNNPR_KT",0.3826,0.3756,0.2598,0.5223,0.2625,0.2104
"ETH","Ethiopia",2024,"ET2024DHS","RH_PCCT_C_DY2",2,"SNNPR_Segen Peoples'",0.2031,0.1981,0.1133,0.3044,0.191,0.3007
"ETH","Ethiopia",2024,"ET2024DHS","RH_PCCT_C_DY2",2,"SNNPR_Selti",0.5477,0.5473,0.4462,0.6472,0.201,0.134
"ETH","Ethiopia",2024,"ET2024DHS","RH_PCCT_C_DY2",2,"SNNPR_Sheka",0.2523,0.245,0.1278,0.3947,0.2668,0.3263
"ETH","Ethiopia",2024,"ET2024DHS","RH_PCCT_C_DY2",2,"SNNPR_Sidama",0.3749,0.374,0.3168,0.4392,0.1224,0.09682
"ETH","Ethiopia",2024,"ET2024DHS","RH_PCCT_C_DY2",2,"SNNPR_South Omo",0.3381,0.3351,0.2436,0.4455,0.202,0.1801
"ETH","Ethiopia",2024,"ET2024DHS","RH_PCCT_C_DY2",2,"SNNPR_Wolayita",0.259,0.2566,0.1885,0.336,0.1475,0.1772
"ETH","Ethiopia",2024,"ET2024DHS","RH_PCCT_C_DY2",2,"SNNPR_Yem",0.4145,0.4111,0.2238,0.6062,0.3825,0.2784
"ETH","Ethiopia",2024,"ET2024DHS","RH_PCCT_C_DY2",2,"Somali_Afder",0.07116,0.06539,0.03213,0.1311,0.09896,0.4783
"ETH","Ethiopia",2024,"ET2024DHS","RH_PCCT_C_DY2",2,"Somali_Doolo",0.06596,0.05941,0.02753,0.125,0.09747,0.5188
"ETH","Ethiopia",2024,"ET2024DHS","RH_PCCT_C_DY2",2,"Somali_Fafan",0.1815,0.1782,0.1137,0.2586,0.1449,0.2564
"ETH","Ethiopia",2024,"ET2024DHS","RH_PCCT_C_DY2",2,"Somali_Jarar",0.08401,0.07672,0.03579,0.1555,0.1197,0.504
"ETH","Ethiopia",2024,"ET2024DHS","RH_PCCT_C_DY2",2,"Somali_Korahe",0.06851,0.06108,0.02611,0.1366,0.1105,0.5851
"ETH","Ethiopia",2024,"ET2024DHS","RH_PCCT_C_DY2",2,"Somali_Liben",0.07559,0.06658,0.02983,0.155,0.1252,0.5817
"ETH","Ethiopia",2024,"ET2024DHS","RH_PCCT_C_DY2",2,"Somali_Nogob",0.0827,0.07321,0.03067,0.1623,0.1316,0.593
"ETH","Ethiopia",2024,"ET2024DHS","RH_PCCT_C_DY2",2,"Somali_Shabelle",0.0556,0.0526,0.03225,0.08968,0.05743,0.3306
"ETH","Ethiopia",2024,"ET2024DHS","RH_PCCT_C_DY2",2,"Somali_Siti",0.1072,0.09747,0.04249,0.2114,0.1689,0.5385
"ETH","Ethiopia",2024,"ET2024DHS","RH_PCCT_C_DY2",2,"Tigray_Central",0.2143,0.2096,0.1537,0.2889,0.1352,0.1957
"ETH","Ethiopia",2024,"ET2024DHS","RH_PCCT_C_DY2",2,"Tigray_Eastern
",0.2156,0.2132,0.1556,0.2805,0.1249,0.1887
"ETH","Ethiopia",2024,"ET2024DHS","RH_PCCT_C_DY2",2,"Tigray_North Western",0.4266,0.4242,0.3665,0.4963,0.1298,0.09794
"ETH","Ethiopia",2024,"ET2024DHS","RH_PCCT_C_DY2",2,"Tigray_Southern",0.2262,0.224,0.1507,0.3168,0.1662,0.2215
"ETH","Ethiopia",2024,"ET2024DHS","RH_PCCT_C_DY2",2,"Tigray_Western",0.3656,0.3604,0.2477,0.491,0.2433,0.2063
"ETH","Ethiopia",2024,"ET2024DHS","CH_VACC_C_MSL",1,"Addis Ababa",0.9003,0.9003,0.8297,0.9436,0.114,0.3379
"ETH","Ethiopia",2024,"ET2024DHS","CH_VACC_C_MSL",1,"Afar",0.3781,0.3781,0.2915,0.4732,0.1817,0.1476
"ETH","Ethiopia",2024,"ET2024DHS","CH_VACC_C_MSL",1,"Amhara",0.6558,0.6558,0.5782,0.7259,0.1477,0.1313
"ETH","Ethiopia",2024,"ET2024DHS","CH_VACC_C_MSL",1,"Beneshangul Gumu",0.3612,0.3612,0.2566,0.481,0.2244,0.1918
"ETH","Ethiopia",2024,"ET2024DHS","CH_VACC_C_MSL",1,"Dire Dawa",0.6179,0.6179,0.5293,0.6993,0.17,0.1365
"ETH","Ethiopia",2024,"ET2024DHS","CH_VACC_C_MSL",1,"Gambela",0.4419,0.4419,0.3594,0.5277,0.1683,0.1169
"ETH","Ethiopia",2024,"ET2024DHS","CH_VACC_C_MSL",1,"Hareri",0.5663,0.5663,0.4634,0.6637,0.2003,0.1422
"ETH","Ethiopia",2024,"ET2024DHS","CH_VACC_C_MSL",1,"Oromia",0.3785,0.3785,0.3084,0.4541,0.1458,0.1178
"ETH","Ethiopia",2024,"ET2024DHS","CH_VACC_C_MSL",1,"SNNPR",0.5162,0.5162,0.4721,0.56,0.0879,0.05537
"ETH","Ethiopia",2024,"ET2024DHS","CH_VACC_C_MSL",1,"Somali",0.1739,0.1739,0.1048,0.2745,0.1698,0.2947
"ETH","Ethiopia",2024,"ET2024DHS","CH_VACC_C_MSL",1,"Tigray",0.6803,0.6803,0.6307,0.7262,0.09559,0.09112
"ETH","Ethiopia",2024,"ET2024DHS","CH_VACC_C_MSL",2,"Addis Ababa_Region 14",0.8946,0.899,0.834,0.9437,0.1097,0.3369
"ETH","Ethiopia",2024,"ET2024DHS","CH_VACC_C_MSL",2,"Afar_Zone 1",0.3081,0.3045,0.2088,0.4253,0.2165,0.2163
"ETH","Ethiopia",2024,"ET2024DHS","CH_VACC_C_MSL",2,"Afar_Zone 2",0.5689,0.5677,0.4215,0.7156,0.2941,0.2091
"ETH","Ethiopia",2024,"ET2024DHS","CH_VACC_C_MSL",2,"Afar_Zone 3",0.278,0.273,0.1839,0.3858,0.2019,0.2325
"ETH","Ethiopia",2024,"ET2024DHS","CH_VACC_C_MSL",2,"Afar_Zone 4",0.2767,0.2682,0.1438,0.439,0.2952,0.3286
"ETH","Ethiopia",2024,"ET2024DHS","CH_VACC_C_MSL",2,"Afar_Zone 5",0.2749,0.2698,0.1684,0.4012,0.2328,0.2597
"ETH","Ethiopia",2024,"ET2024DHS","CH_VACC_C_MSL",2,"Amhara_Awi/Agew",0.6185,0.6262,0.3864,0.8232,0.4368,0.3478
"ETH","Ethiopia",2024,"ET2024DHS","CH_VACC_C_MSL",2,"Amhara_East Gojam",0.6076,0.6095,0.4725,0.7323,0.2597,0.205
"ETH","Ethiopia",2024,"ET2024DHS","CH_VACC_C_MSL",2,"Amhara_North Gonder",0.6223,0.6278,0.4415,0.7781,0.3366,0.269
"ETH","Ethiopia",2024,"ET2024DHS","CH_VACC_C_MSL",2,"Amhara_North Shewa(R3)",0.5674,0.5716,0.3805,0.7408,0.3602,0.2568
"ETH","Ethiopia",2024,"ET2024DHS","CH_VACC_C_MSL",2,"Amhara_North Wollo",0.7042,0.7133,0.546,0.8431,0.2971,0.3197
"ETH","Ethiopia",2024,"ET2024DHS","CH_VACC_C_MSL",2,"Amhara_Oromia",0.6668,0.6731,0.5007,0.8062,0.3055,0.2886
"ETH","Ethiopia",2024,"ET2024DHS","CH_VACC_C_MSL",2,"Amhara_South Gonder",0.5108,0.5092,0.3722,0.6501,0.2779,0.1725
"ETH","Ethiopia",2024,"ET2024DHS","CH_VACC_C_MSL",2,"Amhara_South Wollo",0.7768,0.7827,0.6318,0.8951,0.2633,0.3725
"ETH","Ethiopia",2024,"ET2024DHS","CH_VACC_C_MSL",2,"Amhara_Special Woreda",0.6309,0.6473,0.293,0.8775,0.5845,0.4981
"ETH","Ethiopia",2024,"ET2024DHS","CH_VACC_C_MSL",2,"Amhara_Wag Himra",0.3179,0.3179,0.2724,0.3624,0.08999,0.08538
"ETH","Ethiopia",2024,"ET2024DHS","CH_VACC_C_MSL",2,"Amhara_West Gojam",0.5657,0.5684,0.436,0.692,0.256,0.1792
"ETH","Ethiopia",2024,"ET2024DHS","CH_VACC_C_MSL",2,"Beneshangul Gumu_Asosa",0.4907,0.4942,0.3336,0.6422,0.3086,0.1921
"ETH","Ethiopia",2024,"ET2024DHS","CH_VACC_C_MSL",2,"Beneshangul Gumu_Kemashi",0.3689,0.3633,0.2442,0.4999,0.2556,0.2174
"ETH","Ethiopia",2024,"ET2024DHS","CH_VACC_C_MSL",2,"Beneshangul Gumu_Metekel",0.26,0.2544,0.1463,0.392,0.2457,0.2998
"ETH","Ethiopia",2024,"ET2024DHS","CH_VACC_C_MSL",2,"Dire Dawa_Dire Dawa",0.6139,0.6149,0.5295,0.6947,0.1652,0.133
"ETH","Ethiopia",2024,"ET2024DHS","CH_VACC_C_MSL",2,"Gambela_Agnuak",0.4867,0.4848,0.373,0.6019,0.2288,0.1407
"ETH","Ethiopia",2024,"ET2024DHS","CH_VACC_C_MSL",2,"Gambela_Majang",0.4674,0.4673,0.3252,0.6057,0.2806,0.1799
"ETH","Ethiopia",2024,"ET2024DHS","CH_VACC_C_MSL",2,"Gambela_Nuer",0.3008,0.2954,0.1766,0.4429,0.2663,0.2727
"ETH","Ethiopia",2024,"ET2024DHS","CH_VACC_C_MSL",2,"Hareri_Hareri",0.5675,0.5662,0.4682,0.6675,0.1993,0.1371
"ETH","Ethiopia",2024,"ET2024DHS","CH_VACC_C_MSL",2,"Oromia_Arsi",0.4595,0.461,0.3383,0.5782,0.2399,0.1611
"ETH","Ethiopia",2024,"ET2024DHS","CH_VACC_C_MSL",2,"Oromia_Bale",0.2367,0.2245,0.09829,0.4157,0.3174,0.4397
"ETH","Ethiopia",2024,"ET2024DHS","CH_VACC_C_MSL",2,"Oromia_Borena",0.2634,0.2487,0.1169,0.4525,0.3356,0.4221
"ETH","Ethiopia",2024,"ET2024DHS","CH_VACC_C_MSL",2,"Oromia_East Harerge",0.1963,0.1843,0.08882,0.3435,0.2547,0.4289
"ETH","Ethiopia",2024,"ET2024DHS","CH_VACC_C_MSL",2,"Oromia_East Shewa",0.6172,0.6215,0.441,0.7835,0.3425,0.2705
"ETH","Ethiopia",2024,"ET2024DHS","CH_VACC_C_MSL",2,"Oromia_East Wellega",0.504,0.5012,0.3197,0.6902,0.3706,0.2223
"ETH","Ethiopia",2024,"ET2024DHS","CH_VACC_C_MSL",2,"Oromia_Guji",0.2063,0.1939,0.0725,0.3881,0.3156,0.4984
"ETH","Ethiopia",2024,"ET2024DHS","CH_VACC_C_MSL",2,"Oromia_Horo Guduru",0.648,0.6534,0.5224,0.7574,0.235,0.209
"ETH","Ethiopia",2024,"ET2024DHS","CH_VACC_C_MSL",2,"Oromia_Ilubabor",0.4226,0.4231,0.2771,0.5816,0.3045,0.2225
"ETH","Ethiopia",2024,"ET2024DHS","CH_VACC_C_MSL",2,"Oromia_Jimma",0.3298,0.3223,0.2007,0.4729,0.2722,0.2586
"ETH","Ethiopia",2024,"ET2024DHS","CH_VACC_C_MSL",2,"Oromia_Kelem Wellega",0.4111,0.401,0.1883,0.6554,0.4672,0.3521
"ETH","Ethiopia",2024,"ET2024DHS","CH_VACC_C_MSL",2,"Oromia_North Shewa(R4)",0.6289,0.6311,0.5032,0.7468,0.2436,0.2029
"ETH","Ethiopia",2024,"ET2024DHS","CH_VACC_C_MSL",2,"Oromia_South West Shewa",0.5216,0.5242,0.3219,0.7063,0.3844,0.2418
"ETH","Ethiopia",2024,"ET2024DHS","CH_VACC_C_MSL",2,"Oromia_West Arsi",0.1863,0.1835,0.1314,0.2517,0.1203,0.1978
"ETH","Ethiopia",2024,"ET2024DHS","CH_VACC_C_MSL",2,"Oromia_West Harerge",0.3949,0.389,0.2232,0.5886,0.3655,0.2869
"ETH","Ethiopia",2024,"ET2024DHS","CH_VACC_C_MSL",2,"Oromia_West Shewa",0.6738,0.6766,0.5788,0.7612,0.1824,0.1717
"ETH","Ethiopia",2024,"ET2024DHS","CH_VACC_C_MSL",2,"Oromia_West Wellega",0.6898,0.7001,0.4731,0.8652,0.3921,0.392
"ETH","Ethiopia",2024,"ET2024DHS","CH_VACC_C_MSL",2,"SNNPR_Alaba",0.6035,0.6089,0.4954,0.6988,0.2035,0.1589
"ETH","Ethiopia",2024,"ET2024DHS","CH_VACC_C_MSL",2,"SNNPR_Basketo",0.5309,0.5326,0.304,0.7513,0.4474,0.2926
"ETH","Ethiopia",2024,"ET2024DHS","CH_VACC_C_MSL",2,"SNNPR_Bench Maji",0.5454,0.5488,0.4215,0.6671,0.2456,0.1681
"ETH","Ethiopia",2024,"ET2024DHS","CH_VACC_C_MSL",2,"SNNPR_Dawro",0.5816,0.5834,0.4211,0.7348,0.3137,0.2279
"ETH","Ethiopia",2024,"ET2024DHS","CH_VACC_C_MSL",2,"SNNPR_Gamo Gofa",0.439,0.4365,0.3167,0.5724,0.2557,0.1833
"ETH","Ethiopia",2024,"ET2024DHS","CH_VACC_C_MSL",2,"SNNPR_Gedio",0.4423,0.4381,0.2919,0.6122,0.3203,0.2228
"ETH","Ethiopia",2024,"ET2024DHS","CH_VACC_C_MSL",2,"SNNPR_Gurage",0.5104,0.5105,0.3927,0.6241,0.2315,0.1402
"ETH","Ethiopia",2024,"ET2024DHS","CH_VACC_C_MSL",2,"SNNPR_Hadiya",0.4085,0.408,0.3062,0.5162,0.2101,0.1578
"ETH","Ethiopia",2024,"ET2024DHS","CH_VACC_C_MSL",2,"SNNPR_Keffa",0.581,0.5871,0.4355,0.7091,0.2736,0.2035
"ETH","Ethiopia",2024,"ET2024DHS","CH_VACC_C_MSL",2,"SNNPR_Konta",0.6836,0.6932,0.5052,0.838,0.3328,0.3359
"ETH","Ethiopia",2024,"ET2024DHS","CH_VACC_C_MSL",2,"SNNPR_KT",0.5824,0.5865,0.425,0.7279,0.3029,0.2292
"ETH","Ethiopia",2024,"ET2024DHS","CH_VACC_C_MSL",2,"SNNPR_Segen Peoples'",0.5173,0.5174,0.3516,0.6785,0.3268,0.2004
"ETH","Ethiopia",2024,"ET2024DHS","CH_VACC_C_MSL",2,"SNNPR_Selti",0.6618,0.6681,0.5205,0.7848,0.2643,0.2446
"ETH","Ethiopia",2024,"ET2024DHS","CH_VACC_C_MSL",2,"SNNPR_Sheka",0.7948,0.8058,0.6385,0.9138,0.2752,0.4329
"ETH","Ethiopia",2024,"ET2024DHS","CH_VACC_C_MSL",2,"SNNPR_Sidama",0.5237,0.5235,0.4423,0.6117,0.1694,0.1045
"ETH","Ethiopia",2024,"ET2024DHS","CH_VACC_C_MSL",2,"SNNPR_South Omo",0.5379,0.5389,0.3873,0.6878,0.3006,0.1981
"ETH","Ethiopia",2024,"ET2024DHS","CH_VACC_C_MSL",2,"SNNPR_Wolayita",0.6666,0.6702,0.5033,0.8104,0.3071,0.2791
"ETH","Ethiopia",2024,"ET2024DHS","CH_VACC_C_MSL",2,"SNNPR_Yem",0.403,0.4028,0.3512,0.4525,0.1012,0.07784
"ETH","Ethiopia",2024,"ET2024DHS","CH_VACC_C_MSL",2,"Somali_Afder",0.1184,0.1119,0.05847,0.1981,0.1397,0.3915
"ETH","Ethiopia",2024,"ET2024DHS","CH_VACC_C_MSL",2,"Somali_Doolo",0.1717,0.1649,0.09697,0.2607,0.1637,0.3136
"ETH","Ethiopia",2024,"ET2024DHS","CH_VACC_C_MSL",2,"Somali_Fafan",0.238,0.2252,0.1062,0.424,0.3179,0.432
"ETH","Ethiopia",2024,"ET2024DHS","CH_VACC_C_MSL",2,"Somali_Jarar",0.1478,0.138,0.05955,0.2687,0.2091,0.4818
"ETH","Ethiopia",2024,"ET2024DHS","CH_VACC_C_MSL",2,"Somali_Korahe",0.2405,0.2278,0.1183,0.4089,0.2906,0.3899
"ETH","Ethiopia",2024,"ET2024DHS","CH_VACC_C_MSL",2,"Somali_Liben",0.1778,0.1635,0.0744,0.3274,0.253,0.5015
"ETH","Ethiopia",2024,"ET2024DHS","CH_VACC_C_MSL",2,"Somali_Nogob",0.1577,0.1499,0.07688,0.2653,0.1884,0.3966
"ETH","Ethiopia",2024,"ET2024DHS","CH_VACC_C_MSL",2,"Somali_Shabelle",0.1525,0.1475,0.08775,0.2396,0.1519,0.3136
"ETH","Ethiopia",2024,"ET2024DHS","CH_VACC_C_MSL",2,"Somali_Siti",0.2638,0.2485,0.1066,0.4712,0.3645,0.4418
"ETH","Ethiopia",2024,"ET2024DHS","CH_VACC_C_MSL",2,"Tigray_Central",0.6773,0.679,0.5955,0.752,0.1565,0.1488
"ETH","Ethiopia",2024,"ET2024DHS","CH_VACC_C_MSL",2,"Tigray_Eastern
",0.7048,0.713,0.5618,0.8193,0.2575,0.2752
"ETH","Ethiopia",2024,"ET2024DHS","CH_VACC_C_MSL",2,"Tigray_North Western",0.7244,0.7268,0.6172,0.8161,0.1989,0.2201
"ETH","Ethiopia",2024,"ET2024DHS","CH_VACC_C_MSL",2,"Tigray_Southern",0.6386,0.6392,0.5552,0.7119,0.1568,0.1346
"ETH","Ethiopia",2024,"ET2024DHS","CH_VACC_C_MSL",2,"Tigray_Western",0.6614,0.665,0.5245,0.7858,0.2613,0.2351
"ETH","Ethiopia",2024,"ET2024DHS","CH_VACC_C_DP3",1,"Addis Ababa",0.8821,0.8821,0.8114,0.9286,0.1172,0.2967
"ETH","Ethiopia",2024,"ET2024DHS","CH_VACC_C_DP3",1,"Afar",0.3167,0.3167,0.241,0.4035,0.1625,0.1571
"ETH","Ethiopia",2024,"ET2024DHS","CH_VACC_C_DP3",1,"Amhara",0.4939,0.4939,0.4258,0.5622,0.1364,0.08446
"ETH","Ethiopia",2024,"ET2024DHS","CH_VACC_C_DP3",1,"Beneshangul Gumu",0.3449,0.3449,0.2432,0.4631,0.2199,0.1966
"ETH","Ethiopia",2024,"ET2024DHS","CH_VACC_C_DP3",1,"Dire Dawa",0.5547,0.5547,0.4497,0.655,0.2053,0.1421
"ETH","Ethiopia",2024,"ET2024DHS","CH_VACC_C_DP3",1,"Gambela",0.2689,0.2689,0.1911,0.3642,0.1732,0.1969
"ETH","Ethiopia",2024,"ET2024DHS","CH_VACC_C_DP3",1,"Hareri",0.4757,0.4757,0.392,0.5607,0.1687,0.1089
"ETH","Ethiopia",2024,"ET2024DHS","CH_VACC_C_DP3",1,"Oromia",0.3156,0.3156,0.2582,0.3792,0.121,0.117
"ETH","Ethiopia",2024,"ET2024DHS","CH_VACC_C_DP3",1,"SNNPR",0.321,0.321,0.2774,0.368,0.09057,0.08595
"ETH","Ethiopia",2024,"ET2024DHS","CH_VACC_C_DP3",1,"Somali",0.1883,0.1883,0.1326,0.2604,0.1278,0.2059
"ETH","Ethiopia",2024,"ET2024DHS","CH_VACC_C_DP3",1,"Tigray",0.4963,0.4963,0.4265,0.5662,0.1397,0.08614
"ETH","Ethiopia",2024,"ET2024DHS","CH_VACC_C_DP3",2,"Addis Ababa_Region 14",0.8763,0.8805,0.8071,0.929,0.1219,0.3095
"ETH","Ethiopia",2024,"ET2024DHS","CH_VACC_C_DP3",2,"Afar_Zone 1",0.2642,0.2601,0.1697,0.3729,0.2032,0.2386
"ETH","Ethiopia",2024,"ET2024DHS","CH_VACC_C_DP3",2,"Afar_Zone 2",0.4674,0.4677,0.3625,0.5674,0.2049,0.1341
"ETH","Ethiopia",2024,"ET2024DHS","CH_VACC_C_DP3",2,"Afar_Zone 3",0.2918,0.2886,0.1778,0.4252,0.2474,0.26
"ETH","Ethiopia",2024,"ET2024DHS","CH_VACC_C_DP3",2,"Afar_Zone 4",0.2445,0.2296,0.09962,0.4204,0.3208,0.4377
"ETH","Ethiopia",2024,"ET2024DHS","CH_VACC_C_DP3",2,"Afar_Zone 5",0.3396,0.3317,0.1883,0.5233,0.335,0.3057
"ETH","Ethiopia",2024,"ET2024DHS","CH_VACC_C_DP3",2,"Amhara_Awi/Agew",0.5011,0.4972,0.3323,0.6689,0.3366,0.2108
"ETH","Ethiopia",2024,"ET2024DHS","CH_VACC_C_DP3",2,"Amhara_East Gojam",0.5591,0.5614,0.4262,0.6895,0.2633,0.1772
"ETH","Ethiopia",2024,"ET2024DHS","CH_VACC_C_DP3",2,"Amhara_North Gonder",0.4265,0.4242,0.3101,0.5553,0.2452,0.1744
"ETH","Ethiopia",2024,"ET2024DHS","CH_VACC_C_DP3",2,"Amhara_North Shewa(R3)",0.5118,0.5113,0.3619,0.6632,0.3013,0.1877
"ETH","Ethiopia",2024,"ET2024DHS","CH_VACC_C_DP3",2,"Amhara_North Wollo",0.591,0.5893,0.4741,0.71,0.2358,0.1774
"ETH","Ethiopia",2024,"ET2024DHS","CH_VACC_C_DP3",2,"Amhara_Oromia",0.5088,0.5072,0.3351,0.6911,0.356,0.2247
"ETH","Ethiopia",2024,"ET2024DHS","CH_VACC_C_DP3",2,"Amhara_South Gonder",0.3985,0.3964,0.2634,0.5459,0.2826,0.2167
"ETH","Ethiopia",2024,"ET2024DHS","CH_VACC_C_DP3",2,"Amhara_South Wollo",0.5126,0.5133,0.3707,0.6626,0.2919,0.1807
"ETH","Ethiopia",2024,"ET2024DHS","CH_VACC_C_DP3",2,"Amhara_Special Woreda",0.5081,0.4998,0.2554,0.7723,0.5168,0.3165
"ETH","Ethiopia",2024,"ET2024DHS","CH_VACC_C_DP3",2,"Amhara_Wag Himra",0.4146,0.4146,0.3826,0.4468,0.06415,0.04675
"ETH","Ethiopia",2024,"ET2024DHS","CH_VACC_C_DP3",2,"Amhara_West Gojam",0.4952,0.4948,0.3769,0.6122,0.2353,0.1454
"ETH","Ethiopia",2024,"ET2024DHS","CH_VACC_C_DP3",2,"Beneshangul Gumu_Asosa",0.4641,0.4597,0.3383,0.6001,0.2618,0.1751
"ETH","Ethiopia",2024,"ET2024DHS","CH_VACC_C_DP3",2,"Beneshangul Gumu_Kemashi",0.3683,0.3661,0.2588,0.4853,0.2266,0.1894
"ETH","Ethiopia",2024,"ET2024DHS","CH_VACC_C_DP3",2,"Beneshangul Gumu_Metekel",0.293,0.2864,0.165,0.4484,0.2833,0.3055
"ETH","Ethiopia",2024,"ET2024DHS","CH_VACC_C_DP3",2,"Dire Dawa_Dire Dawa",0.5558,0.5566,0.454,0.6609,0.2069,0.1421
"ETH","Ethiopia",2024,"ET2024DHS","CH_VACC_C_DP3",2,"Gambela_Agnuak",0.2864,0.2809,0.1851,0.4074,0.2223,0.2391
"ETH","Ethiopia",2024,"ET2024DHS","CH_VACC_C_DP3",2,"Gambela_Majang",0.3316,0.3277,0.2062,0.4726,0.2664,0.2497
"ETH","Ethiopia",2024,"ET2024DHS","CH_VACC_C_DP3",2,"Gambela_Nuer",0.1851,0.1777,0.09802,0.2935,0.1955,0.3486
"ETH","Ethiopia",2024,"ET2024DHS","CH_VACC_C_DP3",2,"Hareri_Hareri",0.4782,0.4787,0.393,0.564,0.171,0.1078
"ETH","Ethiopia",2024,"ET2024DHS","CH_VACC_C_DP3",2,"Oromia_Arsi",0.337,0.3298,0.2191,0.4787,0.2596,0.2478
"ETH","Ethiopia",2024,"ET2024DHS","CH_VACC_C_DP3",2,"Oromia_Bale",0.2381,0.2315,0.1147,0.3946,0.2798,0.3659
"ETH","Ethiopia",2024,"ET2024DHS","CH_VACC_C_DP3",2,"Oromia_Borena",0.2383,0.2313,0.1114,0.3926,0.2812,0.363
"ETH","Ethiopia",2024,"ET2024DHS","CH_VACC_C_DP3",2,"Oromia_East Harerge",0.2584,0.2509,0.1356,0.4013,0.2658,0.3348
"ETH","Ethiopia",2024,"ET2024DHS","CH_VACC_C_DP3",2,"Oromia_East Shewa",0.4523,0.4468,0.2991,0.6392,0.3401,0.2326
"ETH","Ethiopia",2024,"ET2024DHS","CH_VACC_C_DP3",2,"Oromia_East Wellega",0.4403,0.4385,0.3309,0.5541,0.2232,0.1571
"ETH","Ethiopia",2024,"ET2024DHS","CH_VACC_C_DP3",2,"Oromia_Guji",0.2129,0.2014,0.09406,0.3758,0.2817,0.4276
"ETH","Ethiopia",2024,"ET2024DHS","CH_VACC_C_DP3",2,"Oromia_Horo Guduru",0.3606,0.3563,0.2553,0.4772,0.2219,0.1942
"ETH","Ethiopia",2024,"ET2024DHS","CH_VACC_C_DP3",2,"Oromia_Ilubabor",0.3703,0.3634,0.2423,0.5111,0.2688,0.2257
"ETH","Ethiopia",2024,"ET2024DHS","CH_VACC_C_DP3",2,"Oromia_Jimma",0.291,0.2859,0.17,0.4249,0.2549,0.2694
"ETH","Ethiopia",2024,"ET2024DHS","CH_VACC_C_DP3",2,"Oromia_Kelem Wellega",0.3034,0.2941,0.1504,0.4944,0.344,0.3635
"ETH","Ethiopia",2024,"ET2024DHS","CH_VACC_C_DP3",2,"Oromia_North Shewa(R4)",0.5814,0.5818,0.458,0.6994,0.2414,0.1803
"ETH","Ethiopia",2024,"ET2024DHS","CH_VACC_C_DP3",2,"Oromia_South West Shewa",0.4193,0.4079,0.2446,0.6209,0.3763,0.2819
"ETH","Ethiopia",2024,"ET2024DHS","CH_VACC_C_DP3",2,"Oromia_West Arsi",0.2554,0.2493,0.1657,0.3714,0.2057,0.2485
"ETH","Ethiopia",2024,"ET2024DHS","CH_VACC_C_DP3",2,"Oromia_West Harerge",0.3196,0.3162,0.1957,0.4488,0.2531,0.2403
"ETH","Ethiopia",2024,"ET2024DHS","CH_VACC_C_DP3",2,"Oromia_West Shewa",0.589,0.5896,0.493,0.6824,0.1894,0.1429
"ETH","Ethiopia",2024,"ET2024DHS","CH_VACC_C_DP3",2,"Oromia_West Wellega",0.3923,0.394,0.2452,0.5469,0.3018,0.2309
"ETH","Ethiopia",2024,"ET2024DHS","CH_VACC_C_DP3",2,"SNNPR_Alaba",0.2892,0.2835,0.1342,0.4608,0.3267,0.3478
"ETH","Ethiopia",2024,"ET2024DHS","CH_VACC_C_DP3",2,"SNNPR_Basketo",0.3023,0.2928,0.1669,0.4587,0.2919,0.3113
"ETH","Ethiopia",2024,"ET2024DHS","CH_VACC_C_DP3",2,"SNNPR_Bench Maji",0.2333,0.2302,0.1633,0.3053,0.142,0.1894
"ETH","Ethiopia",2024,"ET2024DHS","CH_VACC_C_DP3",2,"SNNPR_Dawro",0.3345,0.3285,0.2101,0.4773,0.2672,0.2434
"ETH","Ethiopia",2024,"ET2024DHS","CH_VACC_C_DP3",2,"SNNPR_Gamo Gofa",0.2823,0.2768,0.1678,0.4199,0.2521,0.2677
"ETH","Ethiopia",2024,"ET2024DHS","CH_VACC_C_DP3",2,"SNNPR_Gedio",0.2945,0.2896,0.1804,0.434,0.2536,0.2647
"ETH","Ethiopia",2024,"ET2024DHS","CH_VACC_C_DP3",2,"SNNPR_Gurage",0.4062,0.4057,0.3011,0.5191,0.218,0.1616
"ETH","Ethiopia",2024,"ET2024DHS","CH_VACC_C_DP3",2,"SNNPR_Hadiya",0.2421,0.2378,0.1683,0.3384,0.1701,0.2135
"ETH","Ethiopia",2024,"ET2024DHS","CH_VACC_C_DP3",2,"SNNPR_Keffa",0.2702,0.2672,0.1756,0.3791,0.2035,0.2398
"ETH","Ethiopia",2024,"ET2024DHS","CH_VACC_C_DP3",2,"SNNPR_Konta",0.3679,0.363,0.2191,0.5375,0.3184,0.2706
"ETH","Ethiopia",2024,"ET2024DHS","CH_VACC_C_DP3",2,"SNNPR_KT",0.3647,0.3613,0.2712,0.4642,0.193,0.1621
"ETH","Ethiopia",2024,"ET2024DHS","CH_VACC_C_DP3",2,"SNNPR_Segen Peoples'",0.2089,0.2013,0.1083,0.3396,0.2313,0.349
"ETH","Ethiopia",2024,"ET2024DHS","CH_VACC_C_DP3",2,"SNNPR_Selti",0.321,0.3142,0.2004,0.4626,0.2622,0.2564
"ETH","Ethiopia",2024,"ET2024DHS","CH_VACC_C_DP3",2,"SNNPR_Sheka",0.5272,0.526,0.3921,0.6577,0.2657,0.1684
"ETH","Ethiopia",2024,"ET2024DHS","CH_VACC_C_DP3",2,"SNNPR_Sidama",0.4414,0.4379,0.3704,0.5184,0.148,0.1038
"ETH","Ethiopia",2024,"ET2024DHS","CH_VACC_C_DP3",2,"SNNPR_South Omo",0.2665,0.2601,0.1545,0.4067,0.2522,0.3002
"ETH","Ethiopia",2024,"ET2024DHS","CH_VACC_C_DP3",2,"SNNPR_Wolayita",0.4011,0.3992,0.273,0.5383,0.2653,0.2078
"ETH","Ethiopia",2024,"ET2024DHS","CH_VACC_C_DP3",2,"SNNPR_Yem",0.4048,0.4005,0.2764,0.5449,0.2686,0.2046
"ETH","Ethiopia",2024,"ET2024DHS","CH_VACC_C_DP3",2,"Somali_Afder",0.1154,0.1055,0.04442,0.2153,0.1709,0.5056
"ETH","Ethiopia",2024,"ET2024DHS","CH_VACC_C_DP3",2,"Somali_Doolo",0.1221,0.1088,0.044,0.2461,0.2021,0.5799
"ETH","Ethiopia",2024,"ET2024DHS","CH_VACC_C_DP3",2,"Somali_Fafan",0.3032,0.2963,0.2032,0.4281,0.2249,0.2299
"ETH","Ethiopia",2024,"ET2024DHS","CH_VACC_C_DP3",2,"Somali_Jarar",0.1441,0.1352,0.07383,0.2432,0.1693,0.397
"ETH","Ethiopia",2024,"ET2024DHS","CH_VACC_C_DP3",2,"Somali_Korahe",0.1265,0.1152,0.0494,0.2441,0.1947,0.5208
"ETH","Ethiopia",2024,"ET2024DHS","CH_VACC_C_DP3",2,"Somali_Liben",0.1825,0.1724,0.09286,0.3101,0.2173,0.3887
"ETH","Ethiopia",2024,"ET2024DHS","CH_VACC_C_DP3",2,"Somali_Nogob",0.1534,0.1466,0.07735,0.2537,0.1764,0.3761
"ETH","Ethiopia",2024,"ET2024DHS","CH_VACC_C_DP3",2,"Somali_Shabelle",0.1534,0.1487,0.09345,0.2298,0.1364,0.2835
"ETH","Ethiopia",2024,"ET2024DHS","CH_VACC_C_DP3",2,"Somali_Siti",0.2084,0.2021,0.1286,0.3071,0.1785,0.2709
"ETH","Ethiopia",2024,"ET2024DHS","CH_VACC_C_DP3",2,"Tigray_Central",0.4744,0.4765,0.3772,0.5747,0.1975,0.1263
"ETH","Ethiopia",2024,"ET2024DHS","CH_VACC_C_DP3",2,"Tigray_Eastern
",0.6437,0.647,0.5055,0.7718,0.2663,0.232
"ETH","Ethiopia",2024,"ET2024DHS","CH_VACC_C_DP3",2,"Tigray_North Western",0.5524,0.5571,0.4294,0.6621,0.2327,0.159
"ETH","Ethiopia",2024,"ET2024DHS","CH_VACC_C_DP3",2,"Tigray_Southern",0.4564,0.4529,0.3553,0.5649,0.2096,0.1425
"ETH","Ethiopia",2024,"ET2024DHS","CH_VACC_C_DP3",2,"Tigray_Western",0.2842,0.2824,0.2383,0.3371,0.09873,0.1076
"ETH","Ethiopia",2024,"ET2024DHS","CH_VACC_C_NON",1,"Addis Ababa",0.02714,0.02714,0.01111,0.06479,0.05369,0.5381
"ETH","Ethiopia",2024,"ET2024DHS","CH_VACC_C_NON",1,"Afar",0.4172,0.4172,0.3332,0.5064,0.1732,0.1275
"ETH","Ethiopia",2024,"ET2024DHS","CH_VACC_C_NON",1,"Amhara",0.07614,0.07614,0.04639,0.1225,0.07613,0.2961
"ETH","Ethiopia",2024,"ET2024DHS","CH_VACC_C_NON",1,"Beneshangul Gumu",0.2814,0.2814,0.1723,0.4242,0.2519,0.2761
"ETH","Ethiopia",2024,"ET2024DHS","CH_VACC_C_NON",1,"Dire Dawa",0.1858,0.1858,0.1208,0.2747,0.1539,0.2509
"ETH","Ethiopia",2024,"ET2024DHS","CH_VACC_C_NON",1,"Gambela",0.193,0.193,0.1316,0.2739,0.1423,0.2236
"ETH","Ethiopia",2024,"ET2024DHS","CH_VACC_C_NON",1,"Hareri",0.09584,0.09584,0.05646,0.1581,0.1016,0.3143
"ETH","Ethiopia",2024,"ET2024DHS","CH_VACC_C_NON",1,"Oromia",0.2555,0.2555,0.2005,0.3195,0.119,0.1419
"ETH","Ethiopia",2024,"ET2024DHS","CH_VACC_C_NON",1,"SNNPR",0.2417,0.2417,0.2065,0.2807,0.0742,0.09339
"ETH","Ethiopia",2024,"ET2024DHS","CH_VACC_C_NON",1,"Somali",0.614,0.614,0.5223,0.6983,0.176,0.14
"ETH","Ethiopia",2024,"ET2024DHS","CH_VACC_C_NON",1,"Tigray",0.03917,0.03917,0.02213,0.06841,0.04628,0.3438
"ETH","Ethiopia",2024,"ET2024DHS","CH_VACC_C_NON",2,"Addis Ababa_Region 14",0.03061,0.0263,0.012,0.06351,0.05151,0.6472
"ETH","Ethiopia",2024,"ET2024DHS","CH_VACC_C_NON",2,"Afar_Zone 1",0.4708,0.4676,0.3364,0.6077,0.2713,0.177
"ETH","Ethiopia",2024,"ET2024DHS","CH_VACC_C_NON",2,"Afar_Zone 2",0.3234,0.3176,0.1925,0.4716,0.2791,0.2705
"ETH","Ethiopia",2024,"ET2024DHS","CH_VACC_C_NON",2,"Afar_Zone 3",0.374,0.3718,0.2914,0.4617,0.1703,0.1376
"ETH","Ethiopia",2024,"ET2024DHS","CH_VACC_C_NON",2,"Afar_Zone 4",0.5739,0.5811,0.3954,0.7357,0.3403,0.252
"ETH","Ethiopia",2024,"ET2024DHS","CH_VACC_C_NON",2,"Afar_Zone 5",0.4194,0.4149,0.2737,0.5843,0.3106,0.2256
"ETH","Ethiopia",2024,"ET2024DHS","CH_VACC_C_NON",2,"Amhara_Awi/Agew",0.07063,0.0636,0.03057,0.132,0.1014,0.5367
"ETH","Ethiopia",2024,"ET2024DHS","CH_VACC_C_NON",2,"Amhara_East Gojam",0.09133,0.08374,0.04306,0.1593,0.1162,0.4516
"ETH","Ethiopia",2024,"ET2024DHS","CH_VACC_C_NON",2,"Amhara_North Gonder",0.09452,0.08854,0.04819,0.1667,0.1185,0.4139
"ETH","Ethiopia",2024,"ET2024DHS","CH_VACC_C_NON",2,"Amhara_North Shewa(R3)",0.0843,0.07781,0.03804,0.1584,0.1204,0.4695
"ETH","Ethiopia",2024,"ET2024DHS","CH_VACC_C_NON",2,"Amhara_North Wollo",0.05581,0.05082,0.02216,0.109,0.08679,0.5422
"ETH","Ethiopia",2024,"ET2024DHS","CH_VACC_C_NON",2,"Amhara_Oromia",0.05572,0.05121,0.0214,0.1069,0.0855,0.5479
"ETH","Ethiopia",2024,"ET2024DHS","CH_VACC_C_NON",2,"Amhara_South Gonder",0.1015,0.09417,0.04993,0.1802,0.1303,0.4315
"ETH","Ethiopia",2024,"ET2024DHS","CH_VACC_C_NON",2,"Amhara_South Wollo",0.05393,0.04863,0.02045,0.1008,0.08037,0.5401
"ETH","Ethiopia",2024,"ET2024DHS","CH_VACC_C_NON",2,"Amhara_Special Woreda",0.07555,0.06217,0.01725,0.1787,0.1615,0.8817
"ETH","Ethiopia",2024,"ET2024DHS","CH_VACC_C_NON",2,"Amhara_Wag Himra",0.07303,0.06519,0.02776,0.1445,0.1168,0.5875
"ETH","Ethiopia",2024,"ET2024DHS","CH_VACC_C_NON",2,"Amhara_West Gojam",0.0873,0.08079,0.03932,0.1574,0.1181,0.4851
"ETH","Ethiopia",2024,"ET2024DHS","CH_VACC_C_NON",2,"Beneshangul Gumu_Asosa",0.173,0.1658,0.09107,0.2765,0.1854,0.345
"ETH","Ethiopia",2024,"ET2024DHS","CH_VACC_C_NON",2,"Beneshangul Gumu_Kemashi",0.2213,0.2102,0.115,0.3647,0.2498,0.3657
"ETH","Ethiopia",2024,"ET2024DHS","CH_VACC_C_NON",2,"Beneshangul Gumu_Metekel",0.34,0.3341,0.211,0.5015,0.2906,0.269
"ETH","Ethiopia",2024,"ET2024DHS","CH_VACC_C_NON",2,"Dire Dawa_Dire Dawa",0.1914,0.1872,0.1228,0.2749,0.1521,0.2514
"ETH","Ethiopia",2024,"ET2024DHS","CH_VACC_C_NON",2,"Gambela_Agnuak",0.1203,0.1149,0.06638,0.1903,0.1239,0.331
"ETH","Ethiopia",2024,"ET2024DHS","CH_VACC_C_NON",2,"Gambela_Majang",0.1343,0.1295,0.06908,0.2214,0.1523,0.3619
"ETH","Ethiopia",2024,"ET2024DHS","CH_VACC_C_NON",2,"Gambela_Nuer",0.4446,0.4469,0.2996,0.5792,0.2796,0.1922
"ETH","Ethiopia",2024,"ET2024DHS","CH_VACC_C_NON",2,"Hareri_Hareri",0.09827,0.09392,0.05326,0.1575,0.1042,0.3414
"ETH","Ethiopia",2024,"ET2024DHS","CH_VACC_C_NON",2,"Oromia_Arsi",0.243,0.233,0.1348,0.3828,0.248,0.3263
"ETH","Ethiopia",2024,"ET2024DHS","CH_VACC_C_NON",2,"Oromia_Bale",0.331,0.33,0.2053,0.468,0.2627,0.2432
"ETH","Ethiopia",2024,"ET2024DHS","CH_VACC_C_NON",2,"Oromia_Borena",0.4191,0.4189,0.3414,0.4989,0.1575,0.113
"ETH","Ethiopia",2024,"ET2024DHS","CH_VACC_C_NON",2,"Oromia_East Harerge",0.4016,0.3983,0.287,0.54,0.253,0.1901
"ETH","Ethiopia",2024,"ET2024DHS","CH_VACC_C_NON",2,"Oromia_East Shewa",0.221,0.216,0.1215,0.3412,0.2197,0.3112
"ETH","Ethiopia",2024,"ET2024DHS","CH_VACC_C_NON",2,"Oromia_East Wellega",0.2468,0.2374,0.1207,0.4129,0.2923,0.3727
"ETH","Ethiopia",2024,"ET2024DHS","CH_VACC_C_NON",2,"Oromia_Guji",0.348,0.3412,0.2307,0.4896,0.259,0.2311
"ETH","Ethiopia",2024,"ET2024DHS","CH_VACC_C_NON",2,"Oromia_Horo Guduru",0.1602,0.1489,0.06563,0.2887,0.223,0.4858
"ETH","Ethiopia",2024,"ET2024DHS","CH_VACC_C_NON",2,"Oromia_Ilubabor",0.2051,0.1933,0.0998,0.3447,0.2449,0.4056
"ETH","Ethiopia",2024,"ET2024DHS","CH_VACC_C_NON",2,"Oromia_Jimma",0.3145,0.3099,0.2167,0.4296,0.2129,0.2159
"ETH","Ethiopia",2024,"ET2024DHS","CH_VACC_C_NON",2,"Oromia_Kelem Wellega",0.1718,0.1613,0.06783,0.3114,0.2436,0.4763
"ETH","Ethiopia",2024,"ET2024DHS","CH_VACC_C_NON",2,"Oromia_North Shewa(R4)",0.2481,0.2398,0.1412,0.3837,0.2425,0.3014
"ETH","Ethiopia",2024,"ET2024DHS","CH_VACC_C_NON",2,"Oromia_South West Shewa",0.2704,0.2646,0.1546,0.4009,0.2463,0.2878
"ETH","Ethiopia",2024,"ET2024DHS","CH_VACC_C_NON",2,"Oromia_West Arsi",0.2083,0.1982,0.1108,0.3366,0.2258,0.3416
"ETH","Ethiopia",2024,"ET2024DHS","CH_VACC_C_NON",2,"Oromia_West Harerge",0.3329,0.3229,0.198,0.4929,0.2948,0.2789
"ETH","Ethiopia",2024,"ET2024DHS","CH_VACC_C_NON",2,"Oromia_West Shewa",0.2165,0.21,0.1258,0.3371,0.2114,0.3012
"ETH","Ethiopia",2024,"ET2024DHS","CH_VACC_C_NON",2,"Oromia_West Wellega",0.1331,0.1231,0.05063,0.2486,0.198,0.5119
"ETH","Ethiopia",2024,"ET2024DHS","CH_VACC_C_NON",2,"SNNPR_Alaba",0.1874,0.1768,0.08504,0.3203,0.2352,0.4087
"ETH","Ethiopia",2024,"ET2024DHS","CH_VACC_C_NON",2,"SNNPR_Basketo",0.2587,0.2522,0.1407,0.4019,0.2611,0.3207
"ETH","Ethiopia",2024,"ET2024DHS","CH_VACC_C_NON",2,"SNNPR_Bench Maji",0.2608,0.2539,0.1675,0.3766,0.2092,0.2492
"ETH","Ethiopia",2024,"ET2024DHS","CH_VACC_C_NON",2,"SNNPR_Dawro",0.1995,0.1925,0.1125,0.3086,0.1961,0.3202
"ETH","Ethiopia",2024,"ET2024DHS","CH_VACC_C_NON",2,"SNNPR_Gamo Gofa",0.3131,0.3092,0.2262,0.4167,0.1905,0.1899
"ETH","Ethiopia",2024,"ET2024DHS","CH_VACC_C_NON",2,"SNNPR_Gedio",0.2629,0.2562,0.1595,0.39,0.2305,0.2706
"ETH","Ethiopia",2024,"ET2024DHS","CH_VACC_C_NON",2,"SNNPR_Gurage",0.241,0.2371,0.1611,0.3328,0.1716,0.2281
"ETH","Ethiopia",2024,"ET2024DHS","CH_VACC_C_NON",2,"SNNPR_Hadiya",0.2934,0.289,0.2086,0.391,0.1823,0.1958
"ETH","Ethiopia",2024,"ET2024DHS","CH_VACC_C_NON",2,"SNNPR_Keffa",0.2396,0.2342,0.1583,0.335,0.1767,0.2241
"ETH","Ethiopia",2024,"ET2024DHS","CH_VACC_C_NON",2,"SNNPR_Konta",0.1788,0.1741,0.1016,0.2725,0.1709,0.3067
"ETH","Ethiopia",2024,"ET2024DHS","CH_VACC_C_NON",2,"SNNPR_KT",0.1339,0.1307,0.08852,0.1929,0.1044,0.2548
"ETH","Ethiopia",2024,"ET2024DHS","CH_VACC_C_NON",2,"SNNPR_Segen Peoples'",0.2835,0.2761,0.1598,0.4412,0.2814,0.3065
"ETH","Ethiopia",2024,"ET2024DHS","CH_VACC_C_NON",2,"SNNPR_Selti",0.1458,0.1405,0.06166,0.2564,0.1948,0.4214
"ETH","Ethiopia",2024,"ET2024DHS","CH_VACC_C_NON",2,"SNNPR_Sheka",0.1498,0.1425,0.07749,0.2432,0.1658,0.3623
"ETH","Ethiopia",2024,"ET2024DHS","CH_VACC_C_NON",2,"SNNPR_Sidama",0.2018,0.1978,0.1307,0.2833,0.1527,0.2318
"ETH","Ethiopia",2024,"ET2024DHS","CH_VACC_C_NON",2,"SNNPR_South Omo",0.2989,0.2944,0.1928,0.422,0.2292,0.2471
"ETH","Ethiopia",2024,"ET2024DHS","CH_VACC_C_NON",2,"SNNPR_Wolayita",0.1805,0.1743,0.09539,0.2839,0.1885,0.3459
"ETH","Ethiopia",2024,"ET2024DHS","CH_VACC_C_NON",2,"SNNPR_Yem",0.275,0.2743,0.2324,0.3205,0.08805,0.0984
"ETH","Ethiopia",2024,"ET2024DHS","CH_VACC_C_NON",2,"Somali_Afder",0.707,0.7118,0.5419,0.8488,0.3069,0.3171
"ETH","Ethiopia",2024,"ET2024DHS","CH_VACC_C_NON",2,"Somali_Doolo",0.5747,0.5745,0.4077,0.7256,0.318,0.2238
"ETH","Ethiopia",2024,"ET2024DHS","CH_VACC_C_NON",2,"Somali_Fafan",0.5408,0.5483,0.3683,0.696,0.3277,0.2246
"ETH","Ethiopia",2024,"ET2024DHS","CH_VACC_C_NON",2,"Somali_Jarar",0.6578,0.6641,0.5183,0.7777,0.2594,0.2355
"ETH","Ethiopia",2024,"ET2024DHS","CH_VACC_C_NON",2,"Somali_Korahe",0.7632,0.7662,0.672,0.8434,0.1714,0.2299
"ETH","Ethiopia",2024,"ET2024DHS","CH_VACC_C_NON",2,"Somali_Liben",0.6249,0.6333,0.4481,0.7839,0.3357,0.2792
"ETH","Ethiopia",2024,"ET2024DHS","CH_VACC_C_NON",2,"Somali_Nogob",0.6193,0.6208,0.5176,0.7172,0.1996,0.1671
"ETH","Ethiopia",2024,"ET2024DHS","CH_VACC_C_NON",2,"Somali_Shabelle",0.6656,0.6655,0.5713,0.7557,0.1844,0.1682
"ETH","Ethiopia",2024,"ET2024DHS","CH_VACC_C_NON",2,"Somali_Siti",0.4676,0.4692,0.2711,0.6568,0.3857,0.2512
"ETH","Ethiopia",2024,"ET2024DHS","CH_VACC_C_NON",2,"Tigray_Central",0.04462,0.04087,0.01956,0.08266,0.0631,0.5051
"ETH","Ethiopia",2024,"ET2024DHS","CH_VACC_C_NON",2,"Tigray_Eastern
",0.04531,0.03912,0.01543,0.09794,0.08251,0.7087
"ETH","Ethiopia",2024,"ET2024DHS","CH_VACC_C_NON",2,"Tigray_North Western",0.04876,0.04342,0.01808,0.09908,0.081,0.6371
"ETH","Ethiopia",2024,"ET2024DHS","CH_VACC_C_NON",2,"Tigray_Southern",0.05041,0.04682,0.02447,0.09006,0.06559,0.446
"ETH","Ethiopia",2024,"ET2024DHS","CH_VACC_C_NON",2,"Tigray_Western",0.0678,0.05826,0.01899,0.1556,0.1367,0.7628
"ETH","Ethiopia",2024,"ET2024DHS","CH_DIAT_C_ORT",1,"Addis Ababa",0.3174,0.3174,0.1869,0.4847,0.2978,0.2924
"ETH","Ethiopia",2024,"ET2024DHS","CH_DIAT_C_ORT",1,"Afar",0.4416,0.4416,0.3588,0.5277,0.1689,0.1174
"ETH","Ethiopia",2024,"ET2024DHS","CH_DIAT_C_ORT",1,"Amhara",0.1989,0.1989,0.1324,0.2877,0.1553,0.237
"ETH","Ethiopia",2024,"ET2024DHS","CH_DIAT_C_ORT",1,"Beneshangul Gumu",0.3777,0.3777,0.275,0.4926,0.2176,0.1778
"ETH","Ethiopia",2024,"ET2024DHS","CH_DIAT_C_ORT",1,"Dire Dawa",0.4833,0.4833,0.3697,0.5986,0.2289,0.1466
"ETH","Ethiopia",2024,"ET2024DHS","CH_DIAT_C_ORT",1,"Gambela",0.4504,0.4504,0.3684,0.5352,0.1667,0.1136
"ETH","Ethiopia",2024,"ET2024DHS","CH_DIAT_C_ORT",1,"Hareri",0.52,0.52,0.4037,0.6342,0.2305,0.1487
"ETH","Ethiopia",2024,"ET2024DHS","CH_DIAT_C_ORT",1,"Oromia",0.3119,0.3119,0.2312,0.4057,0.1745,0.1715
"ETH","Ethiopia",2024,"ET2024DHS","CH_DIAT_C_ORT",1,"SNNPR",0.2464,0.2464,0.207,0.2905,0.08352,0.1031
"ETH","Ethiopia",2024,"ET2024DHS","CH_DIAT_C_ORT",1,"Somali",0.4949,0.4949,0.3856,0.6046,0.219,0.1368
"ETH","Ethiopia",2024,"ET2024DHS","CH_DIAT_C_ORT",1,"Tigray",0.4113,0.4113,0.3563,0.4686,0.1124,0.08339
"ETH","Ethiopia",2024,"ET2024DHS","CH_DIAT_C_ORT",2,"Addis Ababa_Region 14",0.3231,0.3156,0.1933,0.4908,0.2974,0.2842
"ETH","Ethiopia",2024,"ET2024DHS","CH_DIAT_C_ORT",2,"Afar_Zone 1",0.3791,0.3785,0.2642,0.5023,0.2381,0.1897
"ETH","Ethiopia",2024,"ET2024DHS","CH_DIAT_C_ORT",2,"Afar_Zone 2",0.5852,0.5873,0.4777,0.6885,0.2108,0.1578
"ETH","Ethiopia",2024,"ET2024DHS","CH_DIAT_C_ORT",2,"Afar_Zone 3",0.342,0.3405,0.2787,0.4095,0.1308,0.1208
"ETH","Ethiopia",2024,"ET2024DHS","CH_DIAT_C_ORT",2,"Afar_Zone 4",0.3128,0.3064,0.1919,0.4564,0.2645,0.2648
"ETH","Ethiopia",2024,"ET2024DHS","CH_DIAT_C_ORT",2,"Afar_Zone 5",0.3982,0.394,0.2808,0.5363,0.2555,0.1911
"ETH","Ethiopia",2024,"ET2024DHS","CH_DIAT_C_ORT",2,"Amhara_Awi/Agew",0.3929,0.394,0.2914,0.497,0.2056,0.1568
"ETH","Ethiopia",2024,"ET2024DHS","CH_DIAT_C_ORT",2,"Amhara_East Gojam",0.2847,0.2707,0.132,0.5022,0.3702,0.4175
"ETH","Ethiopia",2024,"ET2024DHS","CH_DIAT_C_ORT",2,"Amhara_North Gonder",0.2873,0.2757,0.154,0.4535,0.2996,0.335
"ETH","Ethiopia",2024,"ET2024DHS","CH_DIAT_C_ORT",2,"Amhara_North Shewa(R3)",0.197,0.1847,0.08467,0.3513,0.2666,0.4399
"ETH","Ethiopia",2024,"ET2024DHS","CH_DIAT_C_ORT",2,"Amhara_North Wollo",0.198,0.1831,0.08583,0.3557,0.2698,0.4539
"ETH","Ethiopia",2024,"ET2024DHS","CH_DIAT_C_ORT",2,"Amhara_Oromia",0.2294,0.2202,0.1139,0.3763,0.2623,0.3618
"ETH","Ethiopia",2024,"ET2024DHS","CH_DIAT_C_ORT",2,"Amhara_South Gonder",0.2438,0.2306,0.1268,0.4039,0.2771,0.3591
"ETH","Ethiopia",2024,"ET2024DHS","CH_DIAT_C_ORT",2,"Amhara_South Wollo",0.2005,0.192,0.09086,0.3476,0.2568,0.4112
"ETH","Ethiopia",2024,"ET2024DHS","CH_DIAT_C_ORT",2,"Amhara_Special Woreda",0.2464,0.2276,0.08923,0.4748,0.3856,0.5242
"ETH","Ethiopia",2024,"ET2024DHS","CH_DIAT_C_ORT",2,"Amhara_Wag Himra",0.2575,0.2571,0.2425,0.2734,0.03084,0.03589
"ETH","Ethiopia",2024,"ET2024DHS","CH_DIAT_C_ORT",2,"Amhara_West Gojam",0.2673,0.2606,0.1699,0.3926,0.2227,0.2607
"ETH","Ethiopia",2024,"ET2024DHS","CH_DIAT_C_ORT",2,"Beneshangul Gumu_Asosa",0.4243,0.4213,0.2673,0.5941,0.3269,0.2383
"ETH","Ethiopia",2024,"ET2024DHS","CH_DIAT_C_ORT",2,"Beneshangul Gumu_Kemashi",0.4256,0.4271,0.2918,0.5644,0.2726,0.1968
"ETH","Ethiopia",2024,"ET2024DHS","CH_DIAT_C_ORT",2,"Beneshangul Gumu_Metekel",0.3571,0.3537,0.2318,0.4861,0.2542,0.2222
"ETH","Ethiopia",2024,"ET2024DHS","CH_DIAT_C_ORT",2,"Dire Dawa_Dire Dawa",0.484,0.4842,0.366,0.5966,0.2306,0.1443
"ETH","Ethiopia",2024,"ET2024DHS","CH_DIAT_C_ORT",2,"Gambela_Agnuak",0.4336,0.4344,0.3426,0.5242,0.1815,0.1312
"ETH","Ethiopia",2024,"ET2024DHS","CH_DIAT_C_ORT",2,"Gambela_Majang",0.5927,0.6002,0.3954,0.7688,0.3734,0.2825
"ETH","Ethiopia",2024,"ET2024DHS","CH_DIAT_C_ORT",2,"Gambela_Nuer",0.4109,0.4117,0.2616,0.5731,0.3115,0.2313
"ETH","Ethiopia",2024,"ET2024DHS","CH_DIAT_C_ORT",2,"Hareri_Hareri",0.5199,0.5214,0.4005,0.6327,0.2322,0.1464
"ETH","Ethiopia",2024,"ET2024DHS","CH_DIAT_C_ORT",2,"Oromia_Arsi",0.2556,0.254,0.1621,0.3555,0.1934,0.2308
"ETH","Ethiopia",2024,"ET2024DHS","CH_DIAT_C_ORT",2,"Oromia_Bale",0.5883,0.5893,0.479,0.6985,0.2194,0.1611
"ETH","Ethiopia",2024,"ET2024DHS","CH_DIAT_C_ORT",2,"Oromia_Borena",0.2588,0.243,0.1087,0.4589,0.3503,0.4389
"ETH","Ethiopia",2024,"ET2024DHS","CH_DIAT_C_ORT",2,"Oromia_East Harerge",0.3173,0.3047,0.1467,0.5315,0.3848,0.3791
"ETH","Ethiopia",2024,"ET2024DHS","CH_DIAT_C_ORT",2,"Oromia_East Shewa",0.2143,0.2063,0.1113,0.339,0.2276,0.3469
"ETH","Ethiopia",2024,"ET2024DHS","CH_DIAT_C_ORT",2,"Oromia_East Wellega",0.195,0.1803,0.0936,0.3394,0.2458,0.4219
"ETH","Ethiopia",2024,"ET2024DHS","CH_DIAT_C_ORT",2,"Oromia_Guji",0.1824,0.1729,0.08771,0.3154,0.2277,0.4024
"ETH","Ethiopia",2024,"ET2024DHS","CH_DIAT_C_ORT",2,"Oromia_Horo Guduru",0.3167,0.3079,0.1464,0.5319,0.3855,0.37
"ETH","Ethiopia",2024,"ET2024DHS","CH_DIAT_C_ORT",2,"Oromia_Ilubabor",0.392,0.3827,0.2122,0.5984,0.3862,0.3112
"ETH","Ethiopia",2024,"ET2024DHS","CH_DIAT_C_ORT",2,"Oromia_Jimma",0.2035,0.1935,0.09854,0.3352,0.2367,0.3832
"ETH","Ethiopia",2024,"ET2024DHS","CH_DIAT_C_ORT",2,"Oromia_Kelem Wellega",0.291,0.2784,0.1203,0.4986,0.3784,0.4266
"ETH","Ethiopia",2024,"ET2024DHS","CH_DIAT_C_ORT",2,"Oromia_North Shewa(R4)",0.2278,0.2261,0.1756,0.2887,0.1131,0.1518
"ETH","Ethiopia",2024,"ET2024DHS","CH_DIAT_C_ORT",2,"Oromia_South West Shewa",0.368,0.3661,0.2966,0.4474,0.1508,0.1237
"ETH","Ethiopia",2024,"ET2024DHS","CH_DIAT_C_ORT",2,"Oromia_West Arsi",0.2879,0.2812,0.1561,0.4459,0.2898,0.3172
"ETH","Ethiopia",2024,"ET2024DHS","CH_DIAT_C_ORT",2,"Oromia_West Harerge",0.2636,0.2532,0.139,0.4147,0.2757,0.3441
"ETH","Ethiopia",2024,"ET2024DHS","CH_DIAT_C_ORT",2,"Oromia_West Shewa",0.1864,0.1779,0.09026,0.3127,0.2224,0.3809
"ETH","Ethiopia",2024,"ET2024DHS","CH_DIAT_C_ORT",2,"Oromia_West Wellega",0.291,0.2837,0.1558,0.4641,0.3083,0.33
"ETH","Ethiopia",2024,"ET2024DHS","CH_DIAT_C_ORT",2,"SNNPR_Alaba",0.3753,0.363,0.2249,0.5611,0.3362,0.28
"ETH","Ethiopia",2024,"ET2024DHS","CH_DIAT_C_ORT",2,"SNNPR_Basketo",0.215,0.2055,0.1059,0.3566,0.2507,0.3675
"ETH","Ethiopia",2024,"ET2024DHS","CH_DIAT_C_ORT",2,"SNNPR_Bench Maji",0.3075,0.302,0.1924,0.4379,0.2455,0.2452
"ETH","Ethiopia",2024,"ET2024DHS","CH_DIAT_C_ORT",2,"SNNPR_Dawro",0.2833,0.2794,0.1591,0.4339,0.2748,0.301
"ETH","Ethiopia",2024,"ET2024DHS","CH_DIAT_C_ORT",2,"SNNPR_Gamo Gofa",0.1874,0.1835,0.1186,0.2675,0.1488,0.2446
"ETH","Ethiopia",2024,"ET2024DHS","CH_DIAT_C_ORT",2,"SNNPR_Gedio",0.2178,0.2092,0.1091,0.3473,0.2382,0.3442
"ETH","Ethiopia",2024,"ET2024DHS","CH_DIAT_C_ORT",2,"SNNPR_Gurage",0.3115,0.3094,0.2031,0.4266,0.2235,0.2203
"ETH","Ethiopia",2024,"ET2024DHS","CH_DIAT_C_ORT",2,"SNNPR_Hadiya",0.4185,0.4125,0.2903,0.5579,0.2675,0.1984
"ETH","Ethiopia",2024,"ET2024DHS","CH_DIAT_C_ORT",2,"SNNPR_Keffa",0.1995,0.1939,0.1077,0.3074,0.1997,0.3172
"ETH","Ethiopia",2024,"ET2024DHS","CH_DIAT_C_ORT",2,"SNNPR_Konta",0.2372,0.2339,0.1704,0.3134,0.143,0.1886
"ETH","Ethiopia",2024,"ET2024DHS","CH_DIAT_C_ORT",2,"SNNPR_KT",0.3145,0.3092,0.1943,0.4534,0.2592,0.2536
"ETH","Ethiopia",2024,"ET2024DHS","CH_DIAT_C_ORT",2,"SNNPR_Segen Peoples'",0.342,0.3375,0.2277,0.4761,0.2483,0.2295
"ETH","Ethiopia",2024,"ET2024DHS","CH_DIAT_C_ORT",2,"SNNPR_Selti",0.4017,0.3979,0.2769,0.5386,0.2618,0.2
"ETH","Ethiopia",2024,"ET2024DHS","CH_DIAT_C_ORT",2,"SNNPR_Sheka",0.3298,0.3282,0.2168,0.4553,0.2385,0.2193
"ETH","Ethiopia",2024,"ET2024DHS","CH_DIAT_C_ORT",2,"SNNPR_Sidama",0.185,0.1812,0.1289,0.2552,0.1263,0.2141
"ETH","Ethiopia",2024,"ET2024DHS","CH_DIAT_C_ORT",2,"SNNPR_South Omo",0.3381,0.3349,0.2588,0.4268,0.168,0.1522
"ETH","Ethiopia",2024,"ET2024DHS","CH_DIAT_C_ORT",2,"SNNPR_Wolayita",0.2839,0.2812,0.1849,0.3895,0.2046,0.2283
"ETH","Ethiopia",2024,"ET2024DHS","CH_DIAT_C_ORT",2,"SNNPR_Yem",0.3648,0.3626,0.2031,0.5421,0.339,0.2828
"ETH","Ethiopia",2024,"ET2024DHS","CH_DIAT_C_ORT",2,"Somali_Afder",0.4722,0.4716,0.2735,0.6931,0.4195,0.2682
"ETH","Ethiopia",2024,"ET2024DHS","CH_DIAT_C_ORT",2,"Somali_Doolo",0.6988,0.7053,0.5545,0.8222,0.2677,0.2862
"ETH","Ethiopia",2024,"ET2024DHS","CH_DIAT_C_ORT",2,"Somali_Fafan",0.5258,0.5254,0.4164,0.6312,0.2148,0.1368
"ETH","Ethiopia",2024,"ET2024DHS","CH_DIAT_C_ORT",2,"Somali_Jarar",0.4804,0.4827,0.2868,0.6904,0.4036,0.251
"ETH","Ethiopia",2024,"ET2024DHS","CH_DIAT_C_ORT",2,"Somali_Korahe",0.342,0.3333,0.196,0.5178,0.3219,0.3026
"ETH","Ethiopia",2024,"ET2024DHS","CH_DIAT_C_ORT",2,"Somali_Liben",0.3198,0.3107,0.1545,0.5306,0.3761,0.3687
"ETH","Ethiopia",2024,"ET2024DHS","CH_DIAT_C_ORT",2,"Somali_Nogob",0.465,0.4637,0.307,0.6282,0.3212,0.2137
"ETH","Ethiopia",2024,"ET2024DHS","CH_DIAT_C_ORT",2,"Somali_Shabelle",0.435,0.431,0.3205,0.5575,0.237,0.1678
"ETH","Ethiopia",2024,"ET2024DHS","CH_DIAT_C_ORT",2,"Somali_Siti",0.4496,0.4485,0.2142,0.6995,0.4853,0.3286
"ETH","Ethiopia",2024,"ET2024DHS","CH_DIAT_C_ORT",2,"Tigray_Central",0.422,0.4181,0.293,0.5688,0.2758,0.1976
"ETH","Ethiopia",2024,"ET2024DHS","CH_DIAT_C_ORT",2,"Tigray_Eastern
",0.4898,0.4883,0.3588,0.6211,0.2622,0.1656
"ETH","Ethiopia",2024,"ET2024DHS","CH_DIAT_C_ORT",2,"Tigray_North Western",0.371,0.3707,0.3106,0.438,0.1273,0.1047
"ETH","Ethiopia",2024,"ET2024DHS","CH_DIAT_C_ORT",2,"Tigray_Southern",0.3821,0.3812,0.325,0.4419,0.1169,0.09331
"ETH","Ethiopia",2024,"ET2024DHS","CH_DIAT_C_ORT",2,"Tigray_Western",0.462,0.4576,0.2691,0.6708,0.4017,0.2744
"ETH","Ethiopia",2024,"ET2024DHS","ED_LITR_W_LIT",1,"Addis Ababa",0.8505,0.8505,0.8263,0.8718,0.04544,0.09226
"ETH","Ethiopia",2024,"ET2024DHS","ED_LITR_W_LIT",1,"Afar",0.2659,0.2659,0.229,0.3064,0.07738,0.08856
"ETH","Ethiopia",2024,"ET2024DHS","ED_LITR_W_LIT",1,"Amhara",0.6145,0.6145,0.5804,0.6474,0.06699,0.05289
"ETH","Ethiopia",2024,"ET2024DHS","ED_LITR_W_LIT",1,"Beneshangul Gumu",0.5084,0.5084,0.4463,0.5703,0.1239,0.07702
"ETH","Ethiopia",2024,"ET2024DHS","ED_LITR_W_LIT",1,"Dire Dawa",0.6443,0.6443,0.5895,0.6956,0.1061,0.09102
"ETH","Ethiopia",2024,"ET2024DHS","ED_LITR_W_LIT",1,"Gambela",0.431,0.431,0.3736,0.4903,0.1167,0.0827
"ETH","Ethiopia",2024,"ET2024DHS","ED_LITR_W_LIT",1,"Hareri",0.6888,0.6888,0.6433,0.7309,0.08757,0.08569
"ETH","Ethiopia",2024,"ET2024DHS","ED_LITR_W_LIT",1,"Oromia",0.5481,0.5481,0.5123,0.5833,0.07101,0.04784
"ETH","Ethiopia",2024,"ET2024DHS","ED_LITR_W_LIT",1,"SNNPR",0.4758,0.4758,0.4505,0.5012,0.05067,0.0324
"ETH","Ethiopia",2024,"ET2024DHS","ED_LITR_W_LIT",1,"Somali",0.3382,0.3382,0.2804,0.4013,0.1209,0.1091
"ETH","Ethiopia",2024,"ET2024DHS","ED_LITR_W_LIT",1,"Tigray",0.6272,0.6272,0.5952,0.658,0.06284,0.05129
"ETH","Ethiopia",2024,"ET2024DHS","ED_LITR_W_LIT",2,"Addis Ababa_Region 14",0.8501,0.8502,0.828,0.8709,0.04283,0.09113
"ETH","Ethiopia",2024,"ET2024DHS","ED_LITR_W_LIT",2,"Afar_Zone 1",0.2977,0.2959,0.2182,0.3858,0.1676,0.1733
"ETH","Ethiopia",2024,"ET2024DHS","ED_LITR_W_LIT",2,"Afar_Zone 2",0.256,0.2538,0.1881,0.3309,0.1428,0.1699
"ETH","Ethiopia",2024,"ET2024DHS","ED_LITR_W_LIT",2,"Afar_Zone 3",0.2754,0.2739,0.195,0.3596,0.1646,0.182
"ETH","Ethiopia",2024,"ET2024DHS","ED_LITR_W_LIT",2,"Afar_Zone 4",0.1993,0.1933,0.1037,0.3196,0.216,0.3504
"ETH","Ethiopia",2024,"ET2024DHS","ED_LITR_W_LIT",2,"Afar_Zone 5",0.2769,0.2674,0.1703,0.4042,0.2339,0.2686
"ETH","Ethiopia",2024,"ET2024DHS","ED_LITR_W_LIT",2,"Amhara_Awi/Agew",0.5956,0.6005,0.4605,0.7288,0.2683,0.2016
"ETH","Ethiopia",2024,"ET2024DHS","ED_LITR_W_LIT",2,"Amhara_East Gojam",0.6452,0.6481,0.5227,0.7539,0.2312,0.1996
"ETH","Ethiopia",2024,"ET2024DHS","ED_LITR_W_LIT",2,"Amhara_North Gonder",0.6051,0.6066,0.532,0.671,0.139,0.1077
"ETH","Ethiopia",2024,"ET2024DHS","ED_LITR_W_LIT",2,"Amhara_North Shewa(R3)",0.613,0.6148,0.5262,0.6976,0.1714,0.1364
"ETH","Ethiopia",2024,"ET2024DHS","ED_LITR_W_LIT",2,"Amhara_North Wollo",0.6571,0.6595,0.5639,0.7476,0.1837,0.1645
"ETH","Ethiopia",2024,"ET2024DHS","ED_LITR_W_LIT",2,"Amhara_Oromia",0.4651,0.4689,0.3528,0.5688,0.216,0.1383
"ETH","Ethiopia",2024,"ET2024DHS","ED_LITR_W_LIT",2,"Amhara_South Gonder",0.5752,0.5751,0.5,0.6481,0.148,0.1109
"ETH","Ethiopia",2024,"ET2024DHS","ED_LITR_W_LIT",2,"Amhara_South Wollo",0.6622,0.6653,0.5926,0.725,0.1325,0.1237
"ETH","Ethiopia",2024,"ET2024DHS","ED_LITR_W_LIT",2,"Amhara_Special Woreda",0.5735,0.581,0.3443,0.7723,0.428,0.31
"ETH","Ethiopia",2024,"ET2024DHS","ED_LITR_W_LIT",2,"Amhara_Wag Himra",0.4412,0.4392,0.2878,0.585,0.2972,0.2041
"ETH","Ethiopia",2024,"ET2024DHS","ED_LITR_W_LIT",2,"Amhara_West Gojam",0.6213,0.623,0.5332,0.7011,0.168,0.1379
"ETH","Ethiopia",2024,"ET2024DHS","ED_LITR_W_LIT",2,"Beneshangul Gumu_Asosa",0.5113,0.5115,0.4181,0.5997,0.1817,0.1169
"ETH","Ethiopia",2024,"ET2024DHS","ED_LITR_W_LIT",2,"Beneshangul Gumu_Kemashi",0.2182,0.2141,0.1627,0.2843,0.1215,0.1713
"ETH","Ethiopia",2024,"ET2024DHS","ED_LITR_W_LIT",2,"Beneshangul Gumu_Metekel",0.4697,0.4709,0.3731,0.5616,0.1885,0.1236
"ETH","Ethiopia",2024,"ET2024DHS","ED_LITR_W_LIT",2,"Dire Dawa_Dire Dawa",0.6426,0.6429,0.5901,0.6965,0.1064,0.0908
"ETH","Ethiopia",2024,"ET2024DHS","ED_LITR_W_LIT",2,"Gambela_Agnuak",0.4921,0.4897,0.4355,0.5507,0.1152,0.07412
"ETH","Ethiopia",2024,"ET2024DHS","ED_LITR_W_LIT",2,"Gambela_Majang",0.4783,0.4777,0.3749,0.5817,0.2068,0.1323
"ETH","Ethiopia",2024,"ET2024DHS","ED_LITR_W_LIT",2,"Gambela_Nuer",0.1904,0.1866,0.1168,0.2741,0.1573,0.2555
"ETH","Ethiopia",2024,"ET2024DHS","ED_LITR_W_LIT",2,"Hareri_Hareri",0.6886,0.6898,0.6414,0.7304,0.08899,0.08715
"ETH","Ethiopia",2024,"ET2024DHS","ED_LITR_W_LIT",2,"Oromia_Arsi",0.6398,0.6412,0.5589,0.7166,0.1577,0.1366
"ETH","Ethiopia",2024,"ET2024DHS","ED_LITR_W_LIT",2,"Oromia_Bale",0.5522,0.5536,0.4199,0.6875,0.2677,0.1815
"ETH","Ethiopia",2024,"ET2024DHS","ED_LITR_W_LIT",2,"Oromia_Borena",0.4414,0.4407,0.3334,0.557,0.2236,0.1515
"ETH","Ethiopia",2024,"ET2024DHS","ED_LITR_W_LIT",2,"Oromia_East Harerge",0.4057,0.4043,0.2729,0.5397,0.2668,0.198
"ETH","Ethiopia",2024,"ET2024DHS","ED_LITR_W_LIT",2,"Oromia_East Shewa",0.6472,0.6498,0.5371,0.7487,0.2116,0.1779
"ETH","Ethiopia",2024,"ET2024DHS","ED_LITR_W_LIT",2,"Oromia_East Wellega",0.5905,0.5899,0.5442,0.6354,0.09126,0.06957
"ETH","Ethiopia",2024,"ET2024DHS","ED_LITR_W_LIT",2,"Oromia_Guji",0.4673,0.4677,0.3918,0.5443,0.1526,0.101
"ETH","Ethiopia",2024,"ET2024DHS","ED_LITR_W_LIT",2,"Oromia_Horo Guduru",0.6318,0.6347,0.5201,0.7397,0.2196,0.1833
"ETH","Ethiopia",2024,"ET2024DHS","ED_LITR_W_LIT",2,"Oromia_Ilubabor",0.5165,0.5166,0.4127,0.6176,0.205,0.1341
"ETH","Ethiopia",2024,"ET2024DHS","ED_LITR_W_LIT",2,"Oromia_Jimma",0.4374,0.4369,0.3719,0.5049,0.133,0.09042
"ETH","Ethiopia",2024,"ET2024DHS","ED_LITR_W_LIT",2,"Oromia_Kelem Wellega",0.5191,0.5191,0.4516,0.587,0.1354,0.08504
"ETH","Ethiopia",2024,"ET2024DHS","ED_LITR_W_LIT",2,"Oromia_North Shewa(R4)",0.5258,0.5296,0.4096,0.6317,0.2221,0.1478
"ETH","Ethiopia",2024,"ET2024DHS","ED_LITR_W_LIT",2,"Oromia_South West Shewa",0.5979,0.5996,0.4547,0.7345,0.2799,0.2152
"ETH","Ethiopia",2024,"ET2024DHS","ED_LITR_W_LIT",2,"Oromia_West Arsi",0.5475,0.547,0.4198,0.6689,0.2491,0.1664
"ETH","Ethiopia",2024,"ET2024DHS","ED_LITR_W_LIT",2,"Oromia_West Harerge",0.4819,0.4834,0.3554,0.6058,0.2505,0.1596
"ETH","Ethiopia",2024,"ET2024DHS","ED_LITR_W_LIT",2,"Oromia_West Shewa",0.6614,0.6611,0.5871,0.7367,0.1497,0.134
"ETH","Ethiopia",2024,"ET2024DHS","ED_LITR_W_LIT",2,"Oromia_West Wellega",0.6424,0.6434,0.5813,0.7022,0.1209,0.103
"ETH","Ethiopia",2024,"ET2024DHS","ED_LITR_W_LIT",2,"SNNPR_Alaba",0.4222,0.4232,0.3177,0.5259,0.2082,0.147
"ETH","Ethiopia",2024,"ET2024DHS","ED_LITR_W_LIT",2,"SNNPR_Basketo",0.5174,0.5186,0.3536,0.6843,0.3308,0.2129
"ETH","Ethiopia",2024,"ET2024DHS","ED_LITR_W_LIT",2,"SNNPR_Bench Maji",0.3355,0.3347,0.2554,0.4225,0.1671,0.1541
"ETH","Ethiopia",2024,"ET2024DHS","ED_LITR_W_LIT",2,"SNNPR_Dawro",0.3807,0.3803,0.3191,0.4404,0.1214,0.09568
"ETH","Ethiopia",2024,"ET2024DHS","ED_LITR_W_LIT",2,"SNNPR_Gamo Gofa",0.4462,0.4453,0.3494,0.5456,0.1963,0.1341
"ETH","Ethiopia",2024,"ET2024DHS","ED_LITR_W_LIT",2,"SNNPR_Gedio",0.3841,0.3817,0.2761,0.5023,0.2262,0.1811
"ETH","Ethiopia",2024,"ET2024DHS","ED_LITR_W_LIT",2,"SNNPR_Gurage",0.5583,0.5579,0.4927,0.6222,0.1295,0.08938
"ETH","Ethiopia",2024,"ET2024DHS","ED_LITR_W_LIT",2,"SNNPR_Hadiya",0.5299,0.5313,0.4548,0.6036,0.1489,0.09849
"ETH","Ethiopia",2024,"ET2024DHS","ED_LITR_W_LIT",2,"SNNPR_Keffa",0.4383,0.4373,0.3394,0.5481,0.2088,0.1425
"ETH","Ethiopia",2024,"ET2024DHS","ED_LITR_W_LIT",2,"SNNPR_Konta",0.2276,0.2256,0.1489,0.3153,0.1664,0.2306
"ETH","Ethiopia",2024,"ET2024DHS","ED_LITR_W_LIT",2,"SNNPR_KT",0.6799,0.6804,0.6179,0.7386,0.1207,0.1149
"ETH","Ethiopia",2024,"ET2024DHS","ED_LITR_W_LIT",2,"SNNPR_Segen Peoples'",0.437,0.4351,0.3225,0.5631,0.2406,0.1695
"ETH","Ethiopia",2024,"ET2024DHS","ED_LITR_W_LIT",2,"SNNPR_Selti",0.5029,0.5031,0.402,0.6081,0.2061,0.1307
"ETH","Ethiopia",2024,"ET2024DHS","ED_LITR_W_LIT",2,"SNNPR_Sheka",0.549,0.5494,0.4221,0.669,0.247,0.1664
"ETH","Ethiopia",2024,"ET2024DHS","ED_LITR_W_LIT",2,"SNNPR_Sidama",0.5049,0.5061,0.4587,0.5504,0.0917,0.0564
"ETH","Ethiopia",2024,"ET2024DHS","ED_LITR_W_LIT",2,"SNNPR_South Omo",0.3671,0.362,0.2383,0.5109,0.2726,0.2269
"ETH","Ethiopia",2024,"ET2024DHS","ED_LITR_W_LIT",2,"SNNPR_Wolayita",0.4892,0.4903,0.4029,0.5771,0.1742,0.1082
"ETH","Ethiopia",2024,"ET2024DHS","ED_LITR_W_LIT",2,"SNNPR_Yem",0.4626,0.4625,0.4616,0.4636,0.00191,0.00123
"ETH","Ethiopia",2024,"ET2024DHS","ED_LITR_W_LIT",2,"Somali_Afder",0.3421,0.3375,0.2252,0.4766,0.2514,0.2271
"ETH","Ethiopia",2024,"ET2024DHS","ED_LITR_W_LIT",2,"Somali_Doolo",0.3098,0.3082,0.2328,0.3898,0.157,0.1626
"ETH","Ethiopia",2024,"ET2024DHS","ED_LITR_W_LIT",2,"Somali_Fafan",0.3644,0.364,0.2597,0.4715,0.2118,0.1811
"ETH","Ethiopia",2024,"ET2024DHS","ED_LITR_W_LIT",2,"Somali_Jarar",0.2939,0.2924,0.2005,0.398,0.1975,0.2113
"ETH","Ethiopia",2024,"ET2024DHS","ED_LITR_W_LIT",2,"Somali_Korahe",0.2311,0.2222,0.1186,0.3806,0.262,0.3498
"ETH","Ethiopia",2024,"ET2024DHS","ED_LITR_W_LIT",2,"Somali_Liben",0.2001,0.1984,0.1474,0.2607,0.1133,0.1748
"ETH","Ethiopia",2024,"ET2024DHS","ED_LITR_W_LIT",2,"Somali_Nogob",0.324,0.3195,0.1957,0.475,0.2792,0.257
"ETH","Ethiopia",2024,"ET2024DHS","ED_LITR_W_LIT",2,"Somali_Shabelle",0.2938,0.291,0.2105,0.3796,0.1691,0.1766
"ETH","Ethiopia",2024,"ET2024DHS","ED_LITR_W_LIT",2,"Somali_Siti",0.3894,0.3859,0.2661,0.5295,0.2634,0.2066
"ETH","Ethiopia",2024,"ET2024DHS","ED_LITR_W_LIT",2,"Tigray_Central",0.5869,0.5891,0.51,0.6594,0.1495,0.1132
"ETH","Ethiopia",2024,"ET2024DHS","ED_LITR_W_LIT",2,"Tigray_Eastern
",0.7074,0.7096,0.6284,0.7798,0.1514,0.1614
"ETH","Ethiopia",2024,"ET2024DHS","ED_LITR_W_LIT",2,"Tigray_North Western",0.6369,0.637,0.5579,0.7125,0.1546,0.1318
"ETH","Ethiopia",2024,"ET2024DHS","ED_LITR_W_LIT",2,"Tigray_Southern",0.6221,0.6246,0.5401,0.6931,0.153,0.1225
"ETH","Ethiopia",2024,"ET2024DHS","ED_LITR_W_LIT",2,"Tigray_Western",0.5862,0.5875,0.4963,0.6761,0.1798,0.1342
"ETH","Ethiopia",2024,"ET2024DHS","CO_MOBB_W_MOB",1,"Addis Ababa",0.8812,0.8812,0.8633,0.897,0.03365,0.08594
"ETH","Ethiopia",2024,"ET2024DHS","CO_MOBB_W_MOB",1,"Afar",0.4288,0.4288,0.3827,0.4761,0.09345,0.06644
"ETH","Ethiopia",2024,"ET2024DHS","CO_MOBB_W_MOB",1,"Amhara",0.5261,0.5261,0.4877,0.5643,0.0766,0.04923
"ETH","Ethiopia",2024,"ET2024DHS","CO_MOBB_W_MOB",1,"Beneshangul Gumu",0.5037,0.5037,0.4461,0.5611,0.1151,0.07078
"ETH","Ethiopia",2024,"ET2024DHS","CO_MOBB_W_MOB",1,"Dire Dawa",0.6861,0.6861,0.654,0.7166,0.06268,0.06077
"ETH","Ethiopia",2024,"ET2024DHS","CO_MOBB_W_MOB",1,"Gambela",0.5438,0.5438,0.4917,0.595,0.1033,0.06908
"ETH","Ethiopia",2024,"ET2024DHS","CO_MOBB_W_MOB",1,"Hareri",0.6622,0.6622,0.6072,0.7132,0.1059,0.09564
"ETH","Ethiopia",2024,"ET2024DHS","CO_MOBB_W_MOB",1,"Oromia",0.43,0.43,0.3928,0.468,0.07523,0.05328
"ETH","Ethiopia",2024,"ET2024DHS","CO_MOBB_W_MOB",1,"SNNPR",0.3935,0.3935,0.371,0.4165,0.04559,0.03524
"ETH","Ethiopia",2024,"ET2024DHS","CO_MOBB_W_MOB",1,"Somali",0.6573,0.6573,0.599,0.7113,0.1123,0.09995
"ETH","Ethiopia",2024,"ET2024DHS","CO_MOBB_W_MOB",1,"Tigray",0.4682,0.4682,0.4324,0.5044,0.07199,0.04682
"ETH","Ethiopia",2024,"ET2024DHS","CO_MOBB_W_MOB",2,"Addis Ababa_Region 14",0.881,0.8817,0.864,0.8967,0.03264,0.08469
"ETH","Ethiopia",2024,"ET2024DHS","CO_MOBB_W_MOB",2,"Afar_Zone 1",0.4706,0.4709,0.3697,0.5742,0.2045,0.1277
"ETH","Ethiopia",2024,"ET2024DHS","CO_MOBB_W_MOB",2,"Afar_Zone 2",0.4027,0.4018,0.3262,0.4831,0.1569,0.1212
"ETH","Ethiopia",2024,"ET2024DHS","CO_MOBB_W_MOB",2,"Afar_Zone 3",0.4204,0.4183,0.3233,0.5211,0.1977,0.1459
"ETH","Ethiopia",2024,"ET2024DHS","CO_MOBB_W_MOB",2,"Afar_Zone 4",0.2791,0.2738,0.1929,0.3796,0.1867,0.2069
"ETH","Ethiopia",2024,"ET2024DHS","CO_MOBB_W_MOB",2,"Afar_Zone 5",0.4567,0.4543,0.3177,0.5982,0.2805,0.1852
"ETH","Ethiopia",2024,"ET2024DHS","CO_MOBB_W_MOB",2,"Amhara_Awi/Agew",0.4523,0.4513,0.2975,0.615,0.3175,0.2217
"ETH","Ethiopia",2024,"ET2024DHS","CO_MOBB_W_MOB",2,"Amhara_East Gojam",0.5673,0.5665,0.4249,0.7157,0.2908,0.2068
"ETH","Ethiopia",2024,"ET2024DHS","CO_MOBB_W_MOB",2,"Amhara_North Gonder",0.469,0.4685,0.3803,0.5605,0.1802,0.1168
"ETH","Ethiopia",2024,"ET2024DHS","CO_MOBB_W_MOB",2,"Amhara_North Shewa(R3)",0.5356,0.5354,0.4217,0.6501,0.2284,0.1476
"ETH","Ethiopia",2024,"ET2024DHS","CO_MOBB_W_MOB",2,"Amhara_North Wollo",0.5804,0.5842,0.4693,0.6837,0.2144,0.1549
"ETH","Ethiopia",2024,"ET2024DHS","CO_MOBB_W_MOB",2,"Amhara_Oromia",0.4568,0.4561,0.411,0.5036,0.09263,0.06119
"ETH","Ethiopia",2024,"ET2024DHS","CO_MOBB_W_MOB",2,"Amhara_South Gonder",0.4253,0.426,0.3155,0.54,0.2245,0.1602
"ETH","Ethiopia",2024,"ET2024DHS","CO_MOBB_W_MOB",2,"Amhara_South Wollo",0.6326,0.6334,0.5426,0.7173,0.1747,0.1443
"ETH","Ethiopia",2024,"ET2024DHS","CO_MOBB_W_MOB",2,"Amhara_Special Woreda",0.5149,0.5143,0.3002,0.7471,0.4469,0.2778
"ETH","Ethiopia",2024,"ET2024DHS","CO_MOBB_W_MOB",2,"Amhara_Wag Himra",0.2835,0.2817,0.2237,0.3489,0.1253,0.1357
"ETH","Ethiopia",2024,"ET2024DHS","CO_MOBB_W_MOB",2,"Amhara_West Gojam",0.5184,0.5184,0.4143,0.6199,0.2055,0.1285
"ETH","Ethiopia",2024,"ET2024DHS","CO_MOBB_W_MOB",2,"Beneshangul Gumu_Asosa",0.5371,0.5381,0.4552,0.6192,0.1639,0.1062
"ETH","Ethiopia",2024,"ET2024DHS","CO_MOBB_W_MOB",2,"Beneshangul Gumu_Kemashi",0.193,0.1905,0.1434,0.2512,0.1078,0.1785
"ETH","Ethiopia",2024,"ET2024DHS","CO_MOBB_W_MOB",2,"Beneshangul Gumu_Metekel",0.4559,0.4534,0.3632,0.5501,0.1869,0.1249
"ETH","Ethiopia",2024,"ET2024DHS","CO_MOBB_W_MOB",2,"Dire Dawa_Dire Dawa",0.6854,0.6859,0.6534,0.7135,0.06012,0.06011
"ETH","Ethiopia",2024,"ET2024DHS","CO_MOBB_W_MOB",2,"Gambela_Agnuak",0.6188,0.6182,0.5607,0.6759,0.1152,0.09288
"ETH","Ethiopia",2024,"ET2024DHS","CO_MOBB_W_MOB",2,"Gambela_Majang",0.549,0.5485,0.4776,0.6226,0.145,0.09689
"ETH","Ethiopia",2024,"ET2024DHS","CO_MOBB_W_MOB",2,"Gambela_Nuer",0.2844,0.2823,0.2161,0.3633,0.1472,0.1604
"ETH","Ethiopia",2024,"ET2024DHS","CO_MOBB_W_MOB",2,"Hareri_Hareri",0.66,0.6616,0.6051,0.7092,0.1041,0.09425
"ETH","Ethiopia",2024,"ET2024DHS","CO_MOBB_W_MOB",2,"Oromia_Arsi",0.4378,0.4386,0.3593,0.52,0.1607,0.1133
"ETH","Ethiopia",2024,"ET2024DHS","CO_MOBB_W_MOB",2,"Oromia_Bale",0.4583,0.4611,0.295,0.6193,0.3244,0.2068
"ETH","Ethiopia",2024,"ET2024DHS","CO_MOBB_W_MOB",2,"Oromia_Borena",0.267,0.2642,0.1945,0.3465,0.152,0.1772
"ETH","Ethiopia",2024,"ET2024DHS","CO_MOBB_W_MOB",2,"Oromia_East Harerge",0.3594,0.3569,0.2689,0.4581,0.1892,0.1629
"ETH","Ethiopia",2024,"ET2024DHS","CO_MOBB_W_MOB",2,"Oromia_East Shewa",0.5681,0.5688,0.4659,0.6681,0.2022,0.1437
"ETH","Ethiopia",2024,"ET2024DHS","CO_MOBB_W_MOB",2,"Oromia_East Wellega",0.3564,0.3551,0.26,0.4539,0.1939,0.1599
"ETH","Ethiopia",2024,"ET2024DHS","CO_MOBB_W_MOB",2,"Oromia_Guji",0.2833,0.282,0.2287,0.339,0.1103,0.1189
"ETH","Ethiopia",2024,"ET2024DHS","CO_MOBB_W_MOB",2,"Oromia_Horo Guduru",0.4661,0.4633,0.3272,0.6088,0.2816,0.1854
"ETH","Ethiopia",2024,"ET2024DHS","CO_MOBB_W_MOB",2,"Oromia_Ilubabor",0.3454,0.343,0.239,0.4617,0.2227,0.2017
"ETH","Ethiopia",2024,"ET2024DHS","CO_MOBB_W_MOB",2,"Oromia_Jimma",0.3011,0.3003,0.2326,0.3714,0.1388,0.1402
"ETH","Ethiopia",2024,"ET2024DHS","CO_MOBB_W_MOB",2,"Oromia_Kelem Wellega",0.2846,0.2799,0.1665,0.4243,0.2578,0.2905
"ETH","Ethiopia",2024,"ET2024DHS","CO_MOBB_W_MOB",2,"Oromia_North Shewa(R4)",0.4474,0.4464,0.295,0.6018,0.3068,0.2085
"ETH","Ethiopia",2024,"ET2024DHS","CO_MOBB_W_MOB",2,"Oromia_South West Shewa",0.4882,0.4876,0.3248,0.6593,0.3345,0.2067
"ETH","Ethiopia",2024,"ET2024DHS","CO_MOBB_W_MOB",2,"Oromia_West Arsi",0.3857,0.3791,0.2475,0.5369,0.2894,0.2297
"ETH","Ethiopia",2024,"ET2024DHS","CO_MOBB_W_MOB",2,"Oromia_West Harerge",0.3598,0.3581,0.2498,0.4745,0.2248,0.1904
"ETH","Ethiopia",2024,"ET2024DHS","CO_MOBB_W_MOB",2,"Oromia_West Shewa",0.5967,0.5975,0.5044,0.6852,0.1809,0.1374
"ETH","Ethiopia",2024,"ET2024DHS","CO_MOBB_W_MOB",2,"Oromia_West Wellega",0.4063,0.4057,0.3551,0.4595,0.1044,0.08004
"ETH","Ethiopia",2024,"ET2024DHS","CO_MOBB_W_MOB",2,"SNNPR_Alaba",0.3207,0.3176,0.2177,0.4308,0.2132,0.2024
"ETH","Ethiopia",2024,"ET2024DHS","CO_MOBB_W_MOB",2,"SNNPR_Basketo",0.4599,0.4588,0.3317,0.6047,0.2731,0.1825
"ETH","Ethiopia",2024,"ET2024DHS","CO_MOBB_W_MOB",2,"SNNPR_Bench Maji",0.2866,0.2858,0.2411,0.336,0.09493,0.1012
"ETH","Ethiopia",2024,"ET2024DHS","CO_MOBB_W_MOB",2,"SNNPR_Dawro",0.383,0.3835,0.3321,0.434,0.1019,0.0819
"ETH","Ethiopia",2024,"ET2024DHS","CO_MOBB_W_MOB",2,"SNNPR_Gamo Gofa",0.413,0.4131,0.3208,0.5081,0.1873,0.1372
"ETH","Ethiopia",2024,"ET2024DHS","CO_MOBB_W_MOB",2,"SNNPR_Gedio",0.351,0.3507,0.2444,0.4698,0.2254,0.1931
"ETH","Ethiopia",2024,"ET2024DHS","CO_MOBB_W_MOB",2,"SNNPR_Gurage",0.4085,0.4064,0.3382,0.4821,0.144,0.108
"ETH","Ethiopia",2024,"ET2024DHS","CO_MOBB_W_MOB",2,"SNNPR_Hadiya",0.4075,0.4067,0.3253,0.4959,0.1706,0.1281
"ETH","Ethiopia",2024,"ET2024DHS","CO_MOBB_W_MOB",2,"SNNPR_Keffa",0.3927,0.3928,0.3107,0.476,0.1654,0.129
"ETH","Ethiopia",2024,"ET2024DHS","CO_MOBB_W_MOB",2,"SNNPR_Konta",0.1886,0.1879,0.1447,0.2377,0.093,0.1486
"ETH","Ethiopia",2024,"ET2024DHS","CO_MOBB_W_MOB",2,"SNNPR_KT",0.4931,0.494,0.422,0.563,0.141,0.08687
"ETH","Ethiopia",2024,"ET2024DHS","CO_MOBB_W_MOB",2,"SNNPR_Segen Peoples'",0.4208,0.4196,0.3303,0.5134,0.1831,0.1334
"ETH","Ethiopia",2024,"ET2024DHS","CO_MOBB_W_MOB",2,"SNNPR_Selti",0.323,0.3209,0.2479,0.4065,0.1586,0.1518
"ETH","Ethiopia",2024,"ET2024DHS","CO_MOBB_W_MOB",2,"SNNPR_Sheka",0.4597,0.4576,0.338,0.5837,0.2458,0.1626
"ETH","Ethiopia",2024,"ET2024DHS","CO_MOBB_W_MOB",2,"SNNPR_Sidama",0.3754,0.3746,0.3317,0.4225,0.09079,0.07566
"ETH","Ethiopia",2024,"ET2024DHS","CO_MOBB_W_MOB",2,"SNNPR_South Omo",0.3751,0.3722,0.2606,0.5045,0.2439,0.2006
"ETH","Ethiopia",2024,"ET2024DHS","CO_MOBB_W_MOB",2,"SNNPR_Wolayita",0.4226,0.4226,0.3468,0.5003,0.1535,0.1099
"ETH","Ethiopia",2024,"ET2024DHS","CO_MOBB_W_MOB",2,"SNNPR_Yem",0.3137,0.3115,0.2498,0.3798,0.13,0.1236
"ETH","Ethiopia",2024,"ET2024DHS","CO_MOBB_W_MOB",2,"Somali_Afder",0.5976,0.6009,0.4815,0.7125,0.2309,0.1734
"ETH","Ethiopia",2024,"ET2024DHS","CO_MOBB_W_MOB",2,"Somali_Doolo",0.6793,0.6815,0.5685,0.7806,0.2121,0.1999
"ETH","Ethiopia",2024,"ET2024DHS","CO_MOBB_W_MOB",2,"Somali_Fafan",0.7161,0.7196,0.6275,0.7906,0.1631,0.176
"ETH","Ethiopia",2024,"ET2024DHS","CO_MOBB_W_MOB",2,"Somali_Jarar",0.7388,0.7443,0.642,0.8187,0.1767,0.2134
"ETH","Ethiopia",2024,"ET2024DHS","CO_MOBB_W_MOB",2,"Somali_Korahe",0.6591,0.6633,0.519,0.7854,0.2664,0.243
"ETH","Ethiopia",2024,"ET2024DHS","CO_MOBB_W_MOB",2,"Somali_Liben",0.4659,0.4649,0.3067,0.6228,0.3161,0.2058
"ETH","Ethiopia",2024,"ET2024DHS","CO_MOBB_W_MOB",2,"Somali_Nogob",0.611,0.6127,0.5186,0.6923,0.1737,0.139
"ETH","Ethiopia",2024,"ET2024DHS","CO_MOBB_W_MOB",2,"Somali_Shabelle",0.7581,0.7594,0.7078,0.8033,0.09546,0.1203
"ETH","Ethiopia",2024,"ET2024DHS","CO_MOBB_W_MOB",2,"Somali_Siti",0.6576,0.6638,0.4915,0.7997,0.3081,0.2836
"ETH","Ethiopia",2024,"ET2024DHS","CO_MOBB_W_MOB",2,"Tigray_Central",0.382,0.3807,0.275,0.4901,0.2152,0.1691
"ETH","Ethiopia",2024,"ET2024DHS","CO_MOBB_W_MOB",2,"Tigray_Eastern
",0.645,0.6479,0.5549,0.7248,0.1699,0.1457
"ETH","Ethiopia",2024,"ET2024DHS","CO_MOBB_W_MOB",2,"Tigray_North Western",0.4543,0.4553,0.3598,0.5545,0.1947,0.1291
"ETH","Ethiopia",2024,"ET2024DHS","CO_MOBB_W_MOB",2,"Tigray_Southern",0.4817,0.4816,0.3957,0.5749,0.1791,0.1124
"ETH","Ethiopia",2024,"ET2024DHS","CO_MOBB_W_MOB",2,"Tigray_Western",0.5091,0.5084,0.4207,0.5966,0.1758,0.1094
"ETH","Ethiopia",2024,"ET2024DHS","ED_EDUC_W_SEH",1,"Addis Ababa",0.581,0.581,0.539,0.6218,0.08276,0.06018
"ETH","Ethiopia",2024,"ET2024DHS","ED_EDUC_W_SEH",1,"Afar",0.1464,0.1464,0.1167,0.1821,0.06547,0.1356
"ETH","Ethiopia",2024,"ET2024DHS","ED_EDUC_W_SEH",1,"Amhara",0.3215,0.3215,0.2842,0.3613,0.07711,0.07302
"ETH","Ethiopia",2024,"ET2024DHS","ED_EDUC_W_SEH",1,"Beneshangul Gumu",0.3405,0.3405,0.283,0.4031,0.1201,0.1077
"ETH","Ethiopia",2024,"ET2024DHS","ED_EDUC_W_SEH",1,"Dire Dawa",0.4008,0.4008,0.3568,0.4466,0.08974,0.06823
"ETH","Ethiopia",2024,"ET2024DHS","ED_EDUC_W_SEH",1,"Gambela",0.4269,0.4269,0.3721,0.4835,0.1114,0.07969
"ETH","Ethiopia",2024,"ET2024DHS","ED_EDUC_W_SEH",1,"Hareri",0.4502,0.4502,0.4026,0.4988,0.09617,0.06513
"ETH","Ethiopia",2024,"ET2024DHS","ED_EDUC_W_SEH",1,"Oromia",0.2179,0.2179,0.1931,0.2449,0.05182,0.0723
"ETH","Ethiopia",2024,"ET2024DHS","ED_EDUC_W_SEH",1,"SNNPR",0.2547,0.2547,0.231,0.2799,0.0489,0.05838
"ETH","Ethiopia",2024,"ET2024DHS","ED_EDUC_W_SEH",1,"Somali",0.1675,0.1675,0.1188,0.2309,0.1121,0.2026
"ETH","Ethiopia",2024,"ET2024DHS","ED_EDUC_W_SEH",1,"Tigray",0.3285,0.3285,0.2977,0.3609,0.06328,0.05861
"ETH","Ethiopia",2024,"ET2024DHS","ED_EDUC_W_SEH",2,"Addis Ababa_Region 14",0.5807,0.5791,0.5416,0.6237,0.08208,0.06028
"ETH","Ethiopia",2024,"ET2024DHS","ED_EDUC_W_SEH",2,"Afar_Zone 1",0.1772,0.1735,0.1148,0.2534,0.1386,0.251
"ETH","Ethiopia",2024,"ET2024DHS","ED_EDUC_W_SEH",2,"Afar_Zone 2",0.1197,0.1123,0.062,0.2038,0.1418,0.3949
"ETH","Ethiopia",2024,"ET2024DHS","ED_EDUC_W_SEH",2,"Afar_Zone 3",0.159,0.1554,0.105,0.2204,0.1154,0.2263
"ETH","Ethiopia",2024,"ET2024DHS","ED_EDUC_W_SEH",2,"Afar_Zone 4",0.08078,0.07287,0.03063,0.163,0.1324,0.57
"ETH","Ethiopia",2024,"ET2024DHS","ED_EDUC_W_SEH",2,"Afar_Zone 5",0.1731,0.1603,0.08268,0.3014,0.2187,0.4288
"ETH","Ethiopia",2024,"ET2024DHS","ED_EDUC_W_SEH",2,"Amhara_Awi/Agew",0.2922,0.285,0.161,0.4447,0.2837,0.3128
"ETH","Ethiopia",2024,"ET2024DHS","ED_EDUC_W_SEH",2,"Amhara_East Gojam",0.371,0.3643,0.2337,0.5309,0.2971,0.2434
"ETH","Ethiopia",2024,"ET2024DHS","ED_EDUC_W_SEH",2,"Amhara_North Gonder",0.3356,0.3345,0.254,0.4208,0.1668,0.1548
"ETH","Ethiopia",2024,"ET2024DHS","ED_EDUC_W_SEH",2,"Amhara_North Shewa(R3)",0.2915,0.2861,0.1674,0.439,0.2716,0.2833
"ETH","Ethiopia",2024,"ET2024DHS","ED_EDUC_W_SEH",2,"Amhara_North Wollo",0.3657,0.3661,0.3006,0.4355,0.1349,0.1134
"ETH","Ethiopia",2024,"ET2024DHS","ED_EDUC_W_SEH",2,"Amhara_Oromia",0.2005,0.1994,0.1664,0.2372,0.07081,0.1079
"ETH","Ethiopia",2024,"ET2024DHS","ED_EDUC_W_SEH",2,"Amhara_South Gonder",0.2633,0.2605,0.18,0.3617,0.1817,0.2141
"ETH","Ethiopia",2024,"ET2024DHS","ED_EDUC_W_SEH",2,"Amhara_South Wollo",0.3227,0.319,0.2382,0.4244,0.1862,0.1791
"ETH","Ethiopia",2024,"ET2024DHS","ED_EDUC_W_SEH",2,"Amhara_Special Woreda",0.2993,0.2782,0.1109,0.542,0.4311,0.4707
"ETH","Ethiopia",2024,"ET2024DHS","ED_EDUC_W_SEH",2,"Amhara_Wag Himra",0.1576,0.1499,0.07987,0.2668,0.1869,0.374
"ETH","Ethiopia",2024,"ET2024DHS","ED_EDUC_W_SEH",2,"Amhara_West Gojam",0.3378,0.3334,0.2488,0.4297,0.1809,0.1695
"ETH","Ethiopia",2024,"ET2024DHS","ED_EDUC_W_SEH",2,"Beneshangul Gumu_Asosa",0.347,0.3434,0.2714,0.4278,0.1564,0.1381
"ETH","Ethiopia",2024,"ET2024DHS","ED_EDUC_W_SEH",2,"Beneshangul Gumu_Kemashi",0.197,0.1938,0.1147,0.2933,0.1786,0.2934
"ETH","Ethiopia",2024,"ET2024DHS","ED_EDUC_W_SEH",2,"Beneshangul Gumu_Metekel",0.3269,0.3227,0.2273,0.4355,0.2083,0.1975
"ETH","Ethiopia",2024,"ET2024DHS","ED_EDUC_W_SEH",2,"Dire Dawa_Dire Dawa",0.401,0.4001,0.3585,0.4451,0.08659,0.06626
"ETH","Ethiopia",2024,"ET2024DHS","ED_EDUC_W_SEH",2,"Gambela_Agnuak",0.5147,0.5149,0.4404,0.5877,0.1474,0.09231
"ETH","Ethiopia",2024,"ET2024DHS","ED_EDUC_W_SEH",2,"Gambela_Majang",0.2681,0.2666,0.2015,0.3434,0.1419,0.1614
"ETH","Ethiopia",2024,"ET2024DHS","ED_EDUC_W_SEH",2,"Gambela_Nuer",0.2637,0.2609,0.1871,0.3509,0.1638,0.1928
"ETH","Ethiopia",2024,"ET2024DHS","ED_EDUC_W_SEH",2,"Hareri_Hareri",0.4512,0.4505,0.4039,0.4989,0.09496,0.06707
"ETH","Ethiopia",2024,"ET2024DHS","ED_EDUC_W_SEH",2,"Oromia_Arsi",0.2072,0.2039,0.1404,0.2843,0.1438,0.2166
"ETH","Ethiopia",2024,"ET2024DHS","ED_EDUC_W_SEH",2,"Oromia_Bale",0.2258,0.2186,0.1402,0.3376,0.1974,0.2816
"ETH","Ethiopia",2024,"ET2024DHS","ED_EDUC_W_SEH",2,"Oromia_Borena",0.1064,0.1063,0.09802,0.1143,0.01627,0.04778
"ETH","Ethiopia",2024,"ET2024DHS","ED_EDUC_W_SEH",2,"Oromia_East Harerge",0.1515,0.1416,0.06825,0.2658,0.1976,0.452
"ETH","Ethiopia",2024,"ET2024DHS","ED_EDUC_W_SEH",2,"Oromia_East Shewa",0.3299,0.3244,0.2255,0.4531,0.2276,0.2121
"ETH","Ethiopia",2024,"ET2024DHS","ED_EDUC_W_SEH",2,"Oromia_East Wellega",0.3204,0.3184,0.2501,0.3944,0.1443,0.135
"ETH","Ethiopia",2024,"ET2024DHS","ED_EDUC_W_SEH",2,"Oromia_Guji",0.07861,0.07663,0.05313,0.1098,0.05667,0.2325
"ETH","Ethiopia",2024,"ET2024DHS","ED_EDUC_W_SEH",2,"Oromia_Horo Guduru",0.3399,0.3343,0.239,0.455,0.216,0.2079
"ETH","Ethiopia",2024,"ET2024DHS","ED_EDUC_W_SEH",2,"Oromia_Ilubabor",0.1876,0.1875,0.1636,0.2128,0.04924,0.07984
"ETH","Ethiopia",2024,"ET2024DHS","ED_EDUC_W_SEH",2,"Oromia_Jimma",0.1403,0.1381,0.09987,0.1912,0.09132,0.1981
"ETH","Ethiopia",2024,"ET2024DHS","ED_EDUC_W_SEH",2,"Oromia_Kelem Wellega",0.08872,0.08754,0.06624,0.1166,0.05037,0.1712
"ETH","Ethiopia",2024,"ET2024DHS","ED_EDUC_W_SEH",2,"Oromia_North Shewa(R4)",0.1965,0.1964,0.1504,0.2455,0.09512,0.1469
"ETH","Ethiopia",2024,"ET2024DHS","ED_EDUC_W_SEH",2,"Oromia_South West Shewa",0.2506,0.2437,0.1389,0.3888,0.2499,0.3109
"ETH","Ethiopia",2024,"ET2024DHS","ED_EDUC_W_SEH",2,"Oromia_West Arsi",0.1799,0.172,0.1009,0.2772,0.1763,0.3179
"ETH","Ethiopia",2024,"ET2024DHS","ED_EDUC_W_SEH",2,"Oromia_West Harerge",0.1858,0.1746,0.08494,0.3217,0.2367,0.4014
"ETH","Ethiopia",2024,"ET2024DHS","ED_EDUC_W_SEH",2,"Oromia_West Shewa",0.3343,0.3313,0.2742,0.4013,0.1271,0.1196
"ETH","Ethiopia",2024,"ET2024DHS","ED_EDUC_W_SEH",2,"Oromia_West Wellega",0.3073,0.3063,0.2642,0.3519,0.0877,0.08624
"ETH","Ethiopia",2024,"ET2024DHS","ED_EDUC_W_SEH",2,"SNNPR_Alaba",0.1697,0.1648,0.09542,0.2675,0.1721,0.3216
"ETH","Ethiopia",2024,"ET2024DHS","ED_EDUC_W_SEH",2,"SNNPR_Basketo",0.3372,0.3337,0.1979,0.4964,0.2985,0.27
"ETH","Ethiopia",2024,"ET2024DHS","ED_EDUC_W_SEH",2,"SNNPR_Bench Maji",0.1641,0.1617,0.1089,0.2313,0.1224,0.2305
"ETH","Ethiopia",2024,"ET2024DHS","ED_EDUC_W_SEH",2,"SNNPR_Dawro",0.2565,0.2542,0.2029,0.3166,0.1137,0.1347
"ETH","Ethiopia",2024,"ET2024DHS","ED_EDUC_W_SEH",2,"SNNPR_Gamo Gofa",0.2604,0.2555,0.1741,0.3654,0.1913,0.2304
"ETH","Ethiopia",2024,"ET2024DHS","ED_EDUC_W_SEH",2,"SNNPR_Gedio",0.1769,0.1732,0.1039,0.2649,0.161,0.2911
"ETH","Ethiopia",2024,"ET2024DHS","ED_EDUC_W_SEH",2,"SNNPR_Gurage",0.2133,0.2109,0.1529,0.2818,0.1289,0.1861
"ETH","Ethiopia",2024,"ET2024DHS","ED_EDUC_W_SEH",2,"SNNPR_Hadiya",0.2516,0.2482,0.1823,0.3261,0.1438,0.1799
"ETH","Ethiopia",2024,"ET2024DHS","ED_EDUC_W_SEH",2,"SNNPR_Keffa",0.2915,0.2886,0.2124,0.3784,0.166,0.1762
"ETH","Ethiopia",2024,"ET2024DHS","ED_EDUC_W_SEH",2,"SNNPR_Konta",0.05728,0.05527,0.03311,0.0894,0.0563,0.3156
"ETH","Ethiopia",2024,"ET2024DHS","ED_EDUC_W_SEH",2,"SNNPR_KT",0.308,0.3067,0.2377,0.3863,0.1486,0.1478
"ETH","Ethiopia",2024,"ET2024DHS","ED_EDUC_W_SEH",2,"SNNPR_Segen Peoples'",0.199,0.1913,0.1181,0.3003,0.1822,0.2885
"ETH","Ethiopia",2024,"ET2024DHS","ED_EDUC_W_SEH",2,"SNNPR_Selti",0.1825,0.1786,0.1351,0.2393,0.1042,0.189
"ETH","Ethiopia",2024,"ET2024DHS","ED_EDUC_W_SEH",2,"SNNPR_Sheka",0.3238,0.3166,0.194,0.4685,0.2745,0.2586
"ETH","Ethiopia",2024,"ET2024DHS","ED_EDUC_W_SEH",2,"SNNPR_Sidama",0.2532,0.253,0.2023,0.3063,0.104,0.1242
"ETH","Ethiopia",2024,"ET2024DHS","ED_EDUC_W_SEH",2,"SNNPR_South Omo",0.2022,0.1951,0.1079,0.3104,0.2025,0.3291
"ETH","Ethiopia",2024,"ET2024DHS","ED_EDUC_W_SEH",2,"SNNPR_Wolayita",0.3293,0.3271,0.2567,0.4157,0.1591,0.1459
"ETH","Ethiopia",2024,"ET2024DHS","ED_EDUC_W_SEH",2,"SNNPR_Yem",0.1815,0.1812,0.1715,0.1918,0.02028,0.03384
"ETH","Ethiopia",2024,"ET2024DHS","ED_EDUC_W_SEH",2,"Somali_Afder",0.1599,0.1513,0.07563,0.2846,0.209,0.4318
"ETH","Ethiopia",2024,"ET2024DHS","ED_EDUC_W_SEH",2,"Somali_Doolo",0.09976,0.09861,0.07672,0.1277,0.05096,0.1541
"ETH","Ethiopia",2024,"ET2024DHS","ED_EDUC_W_SEH",2,"Somali_Fafan",0.1874,0.1787,0.1087,0.2981,0.1894,0.3242
"ETH","Ethiopia",2024,"ET2024DHS","ED_EDUC_W_SEH",2,"Somali_Jarar",0.1145,0.1085,0.05857,0.19,0.1314,0.3819
"ETH","Ethiopia",2024,"ET2024DHS","ED_EDUC_W_SEH",2,"Somali_Korahe",0.07771,0.06928,0.02831,0.1535,0.1252,0.5935
"ETH","Ethiopia",2024,"ET2024DHS","ED_EDUC_W_SEH",2,"Somali_Liben",0.06825,0.0651,0.04027,0.1045,0.06418,0.325
"ETH","Ethiopia",2024,"ET2024DHS","ED_EDUC_W_SEH",2,"Somali_Nogob",0.15,0.1403,0.0663,0.2766,0.2103,0.4504
"ETH","Ethiopia",2024,"ET2024DHS","ED_EDUC_W_SEH",2,"Somali_Shabelle",0.1058,0.1029,0.06458,0.1585,0.0939,0.281
"ETH","Ethiopia",2024,"ET2024DHS","ED_EDUC_W_SEH",2,"Somali_Siti",0.258,0.2538,0.1639,0.3656,0.2018,0.2536
"ETH","Ethiopia",2024,"ET2024DHS","ED_EDUC_W_SEH",2,"Tigray_Central",0.3261,0.3234,0.2313,0.4282,0.1969,0.1802
"ETH","Ethiopia",2024,"ET2024DHS","ED_EDUC_W_SEH",2,"Tigray_Eastern
",0.3915,0.392,0.2998,0.4869,0.1871,0.1465
"ETH","Ethiopia",2024,"ET2024DHS","ED_EDUC_W_SEH",2,"Tigray_North Western",0.3004,0.2985,0.2129,0.4001,0.1872,0.198
"ETH","Ethiopia",2024,"ET2024DHS","ED_EDUC_W_SEH",2,"Tigray_Southern",0.3382,0.3363,0.2577,0.429,0.1713,0.1572
"ETH","Ethiopia",2024,"ET2024DHS","ED_EDUC_W_SEH",2,"Tigray_Western",0.2975,0.2952,0.2016,0.4002,0.1986,0.2053
"ETH","Ethiopia",2024,"ET2024DHS","HC_WIXQ_P_12Q",1,"Addis Ababa",0,0,NA,NA,NA,NA
"ETH","Ethiopia",2024,"ET2024DHS","HC_WIXQ_P_12Q",1,"Afar",0.7586,0.7586,0.6929,0.8141,0.1212,0.1529
"ETH","Ethiopia",2024,"ET2024DHS","HC_WIXQ_P_12Q",1,"Amhara",0.3109,0.3109,0.248,0.3816,0.1337,0.1313
"ETH","Ethiopia",2024,"ET2024DHS","HC_WIXQ_P_12Q",1,"Beneshangul Gumu",0.4937,0.4937,0.4128,0.5751,0.1623,0.1008
"ETH","Ethiopia",2024,"ET2024DHS","HC_WIXQ_P_12Q",1,"Dire Dawa",0.2231,0.2231,0.1624,0.2983,0.1358,0.1853
"ETH","Ethiopia",2024,"ET2024DHS","HC_WIXQ_P_12Q",1,"Gambela",0.4894,0.4894,0.3888,0.5909,0.2021,0.1273
"ETH","Ethiopia",2024,"ET2024DHS","HC_WIXQ_P_12Q",1,"Hareri",0.2331,0.2331,0.1684,0.3132,0.1448,0.1892
"ETH","Ethiopia",2024,"ET2024DHS","HC_WIXQ_P_12Q",1,"Oromia",0.4008,0.4008,0.338,0.4671,0.1291,0.09845
"ETH","Ethiopia",2024,"ET2024DHS","HC_WIXQ_P_12Q",1,"SNNPR",0.4513,0.4513,0.4158,0.4872,0.07137,0.04815
"ETH","Ethiopia",2024,"ET2024DHS","HC_WIXQ_P_12Q",1,"Somali",0.7197,0.7197,0.6332,0.7925,0.1592,0.1737
"ETH","Ethiopia",2024,"ET2024DHS","HC_WIXQ_P_12Q",1,"Tigray",0.5839,0.5839,0.5391,0.6273,0.08816,0.06456
"ETH","Ethiopia",2024,"ET2024DHS","HC_WIXQ_P_12Q",2,"Addis Ababa_Region 14",0.00248,0.001506,0.0003127,0.007605,0.007293,2.404
"ETH","Ethiopia",2024,"ET2024DHS","HC_WIXQ_P_12Q",2,"Afar_Zone 1",0.7067,0.7169,0.5369,0.8433,0.3065,0.3325
"ETH","Ethiopia",2024,"ET2024DHS","HC_WIXQ_P_12Q",2,"Afar_Zone 2",0.905,0.9156,0.8062,0.9688,0.1626,0.6374
"ETH","Ethiopia",2024,"ET2024DHS","HC_WIXQ_P_12Q",2,"Afar_Zone 3",0.6413,0.6517,0.4642,0.7862,0.322,0.2796
"ETH","Ethiopia",2024,"ET2024DHS","HC_WIXQ_P_12Q",2,"Afar_Zone 4",0.9483,0.9598,0.8762,0.9875,0.1113,0.9486
"ETH","Ethiopia",2024,"ET2024DHS","HC_WIXQ_P_12Q",2,"Afar_Zone 5",0.7158,0.7386,0.4701,0.8972,0.4272,0.5119
"ETH","Ethiopia",2024,"ET2024DHS","HC_WIXQ_P_12Q",2,"Amhara_Awi/Agew",0.4168,0.4136,0.2395,0.6218,0.3824,0.2856
"ETH","Ethiopia",2024,"ET2024DHS","HC_WIXQ_P_12Q",2,"Amhara_East Gojam",0.1462,0.1384,0.07183,0.2416,0.1697,0.3809
"ETH","Ethiopia",2024,"ET2024DHS","HC_WIXQ_P_12Q",2,"Amhara_North Gonder",0.4444,0.4409,0.306,0.5894,0.2834,0.1921
"ETH","Ethiopia",2024,"ET2024DHS","HC_WIXQ_P_12Q",2,"Amhara_North Shewa(R3)",0.1794,0.1706,0.09288,0.2869,0.194,0.3621
"ETH","Ethiopia",2024,"ET2024DHS","HC_WIXQ_P_12Q",2,"Amhara_North Wollo",0.2624,0.2504,0.1232,0.4462,0.323,0.3909
"ETH","Ethiopia",2024,"ET2024DHS","HC_WIXQ_P_12Q",2,"Amhara_Oromia",0.1586,0.141,0.05014,0.3234,0.2732,0.6084
"ETH","Ethiopia",2024,"ET2024DHS","HC_WIXQ_P_12Q",2,"Amhara_South Gonder",0.4603,0.4563,0.3113,0.6254,0.3141,0.2104
"ETH","Ethiopia",2024,"ET2024DHS","HC_WIXQ_P_12Q",2,"Amhara_South Wollo",0.2645,0.2559,0.1356,0.4151,0.2794,0.3368
"ETH","Ethiopia",2024,"ET2024DHS","HC_WIXQ_P_12Q",2,"Amhara_Special Woreda",0.2543,0.1967,0.02232,0.6782,0.6559,1.036
"ETH","Ethiopia",2024,"ET2024DHS","HC_WIXQ_P_12Q",2,"Amhara_Wag Himra",0.6391,0.6546,0.3417,0.8711,0.5293,0.4698
"ETH","Ethiopia",2024,"ET2024DHS","HC_WIXQ_P_12Q",2,"Amhara_West Gojam",0.2656,0.2541,0.1281,0.4388,0.3107,0.3816
"ETH","Ethiopia",2024,"ET2024DHS","HC_WIXQ_P_12Q",2,"Beneshangul Gumu_Asosa",0.4587,0.4576,0.3284,0.5924,0.2641,0.1746
"ETH","Ethiopia",2024,"ET2024DHS","HC_WIXQ_P_12Q",2,"Beneshangul Gumu_Kemashi",0.7633,0.7669,0.6539,0.8588,0.2049,0.2702
"ETH","Ethiopia",2024,"ET2024DHS","HC_WIXQ_P_12Q",2,"Beneshangul Gumu_Metekel",0.523,0.5176,0.4017,0.6446,0.2429,0.1548
"ETH","Ethiopia",2024,"ET2024DHS","HC_WIXQ_P_12Q",2,"Dire Dawa_Dire Dawa",0.2248,0.2225,0.1604,0.2954,0.135,0.1858
"ETH","Ethiopia",2024,"ET2024DHS","HC_WIXQ_P_12Q",2,"Gambela_Agnuak",0.3607,0.3588,0.2648,0.4617,0.1968,0.1711
"ETH","Ethiopia",2024,"ET2024DHS","HC_WIXQ_P_12Q",2,"Gambela_Majang",0.3553,0.3482,0.2139,0.5203,0.3064,0.2714
"ETH","Ethiopia",2024,"ET2024DHS","HC_WIXQ_P_12Q",2,"Gambela_Nuer",0.992,0.9932,0.9818,0.9975,0.01562,0.767
"ETH","Ethiopia",2024,"ET2024DHS","HC_WIXQ_P_12Q",2,"Hareri_Hareri",0.2359,0.2348,0.1725,0.3093,0.1369,0.1815
"ETH","Ethiopia",2024,"ET2024DHS","HC_WIXQ_P_12Q",2,"Oromia_Arsi",0.3962,0.3896,0.2369,0.5851,0.3483,0.2714
"ETH","Ethiopia",2024,"ET2024DHS","HC_WIXQ_P_12Q",2,"Oromia_Bale",0.5749,0.5806,0.3368,0.7852,0.4484,0.3245
"ETH","Ethiopia",2024,"ET2024DHS","HC_WIXQ_P_12Q",2,"Oromia_Borena",0.7321,0.7476,0.5425,0.8743,0.3318,0.4057
"ETH","Ethiopia",2024,"ET2024DHS","HC_WIXQ_P_12Q",2,"Oromia_East Harerge",0.71,0.727,0.4712,0.8779,0.4066,0.4551
"ETH","Ethiopia",2024,"ET2024DHS","HC_WIXQ_P_12Q",2,"Oromia_East Shewa",0.2116,0.2023,0.1053,0.3575,0.2521,0.3788
"ETH","Ethiopia",2024,"ET2024DHS","HC_WIXQ_P_12Q",2,"Oromia_East Wellega",0.2831,0.2787,0.1792,0.397,0.2177,0.2327
"ETH","Ethiopia",2024,"ET2024DHS","HC_WIXQ_P_12Q",2,"Oromia_Guji",0.6682,0.6685,0.577,0.746,0.169,0.1551
"ETH","Ethiopia",2024,"ET2024DHS","HC_WIXQ_P_12Q",2,"Oromia_Horo Guduru",0.09888,0.08868,0.0359,0.1908,0.1549,0.5747
"ETH","Ethiopia",2024,"ET2024DHS","HC_WIXQ_P_12Q",2,"Oromia_Ilubabor",0.3036,0.2987,0.2004,0.4234,0.223,0.2294
"ETH","Ethiopia",2024,"ET2024DHS","HC_WIXQ_P_12Q",2,"Oromia_Jimma",0.276,0.2686,0.1684,0.4023,0.2339,0.2718
"ETH","Ethiopia",2024,"ET2024DHS","HC_WIXQ_P_12Q",2,"Oromia_Kelem Wellega",0.3868,0.3865,0.326,0.4488,0.1227,0.09685
"ETH","Ethiopia",2024,"ET2024DHS","HC_WIXQ_P_12Q",2,"Oromia_North Shewa(R4)",0.1447,0.1346,0.06587,0.2462,0.1803,0.4374
"ETH","Ethiopia",2024,"ET2024DHS","HC_WIXQ_P_12Q",2,"Oromia_South West Shewa",0.05473,0.04488,0.01439,0.1258,0.1114,0.867
"ETH","Ethiopia",2024,"ET2024DHS","HC_WIXQ_P_12Q",2,"Oromia_West Arsi",0.4869,0.486,0.3028,0.6639,0.3611,0.2261
"ETH","Ethiopia",2024,"ET2024DHS","HC_WIXQ_P_12Q",2,"Oromia_West Harerge",0.6246,0.634,0.3821,0.8302,0.4481,0.3698
"ETH","Ethiopia",2024,"ET2024DHS","HC_WIXQ_P_12Q",2,"Oromia_West Shewa",0.07404,0.07025,0.03676,0.1269,0.09015,0.3861
"ETH","Ethiopia",2024,"ET2024DHS","HC_WIXQ_P_12Q",2,"Oromia_West Wellega",0.2001,0.1968,0.1385,0.2736,0.135,0.2078
"ETH","Ethiopia",2024,"ET2024DHS","HC_WIXQ_P_12Q",2,"SNNPR_Alaba",0.6038,0.6077,0.3976,0.7866,0.389,0.2941
"ETH","Ethiopia",2024,"ET2024DHS","HC_WIXQ_P_12Q",2,"SNNPR_Basketo",0.5029,0.4998,0.2256,0.7786,0.553,0.3387
"ETH","Ethiopia",2024,"ET2024DHS","HC_WIXQ_P_12Q",2,"SNNPR_Bench Maji",0.5529,0.5552,0.4134,0.6858,0.2723,0.1844
"ETH","Ethiopia",2024,"ET2024DHS","HC_WIXQ_P_12Q",2,"SNNPR_Dawro",0.4238,0.4182,0.2968,0.5557,0.2589,0.189
"ETH","Ethiopia",2024,"ET2024DHS","HC_WIXQ_P_12Q",2,"SNNPR_Gamo Gofa",0.483,0.4845,0.3498,0.6201,0.2703,0.1655
"ETH","Ethiopia",2024,"ET2024DHS","HC_WIXQ_P_12Q",2,"SNNPR_Gedio",0.462,0.4588,0.2891,0.6408,0.3517,0.2282
"ETH","Ethiopia",2024,"ET2024DHS","HC_WIXQ_P_12Q",2,"SNNPR_Gurage",0.3348,0.3321,0.2399,0.4362,0.1962,0.1777
"ETH","Ethiopia",2024,"ET2024DHS","HC_WIXQ_P_12Q",2,"SNNPR_Hadiya",0.3815,0.3785,0.2945,0.4763,0.1818,0.1463
"ETH","Ethiopia",2024,"ET2024DHS","HC_WIXQ_P_12Q",2,"SNNPR_Keffa",0.4524,0.453,0.3449,0.5651,0.2202,0.1498
"ETH","Ethiopia",2024,"ET2024DHS","HC_WIXQ_P_12Q",2,"SNNPR_Konta",0.7585,0.763,0.6756,0.8343,0.1587,0.2088
"ETH","Ethiopia",2024,"ET2024DHS","HC_WIXQ_P_12Q",2,"SNNPR_KT",0.2254,0.2205,0.1355,0.3393,0.2038,0.2941
"ETH","Ethiopia",2024,"ET2024DHS","HC_WIXQ_P_12Q",2,"SNNPR_Segen Peoples'",0.6372,0.644,0.4331,0.8126,0.3795,0.3269
"ETH","Ethiopia",2024,"ET2024DHS","HC_WIXQ_P_12Q",2,"SNNPR_Selti",0.5618,0.5625,0.4298,0.6812,0.2515,0.1708
"ETH","Ethiopia",2024,"ET2024DHS","HC_WIXQ_P_12Q",2,"SNNPR_Sheka",0.3234,0.3134,0.1661,0.5146,0.3485,0.3406
"ETH","Ethiopia",2024,"ET2024DHS","HC_WIXQ_P_12Q",2,"SNNPR_Sidama",0.5299,0.5306,0.4611,0.6004,0.1392,0.08952
"ETH","Ethiopia",2024,"ET2024DHS","HC_WIXQ_P_12Q",2,"SNNPR_South Omo",0.6699,0.6812,0.4761,0.8336,0.3575,0.3399
"ETH","Ethiopia",2024,"ET2024DHS","HC_WIXQ_P_12Q",2,"SNNPR_Wolayita",0.2268,0.2252,0.1555,0.3069,0.1514,0.2011
"ETH","Ethiopia",2024,"ET2024DHS","HC_WIXQ_P_12Q",2,"SNNPR_Yem",0.5434,0.5436,0.5223,0.5654,0.04305,0.0284
"ETH","Ethiopia",2024,"ET2024DHS","HC_WIXQ_P_12Q",2,"Somali_Afder",0.8261,0.839,0.6693,0.9354,0.2661,0.5073
"ETH","Ethiopia",2024,"ET2024DHS","HC_WIXQ_P_12Q",2,"Somali_Doolo",0.9092,0.9239,0.8002,0.9732,0.173,0.737
"ETH","Ethiopia",2024,"ET2024DHS","HC_WIXQ_P_12Q",2,"Somali_Fafan",0.5279,0.5286,0.3258,0.7273,0.4016,0.2564
"ETH","Ethiopia",2024,"ET2024DHS","HC_WIXQ_P_12Q",2,"Somali_Jarar",0.7961,0.8131,0.6154,0.921,0.3055,0.5174
"ETH","Ethiopia",2024,"ET2024DHS","HC_WIXQ_P_12Q",2,"Somali_Korahe",0.9691,0.9759,0.925,0.9926,0.06759,1.03
"ETH","Ethiopia",2024,"ET2024DHS","HC_WIXQ_P_12Q",2,"Somali_Liben",0.9308,0.9369,0.8623,0.9749,0.1126,0.5859
"ETH","Ethiopia",2024,"ET2024DHS","HC_WIXQ_P_12Q",2,"Somali_Nogob",0.7155,0.7336,0.4748,0.8938,0.4189,0.508
"ETH","Ethiopia",2024,"ET2024DHS","HC_WIXQ_P_12Q",2,"Somali_Shabelle",0.8361,0.8515,0.6741,0.9514,0.2772,0.5787
"ETH","Ethiopia",2024,"ET2024DHS","HC_WIXQ_P_12Q",2,"Somali_Siti",0.5892,0.6008,0.2871,0.8451,0.558,0.4193
"ETH","Ethiopia",2024,"ET2024DHS","HC_WIXQ_P_12Q",2,"Tigray_Central",0.7413,0.7449,0.6301,0.8393,0.2093,0.2553
"ETH","Ethiopia",2024,"ET2024DHS","HC_WIXQ_P_12Q",2,"Tigray_Eastern
",0.4568,0.4537,0.2958,0.6295,0.3337,0.2238
"ETH","Ethiopia",2024,"ET2024DHS","HC_WIXQ_P_12Q",2,"Tigray_North Western",0.6219,0.6247,0.454,0.7729,0.3189,0.2521
"ETH","Ethiopia",2024,"ET2024DHS","HC_WIXQ_P_12Q",2,"Tigray_Southern",0.511,0.5097,0.3871,0.6283,0.2412,0.1508
"ETH","Ethiopia",2024,"ET2024DHS","HC_WIXQ_P_12Q",2,"Tigray_Western",0.3979,0.3904,0.2328,0.5829,0.35,0.2639
"ETH","Ethiopia",2024,"ET2024DHS","CM_ECMR_C_NNF",1,"Addis Ababa",0.01502,0.01502,0.007903,0.02837,0.02047,0.389
"ETH","Ethiopia",2024,"ET2024DHS","CM_ECMR_C_NNF",1,"Afar",0.02429,0.02429,0.01776,0.03315,0.01539,0.1898
"ETH","Ethiopia",2024,"ET2024DHS","CM_ECMR_C_NNF",1,"Amhara",0.02671,0.02671,0.01621,0.04369,0.02748,0.3017
"ETH","Ethiopia",2024,"ET2024DHS","CM_ECMR_C_NNF",1,"Beneshangul Gumu",0.03478,0.03478,0.02611,0.04621,0.0201,0.1736
"ETH","Ethiopia",2024,"ET2024DHS","CM_ECMR_C_NNF",1,"Dire Dawa",0.02275,0.02275,0.01177,0.04349,0.03172,0.3979
"ETH","Ethiopia",2024,"ET2024DHS","CM_ECMR_C_NNF",1,"Gambela",0.01229,0.01229,0.005327,0.0281,0.02277,0.5062
"ETH","Ethiopia",2024,"ET2024DHS","CM_ECMR_C_NNF",1,"Hareri",0.03325,0.03325,0.01982,0.05529,0.03547,0.3123
"ETH","Ethiopia",2024,"ET2024DHS","CM_ECMR_C_NNF",1,"Oromia",0.02258,0.02258,0.01555,0.03268,0.01713,0.2259
"ETH","Ethiopia",2024,"ET2024DHS","CM_ECMR_C_NNF",1,"SNNPR",0.02226,0.02226,0.01803,0.02746,0.009431,0.1279
"ETH","Ethiopia",2024,"ET2024DHS","CM_ECMR_C_NNF",1,"Somali",0.02366,0.02366,0.01282,0.04328,0.03045,0.3703
"ETH","Ethiopia",2024,"ET2024DHS","CM_ECMR_C_NNF",1,"Tigray",0.04306,0.04306,0.03373,0.05482,0.0211,0.1477
"ETH","Ethiopia",2024,"ET2024DHS","CM_ECMR_C_NNF",2,"Addis Ababa_Region 14",0.01615,0.01471,0.007834,0.02915,0.02132,0.4598
"ETH","Ethiopia",2024,"ET2024DHS","CM_ECMR_C_NNF",2,"Afar_Zone 1",0.02511,0.02437,0.01637,0.03604,0.01967,0.2471
"ETH","Ethiopia",2024,"ET2024DHS","CM_ECMR_C_NNF",2,"Afar_Zone 2",0.02216,0.0207,0.01088,0.03763,0.02675,0.4239
"ETH","Ethiopia",2024,"ET2024DHS","CM_ECMR_C_NNF",2,"Afar_Zone 3",0.03528,0.03444,0.02649,0.04659,0.0201,0.1827
"ETH","Ethiopia",2024,"ET2024DHS","CM_ECMR_C_NNF",2,"Afar_Zone 4",0.02707,0.02511,0.01362,0.04684,0.03322,0.4193
"ETH","Ethiopia",2024,"ET2024DHS","CM_ECMR_C_NNF",2,"Afar_Zone 5",0.0314,0.02974,0.01616,0.05232,0.03616,0.3884
"ETH","Ethiopia",2024,"ET2024DHS","CM_ECMR_C_NNF",2,"Amhara_Awi/Agew",0.03032,0.02875,0.01446,0.05195,0.03749,0.4308
"ETH","Ethiopia",2024,"ET2024DHS","CM_ECMR_C_NNF",2,"Amhara_East Gojam",0.02011,0.01877,0.009496,0.0353,0.0258,0.4345
"ETH","Ethiopia",2024,"ET2024DHS","CM_ECMR_C_NNF",2,"Amhara_North Gonder",0.02454,0.02323,0.01309,0.04023,0.02714,0.3603
"ETH","Ethiopia",2024,"ET2024DHS","CM_ECMR_C_NNF",2,"Amhara_North Shewa(R3)",0.02932,0.02795,0.01552,0.04911,0.03358,0.3725
"ETH","Ethiopia",2024,"ET2024DHS","CM_ECMR_C_NNF",2,"Amhara_North Wollo",0.02643,0.02462,0.01293,0.04511,0.03218,0.4308
"ETH","Ethiopia",2024,"ET2024DHS","CM_ECMR_C_NNF",2,"Amhara_Oromia",0.04521,0.04237,0.02469,0.07325,0.04855,0.3764
"ETH","Ethiopia",2024,"ET2024DHS","CM_ECMR_C_NNF",2,"Amhara_South Gonder",0.03051,0.02985,0.01986,0.0434,0.02354,0.2467
"ETH","Ethiopia",2024,"ET2024DHS","CM_ECMR_C_NNF",2,"Amhara_South Wollo",0.0262,0.02534,0.01342,0.04222,0.02881,0.365
"ETH","Ethiopia",2024,"ET2024DHS","CM_ECMR_C_NNF",2,"Amhara_Special Woreda",0.03242,0.02981,0.01279,0.06185,0.04906,0.5292
"ETH","Ethiopia",2024,"ET2024DHS","CM_ECMR_C_NNF",2,"Amhara_Wag Himra",0.05355,0.05325,0.0414,0.06691,0.02551,0.148
"ETH","Ethiopia",2024,"ET2024DHS","CM_ECMR_C_NNF",2,"Amhara_West Gojam",0.03089,0.0294,0.01582,0.05324,0.03742,0.3736
"ETH","Ethiopia",2024,"ET2024DHS","CM_ECMR_C_NNF",2,"Beneshangul Gumu_Asosa",0.04682,0.04595,0.03494,0.06138,0.02644,0.1736
"ETH","Ethiopia",2024,"ET2024DHS","CM_ECMR_C_NNF",2,"Beneshangul Gumu_Kemashi",0.08351,0.08188,0.06079,0.1122,0.05138,0.1933
"ETH","Ethiopia",2024,"ET2024DHS","CM_ECMR_C_NNF",2,"Beneshangul Gumu_Metekel",0.03513,0.03305,0.01776,0.059,0.04124,0.3978
"ETH","Ethiopia",2024,"ET2024DHS","CM_ECMR_C_NNF",2,"Dire Dawa_Dire Dawa",0.02468,0.02255,0.0124,0.04376,0.03136,0.4525
"ETH","Ethiopia",2024,"ET2024DHS","CM_ECMR_C_NNF",2,"Gambela_Agnuak",0.01769,0.01678,0.008865,0.02982,0.02096,0.4055
"ETH","Ethiopia",2024,"ET2024DHS","CM_ECMR_C_NNF",2,"Gambela_Majang",0.01465,0.01311,0.005516,0.02862,0.02311,0.5825
"ETH","Ethiopia",2024,"ET2024DHS","CM_ECMR_C_NNF",2,"Gambela_Nuer",0.0168,0.01647,0.01073,0.02383,0.0131,0.2637
"ETH","Ethiopia",2024,"ET2024DHS","CM_ECMR_C_NNF",2,"Hareri_Hareri",0.03502,0.03316,0.02035,0.05529,0.03494,0.3421
"ETH","Ethiopia",2024,"ET2024DHS","CM_ECMR_C_NNF",2,"Oromia_Arsi",0.02083,0.01981,0.01092,0.03378,0.02286,0.3618
"ETH","Ethiopia",2024,"ET2024DHS","CM_ECMR_C_NNF",2,"Oromia_Bale",0.02051,0.01922,0.0101,0.03558,0.02547,0.4103
"ETH","Ethiopia",2024,"ET2024DHS","CM_ECMR_C_NNF",2,"Oromia_Borena",0.02413,0.02277,0.01427,0.03843,0.02417,0.3381
"ETH","Ethiopia",2024,"ET2024DHS","CM_ECMR_C_NNF",2,"Oromia_East Harerge",0.02206,0.02053,0.01206,0.03694,0.02488,0.399
"ETH","Ethiopia",2024,"ET2024DHS","CM_ECMR_C_NNF",2,"Oromia_East Shewa",0.01482,0.01401,0.006732,0.02496,0.01823,0.4164
"ETH","Ethiopia",2024,"ET2024DHS","CM_ECMR_C_NNF",2,"Oromia_East Wellega",0.0238,0.02239,0.01184,0.04143,0.02959,0.4026
"ETH","Ethiopia",2024,"ET2024DHS","CM_ECMR_C_NNF",2,"Oromia_Guji",0.02064,0.01938,0.0104,0.03449,0.02409,0.4162
"ETH","Ethiopia",2024,"ET2024DHS","CM_ECMR_C_NNF",2,"Oromia_Horo Guduru",0.01544,0.01437,0.007141,0.02598,0.01884,0.4376
"ETH","Ethiopia",2024,"ET2024DHS","CM_ECMR_C_NNF",2,"Oromia_Ilubabor",0.0243,0.02255,0.01186,0.04309,0.03123,0.4489
"ETH","Ethiopia",2024,"ET2024DHS","CM_ECMR_C_NNF",2,"Oromia_Jimma",0.0244,0.02335,0.0141,0.03952,0.02542,0.3281
"ETH","Ethiopia",2024,"ET2024DHS","CM_ECMR_C_NNF",2,"Oromia_Kelem Wellega",0.02296,0.02133,0.01082,0.04082,0.03001,0.494
"ETH","Ethiopia",2024,"ET2024DHS","CM_ECMR_C_NNF",2,"Oromia_North Shewa(R4)",0.0218,0.02012,0.01095,0.03849,0.02755,0.4402
"ETH","Ethiopia",2024,"ET2024DHS","CM_ECMR_C_NNF",2,"Oromia_South West Shewa",0.03325,0.0306,0.01824,0.05985,0.04161,0.4266
"ETH","Ethiopia",2024,"ET2024DHS","CM_ECMR_C_NNF",2,"Oromia_West Arsi",0.02136,0.0201,0.01084,0.03624,0.02541,0.4068
"ETH","Ethiopia",2024,"ET2024DHS","CM_ECMR_C_NNF",2,"Oromia_West Harerge",0.01867,0.01748,0.008548,0.03182,0.02328,0.4492
"ETH","Ethiopia",2024,"ET2024DHS","CM_ECMR_C_NNF",2,"Oromia_West Shewa",0.02153,0.0206,0.01172,0.03489,0.02317,0.3515
"ETH","Ethiopia",2024,"ET2024DHS","CM_ECMR_C_NNF",2,"Oromia_West Wellega",0.01572,0.01481,0.007364,0.02688,0.01951,0.4195
"ETH","Ethiopia",2024,"ET2024DHS","CM_ECMR_C_NNF",2,"SNNPR_Alaba",0.02664,0.02553,0.01641,0.04029,0.02388,0.2902
"ETH","Ethiopia",2024,"ET2024DHS","CM_ECMR_C_NNF",2,"SNNPR_Basketo",0.02516,0.02366,0.01245,0.04222,0.02977,0.4202
"ETH","Ethiopia",2024,"ET2024DHS","CM_ECMR_C_NNF",2,"SNNPR_Bench Maji",0.01811,0.01742,0.009942,0.02863,0.01869,0.3391
"ETH","Ethiopia",2024,"ET2024DHS","CM_ECMR_C_NNF",2,"SNNPR_Dawro",0.02052,0.01959,0.01054,0.03326,0.02272,0.3763
"ETH","Ethiopia",2024,"ET2024DHS","CM_ECMR_C_NNF",2,"SNNPR_Gamo Gofa",0.02465,0.02398,0.01696,0.03426,0.0173,0.2289
"ETH","Ethiopia",2024,"ET2024DHS","CM_ECMR_C_NNF",2,"SNNPR_Gedio",0.03001,0.02865,0.01774,0.04698,0.02924,0.3282
"ETH","Ethiopia",2024,"ET2024DHS","CM_ECMR_C_NNF",2,"SNNPR_Gurage",0.01714,0.01641,0.009447,0.02727,0.01782,0.3351
"ETH","Ethiopia",2024,"ET2024DHS","CM_ECMR_C_NNF",2,"SNNPR_Hadiya",0.02349,0.02294,0.01539,0.03382,0.01843,0.2576
"ETH","Ethiopia",2024,"ET2024DHS","CM_ECMR_C_NNF",2,"SNNPR_Keffa",0.02581,0.02528,0.01738,0.0355,0.01812,0.2249
"ETH","Ethiopia",2024,"ET2024DHS","CM_ECMR_C_NNF",2,"SNNPR_Konta",0.01894,0.0185,0.01239,0.02658,0.01419,0.2387
"ETH","Ethiopia",2024,"ET2024DHS","CM_ECMR_C_NNF",2,"SNNPR_KT",0.01572,0.01516,0.008335,0.02546,0.01712,0.3508
"ETH","Ethiopia",2024,"ET2024DHS","CM_ECMR_C_NNF",2,"SNNPR_Segen Peoples'",0.0154,0.01456,0.007494,0.02602,0.01853,0.3972
"ETH","Ethiopia",2024,"ET2024DHS","CM_ECMR_C_NNF",2,"SNNPR_Selti",0.02246,0.02111,0.01192,0.03732,0.02539,0.3954
"ETH","Ethiopia",2024,"ET2024DHS","CM_ECMR_C_NNF",2,"SNNPR_Sheka",0.01755,0.01708,0.01078,0.02702,0.01624,0.2863
"ETH","Ethiopia",2024,"ET2024DHS","CM_ECMR_C_NNF",2,"SNNPR_Sidama",0.02227,0.02193,0.01625,0.03008,0.01384,0.1965
"ETH","Ethiopia",2024,"ET2024DHS","CM_ECMR_C_NNF",2,"SNNPR_South Omo",0.02308,0.02171,0.01162,0.03819,0.02657,0.3931
"ETH","Ethiopia",2024,"ET2024DHS","CM_ECMR_C_NNF",2,"SNNPR_Wolayita",0.02621,0.02481,0.01572,0.04073,0.025,0.3224
"ETH","Ethiopia",2024,"ET2024DHS","CM_ECMR_C_NNF",2,"SNNPR_Yem",0.01926,0.01822,0.01027,0.0308,0.02053,0.3672
"ETH","Ethiopia",2024,"ET2024DHS","CM_ECMR_C_NNF",2,"Somali_Afder",0.02316,0.02168,0.01227,0.03879,0.02652,0.3995
"ETH","Ethiopia",2024,"ET2024DHS","CM_ECMR_C_NNF",2,"Somali_Doolo",0.02142,0.01951,0.01056,0.03796,0.02739,0.47
"ETH","Ethiopia",2024,"ET2024DHS","CM_ECMR_C_NNF",2,"Somali_Fafan",0.02276,0.02065,0.01073,0.04143,0.0307,0.4997
"ETH","Ethiopia",2024,"ET2024DHS","CM_ECMR_C_NNF",2,"Somali_Jarar",0.0183,0.01709,0.008219,0.03257,0.02435,0.4473
"ETH","Ethiopia",2024,"ET2024DHS","CM_ECMR_C_NNF",2,"Somali_Korahe",0.0172,0.01646,0.00999,0.02696,0.01697,0.3222
"ETH","Ethiopia",2024,"ET2024DHS","CM_ECMR_C_NNF",2,"Somali_Liben",0.02312,0.0218,0.0125,0.03743,0.02493,0.381
"ETH","Ethiopia",2024,"ET2024DHS","CM_ECMR_C_NNF",2,"Somali_Nogob",0.01948,0.01835,0.009932,0.03317,0.02324,0.4165
"ETH","Ethiopia",2024,"ET2024DHS","CM_ECMR_C_NNF",2,"Somali_Shabelle",0.0202,0.01972,0.01315,0.02902,0.01587,0.2492
"ETH","Ethiopia",2024,"ET2024DHS","CM_ECMR_C_NNF",2,"Somali_Siti",0.01889,0.01776,0.009786,0.03198,0.02219,0.395
"ETH","Ethiopia",2024,"ET2024DHS","CM_ECMR_C_NNF",2,"Tigray_Central",0.03462,0.03357,0.02016,0.05323,0.03307,0.3085
"ETH","Ethiopia",2024,"ET2024DHS","CM_ECMR_C_NNF",2,"Tigray_Eastern
",0.03869,0.03765,0.0238,0.05779,0.03399,0.2865
"ETH","Ethiopia",2024,"ET2024DHS","CM_ECMR_C_NNF",2,"Tigray_North Western",0.05367,0.05285,0.03822,0.07227,0.03405,0.1998
"ETH","Ethiopia",2024,"ET2024DHS","CM_ECMR_C_NNF",2,"Tigray_Southern",0.05107,0.04964,0.03398,0.07226,0.03828,0.2306
"ETH","Ethiopia",2024,"ET2024DHS","CM_ECMR_C_NNF",2,"Tigray_Western",0.05857,0.05734,0.04055,0.08209,0.04155,0.2229
"ETH","Ethiopia",2024,"ET2024DHS","CN_NUTS_C_HA2",1,"Addis Ababa",0.147,0.147,0.116,0.1846,0.06865,0.1415
"ETH","Ethiopia",2024,"ET2024DHS","CN_NUTS_C_HA2",1,"Afar",0.4618,0.4618,0.4149,0.5093,0.09442,0.06234
"ETH","Ethiopia",2024,"ET2024DHS","CN_NUTS_C_HA2",1,"Amhara",0.4312,0.4312,0.3943,0.4688,0.0745,0.05261
"ETH","Ethiopia",2024,"ET2024DHS","CN_NUTS_C_HA2",1,"Beneshangul Gumu",0.5163,0.5163,0.4472,0.5848,0.1376,0.08703
"ETH","Ethiopia",2024,"ET2024DHS","CN_NUTS_C_HA2",1,"Dire Dawa",0.3326,0.3326,0.2785,0.3916,0.113,0.1037
"ETH","Ethiopia",2024,"ET2024DHS","CN_NUTS_C_HA2",1,"Gambela",0.1652,0.1652,0.1271,0.212,0.08488,0.1558
"ETH","Ethiopia",2024,"ET2024DHS","CN_NUTS_C_HA2",1,"Hareri",0.3483,0.3483,0.287,0.415,0.128,0.1123
"ETH","Ethiopia",2024,"ET2024DHS","CN_NUTS_C_HA2",1,"Oromia",0.4114,0.4114,0.3723,0.4517,0.0794,0.05879
"ETH","Ethiopia",2024,"ET2024DHS","CN_NUTS_C_HA2",1,"SNNPR",0.3812,0.3812,0.3549,0.4083,0.05339,0.04261
"ETH","Ethiopia",2024,"ET2024DHS","CN_NUTS_C_HA2",1,"Somali",0.3526,0.3526,0.3023,0.4064,0.1041,0.09
"ETH","Ethiopia",2024,"ET2024DHS","CN_NUTS_C_HA2",1,"Tigray",0.4155,0.4155,0.3782,0.4537,0.07545,0.0553
"ETH","Ethiopia",2024,"ET2024DHS","CN_NUTS_C_HA2",2,"Addis Ababa_Region 14",0.1472,0.1464,0.1152,0.1815,0.06627,0.1376
"ETH","Ethiopia",2024,"ET2024DHS","CN_NUTS_C_HA2",2,"Afar_Zone 1",0.4657,0.4654,0.3999,0.5343,0.1344,0.08724
"ETH","Ethiopia",2024,"ET2024DHS","CN_NUTS_C_HA2",2,"Afar_Zone 2",0.3892,0.3903,0.3286,0.447,0.1184,0.09334
"ETH","Ethiopia",2024,"ET2024DHS","CN_NUTS_C_HA2",2,"Afar_Zone 3",0.49,0.4917,0.3957,0.5844,0.1886,0.1196
"ETH","Ethiopia",2024,"ET2024DHS","CN_NUTS_C_HA2",2,"Afar_Zone 4",0.4744,0.4754,0.4028,0.5459,0.1431,0.09247
"ETH","Ethiopia",2024,"ET2024DHS","CN_NUTS_C_HA2",2,"Afar_Zone 5",0.5808,0.5831,0.4891,0.6713,0.1822,0.1324
"ETH","Ethiopia",2024,"ET2024DHS","CN_NUTS_C_HA2",2,"Amhara_Awi/Agew",0.4649,0.4625,0.3587,0.579,0.2203,0.1424
"ETH","Ethiopia",2024,"ET2024DHS","CN_NUTS_C_HA2",2,"Amhara_East Gojam",0.3797,0.378,0.282,0.4745,0.1924,0.1551
"ETH","Ethiopia",2024,"ET2024DHS","CN_NUTS_C_HA2",2,"Amhara_North Gonder",0.477,0.4763,0.4132,0.543,0.1298,0.0842
"ETH","Ethiopia",2024,"ET2024DHS","CN_NUTS_C_HA2",2,"Amhara_North Shewa(R3)",0.4658,0.4674,0.3496,0.5807,0.2311,0.1514
"ETH","Ethiopia",2024,"ET2024DHS","CN_NUTS_C_HA2",2,"Amhara_North Wollo",0.4004,0.3985,0.3185,0.4849,0.1663,0.1283
"ETH","Ethiopia",2024,"ET2024DHS","CN_NUTS_C_HA2",2,"Amhara_Oromia",0.4984,0.4975,0.4525,0.545,0.09254,0.0544
"ETH","Ethiopia",2024,"ET2024DHS","CN_NUTS_C_HA2",2,"Amhara_South Gonder",0.4493,0.4472,0.3763,0.5312,0.155,0.1051
"ETH","Ethiopia",2024,"ET2024DHS","CN_NUTS_C_HA2",2,"Amhara_South Wollo",0.4346,0.4342,0.3689,0.5019,0.1329,0.09183
"ETH","Ethiopia",2024,"ET2024DHS","CN_NUTS_C_HA2",2,"Amhara_Special Woreda",0.4597,0.4549,0.2964,0.6339,0.3375,0.2256
"ETH","Ethiopia",2024,"ET2024DHS","CN_NUTS_C_HA2",2,"Amhara_Wag Himra",0.5346,0.535,0.4917,0.5728,0.08101,0.0525
"ETH","Ethiopia",2024,"ET2024DHS","CN_NUTS_C_HA2",2,"Amhara_West Gojam",0.3567,0.3549,0.2901,0.4264,0.1364,0.1171
"ETH","Ethiopia",2024,"ET2024DHS","CN_NUTS_C_HA2",2,"Beneshangul Gumu_Asosa",0.5,0.5014,0.4085,0.5915,0.183,0.1065
"ETH","Ethiopia",2024,"ET2024DHS","CN_NUTS_C_HA2",2,"Beneshangul Gumu_Kemashi",0.5251,0.5247,0.4135,0.6411,0.2276,0.1446
"ETH","Ethiopia",2024,"ET2024DHS","CN_NUTS_C_HA2",2,"Beneshangul Gumu_Metekel",0.5322,0.5323,0.43,0.631,0.201,0.1291
"ETH","Ethiopia",2024,"ET2024DHS","CN_NUTS_C_HA2",2,"Dire Dawa_Dire Dawa",0.3344,0.3346,0.279,0.3932,0.1142,0.1041
"ETH","Ethiopia",2024,"ET2024DHS","CN_NUTS_C_HA2",2,"Gambela_Agnuak",0.1391,0.1368,0.09611,0.191,0.0949,0.209
"ETH","Ethiopia",2024,"ET2024DHS","CN_NUTS_C_HA2",2,"Gambela_Majang",0.2802,0.2774,0.1998,0.368,0.1682,0.1847
"ETH","Ethiopia",2024,"ET2024DHS","CN_NUTS_C_HA2",2,"Gambela_Nuer",0.2,0.1985,0.1446,0.264,0.1194,0.1834
"ETH","Ethiopia",2024,"ET2024DHS","CN_NUTS_C_HA2",2,"Hareri_Hareri",0.3506,0.3504,0.2893,0.4171,0.1278,0.1078
"ETH","Ethiopia",2024,"ET2024DHS","CN_NUTS_C_HA2",2,"Oromia_Arsi",0.3665,0.3625,0.2763,0.461,0.1847,0.1566
"ETH","Ethiopia",2024,"ET2024DHS","CN_NUTS_C_HA2",2,"Oromia_Bale",0.437,0.4367,0.3362,0.5425,0.2063,0.1441
"ETH","Ethiopia",2024,"ET2024DHS","CN_NUTS_C_HA2",2,"Oromia_Borena",0.3551,0.3556,0.3265,0.3839,0.05745,0.05015
"ETH","Ethiopia",2024,"ET2024DHS","CN_NUTS_C_HA2",2,"Oromia_East Harerge",0.3674,0.3674,0.2848,0.4592,0.1743,0.1486
"ETH","Ethiopia",2024,"ET2024DHS","CN_NUTS_C_HA2",2,"Oromia_East Shewa",0.2853,0.2852,0.2306,0.3456,0.115,0.1245
"ETH","Ethiopia",2024,"ET2024DHS","CN_NUTS_C_HA2",2,"Oromia_East Wellega",0.3357,0.3342,0.2305,0.4484,0.2179,0.1985
"ETH","Ethiopia",2024,"ET2024DHS","CN_NUTS_C_HA2",2,"Oromia_Guji",0.5556,0.5572,0.4813,0.6265,0.1452,0.101
"ETH","Ethiopia",2024,"ET2024DHS","CN_NUTS_C_HA2",2,"Oromia_Horo Guduru",0.306,0.3044,0.2373,0.3792,0.1419,0.142
"ETH","Ethiopia",2024,"ET2024DHS","CN_NUTS_C_HA2",2,"Oromia_Ilubabor",0.3336,0.3326,0.2418,0.4316,0.1898,0.1759
"ETH","Ethiopia",2024,"ET2024DHS","CN_NUTS_C_HA2",2,"Oromia_Jimma",0.472,0.4715,0.3896,0.5589,0.1693,0.1099
"ETH","Ethiopia",2024,"ET2024DHS","CN_NUTS_C_HA2",2,"Oromia_Kelem Wellega",0.4434,0.4434,0.3812,0.5071,0.1259,0.08732
"ETH","Ethiopia",2024,"ET2024DHS","CN_NUTS_C_HA2",2,"Oromia_North Shewa(R4)",0.4233,0.4245,0.3012,0.5458,0.2446,0.1757
"ETH","Ethiopia",2024,"ET2024DHS","CN_NUTS_C_HA2",2,"Oromia_South West Shewa",0.3791,0.3748,0.2589,0.5096,0.2507,0.1996
"ETH","Ethiopia",2024,"ET2024DHS","CN_NUTS_C_HA2",2,"Oromia_West Arsi",0.4403,0.4384,0.3386,0.5488,0.2102,0.1439
"ETH","Ethiopia",2024,"ET2024DHS","CN_NUTS_C_HA2",2,"Oromia_West Harerge",0.4619,0.4625,0.3883,0.5367,0.1484,0.0979
"ETH","Ethiopia",2024,"ET2024DHS","CN_NUTS_C_HA2",2,"Oromia_West Shewa",0.296,0.2952,0.2304,0.3713,0.1409,0.1447
"ETH","Ethiopia",2024,"ET2024DHS","CN_NUTS_C_HA2",2,"Oromia_West Wellega",0.3402,0.3373,0.249,0.4388,0.1897,0.1691
"ETH","Ethiopia",2024,"ET2024DHS","CN_NUTS_C_HA2",2,"SNNPR_Alaba",0.4513,0.4521,0.3632,0.5408,0.1776,0.118
"ETH","Ethiopia",2024,"ET2024DHS","CN_NUTS_C_HA2",2,"SNNPR_Basketo",0.531,0.5309,0.4502,0.6136,0.1634,0.1064
"ETH","Ethiopia",2024,"ET2024DHS","CN_NUTS_C_HA2",2,"SNNPR_Bench Maji",0.4571,0.4575,0.3814,0.5294,0.148,0.1006
"ETH","Ethiopia",2024,"ET2024DHS","CN_NUTS_C_HA2",2,"SNNPR_Dawro",0.3887,0.3889,0.3119,0.4672,0.1553,0.1213
"ETH","Ethiopia",2024,"ET2024DHS","CN_NUTS_C_HA2",2,"SNNPR_Gamo Gofa",0.4359,0.4349,0.3573,0.5243,0.167,0.1145
"ETH","Ethiopia",2024,"ET2024DHS","CN_NUTS_C_HA2",2,"SNNPR_Gedio",0.4758,0.475,0.3958,0.553,0.1572,0.1027
"ETH","Ethiopia",2024,"ET2024DHS","CN_NUTS_C_HA2",2,"SNNPR_Gurage",0.377,0.377,0.307,0.4432,0.1362,0.1071
"ETH","Ethiopia",2024,"ET2024DHS","CN_NUTS_C_HA2",2,"SNNPR_Hadiya",0.3488,0.3491,0.2799,0.4196,0.1397,0.1238
"ETH","Ethiopia",2024,"ET2024DHS","CN_NUTS_C_HA2",2,"SNNPR_Keffa",0.4169,0.4149,0.3456,0.4978,0.1521,0.1102
"ETH","Ethiopia",2024,"ET2024DHS","CN_NUTS_C_HA2",2,"SNNPR_Konta",0.3944,0.3922,0.2772,0.5098,0.2325,0.1849
"ETH","Ethiopia",2024,"ET2024DHS","CN_NUTS_C_HA2",2,"SNNPR_KT",0.2658,0.2635,0.2088,0.3237,0.1148,0.1335
"ETH","Ethiopia",2024,"ET2024DHS","CN_NUTS_C_HA2",2,"SNNPR_Segen Peoples'",0.3885,0.3896,0.3173,0.4639,0.1466,0.114
"ETH","Ethiopia",2024,"ET2024DHS","CN_NUTS_C_HA2",2,"SNNPR_Selti",0.3678,0.364,0.2776,0.4689,0.1912,0.1652
"ETH","Ethiopia",2024,"ET2024DHS","CN_NUTS_C_HA2",2,"SNNPR_Sheka",0.3452,0.3437,0.2227,0.4695,0.2468,0.2175
"ETH","Ethiopia",2024,"ET2024DHS","CN_NUTS_C_HA2",2,"SNNPR_Sidama",0.3196,0.3187,0.2769,0.3664,0.08948,0.08414
"ETH","Ethiopia",2024,"ET2024DHS","CN_NUTS_C_HA2",2,"SNNPR_South Omo",0.4504,0.4514,0.38,0.5247,0.1447,0.09752
"ETH","Ethiopia",2024,"ET2024DHS","CN_NUTS_C_HA2",2,"SNNPR_Wolayita",0.3155,0.3145,0.2575,0.3763,0.1188,0.1145
"ETH","Ethiopia",2024,"ET2024DHS","CN_NUTS_C_HA2",2,"SNNPR_Yem",0.4642,0.4641,0.4035,0.5259,0.1224,0.08139
"ETH","Ethiopia",2024,"ET2024DHS","CN_NUTS_C_HA2",2,"Somali_Afder",0.2665,0.2657,0.2288,0.3086,0.07985,0.0902
"ETH","Ethiopia",2024,"ET2024DHS","CN_NUTS_C_HA2",2,"Somali_Doolo",0.2383,0.2373,0.161,0.3234,0.1624,0.2117
"ETH","Ethiopia",2024,"ET2024DHS","CN_NUTS_C_HA2",2,"Somali_Fafan",0.5015,0.5008,0.4416,0.562,0.1204,0.07232
"ETH","Ethiopia",2024,"ET2024DHS","CN_NUTS_C_HA2",2,"Somali_Jarar",0.3528,0.3522,0.3082,0.3983,0.09012,0.07735
"ETH","Ethiopia",2024,"ET2024DHS","CN_NUTS_C_HA2",2,"Somali_Korahe",0.3219,0.3169,0.2054,0.459,0.2536,0.2401
"ETH","Ethiopia",2024,"ET2024DHS","CN_NUTS_C_HA2",2,"Somali_Liben",0.3076,0.307,0.2443,0.3748,0.1305,0.1269
"ETH","Ethiopia",2024,"ET2024DHS","CN_NUTS_C_HA2",2,"Somali_Nogob",0.3456,0.3441,0.2777,0.4188,0.141,0.1252
"ETH","Ethiopia",2024,"ET2024DHS","CN_NUTS_C_HA2",2,"Somali_Shabelle",0.2984,0.2982,0.2242,0.3732,0.149,0.1497
"ETH","Ethiopia",2024,"ET2024DHS","CN_NUTS_C_HA2",2,"Somali_Siti",0.332,0.3314,0.2297,0.4373,0.2076,0.1942
"ETH","Ethiopia",2024,"ET2024DHS","CN_NUTS_C_HA2",2,"Tigray_Central",0.408,0.4088,0.3566,0.4616,0.1049,0.07823
"ETH","Ethiopia",2024,"ET2024DHS","CN_NUTS_C_HA2",2,"Tigray_Eastern
",0.4159,0.4134,0.3446,0.4982,0.1536,0.1125
"ETH","Ethiopia",2024,"ET2024DHS","CN_NUTS_C_HA2",2,"Tigray_North Western",0.3986,0.3966,0.3518,0.4507,0.09889,0.07658
"ETH","Ethiopia",2024,"ET2024DHS","CN_NUTS_C_HA2",2,"Tigray_Southern",0.4536,0.4535,0.3789,0.5308,0.1519,0.1004
"ETH","Ethiopia",2024,"ET2024DHS","CN_NUTS_C_HA2",2,"Tigray_Western",0.2304,0.2253,0.1481,0.328,0.1799,0.2499
"ETH","Ethiopia",2024,"ET2024DHS","CN_NUTS_C_WH2",1,"Addis Ababa",0.02354,0.02354,0.01009,0.05396,0.04387,0.5112
"ETH","Ethiopia",2024,"ET2024DHS","CN_NUTS_C_WH2",1,"Afar",0.1055,0.1055,0.08465,0.1306,0.04598,0.132
"ETH","Ethiopia",2024,"ET2024DHS","CN_NUTS_C_WH2",1,"Amhara",0.04535,0.04535,0.03246,0.06303,0.03056,0.2018
"ETH","Ethiopia",2024,"ET2024DHS","CN_NUTS_C_WH2",1,"Beneshangul Gumu",0.04157,0.04157,0.02851,0.06026,0.03175,0.2277
"ETH","Ethiopia",2024,"ET2024DHS","CN_NUTS_C_WH2",1,"Dire Dawa",0.06842,0.06842,0.04403,0.1049,0.06083,0.2644
"ETH","Ethiopia",2024,"ET2024DHS","CN_NUTS_C_WH2",1,"Gambela",0.1292,0.1292,0.09937,0.1662,0.06684,0.1566
"ETH","Ethiopia",2024,"ET2024DHS","CN_NUTS_C_WH2",1,"Hareri",0.0265,0.0265,0.013,0.05325,0.04025,0.4296
"ETH","Ethiopia",2024,"ET2024DHS","CN_NUTS_C_WH2",1,"Oromia",0.03942,0.03942,0.02687,0.05748,0.03061,0.2314
"ETH","Ethiopia",2024,"ET2024DHS","CN_NUTS_C_WH2",1,"SNNPR",0.04175,0.04175,0.03192,0.05443,0.02251,0.1623
"ETH","Ethiopia",2024,"ET2024DHS","CN_NUTS_C_WH2",1,"Somali",0.137,0.137,0.1138,0.164,0.05022,0.1112
"ETH","Ethiopia",2024,"ET2024DHS","CN_NUTS_C_WH2",1,"Tigray",0.05203,0.05203,0.03584,0.07496,0.03912,0.2246
"ETH","Ethiopia",2024,"ET2024DHS","CN_NUTS_C_WH2",2,"Addis Ababa_Region 14",0.0277,0.02477,0.01019,0.05361,0.04342,0.5871
"ETH","Ethiopia",2024,"ET2024DHS","CN_NUTS_C_WH2",2,"Afar_Zone 1",0.1128,0.1107,0.08054,0.1503,0.06973,0.197
"ETH","Ethiopia",2024,"ET2024DHS","CN_NUTS_C_WH2",2,"Afar_Zone 2",0.1102,0.1082,0.07537,0.1526,0.07726,0.2258
"ETH","Ethiopia",2024,"ET2024DHS","CN_NUTS_C_WH2",2,"Afar_Zone 3",0.1013,0.09951,0.06631,0.1436,0.07729,0.2388
"ETH","Ethiopia",2024,"ET2024DHS","CN_NUTS_C_WH2",2,"Afar_Zone 4",0.07528,0.07439,0.05028,0.1042,0.05393,0.221
"ETH","Ethiopia",2024,"ET2024DHS","CN_NUTS_C_WH2",2,"Afar_Zone 5",0.09429,0.09124,0.06004,0.1391,0.07911,0.2634
"ETH","Ethiopia",2024,"ET2024DHS","CN_NUTS_C_WH2",2,"Amhara_Awi/Agew",0.05602,0.05283,0.02792,0.09695,0.06903,0.4036
"ETH","Ethiopia",2024,"ET2024DHS","CN_NUTS_C_WH2",2,"Amhara_East Gojam",0.03573,0.03386,0.01606,0.06318,0.04711,0.416
"ETH","Ethiopia",2024,"ET2024DHS","CN_NUTS_C_WH2",2,"Amhara_North Gonder",0.04314,0.04077,0.02269,0.07015,0.04746,0.3653
"ETH","Ethiopia",2024,"ET2024DHS","CN_NUTS_C_WH2",2,"Amhara_North Shewa(R3)",0.04865,0.04576,0.02331,0.08322,0.05992,0.4094
"ETH","Ethiopia",2024,"ET2024DHS","CN_NUTS_C_WH2",2,"Amhara_North Wollo",0.05043,0.04828,0.03061,0.07688,0.04626,0.2988
"ETH","Ethiopia",2024,"ET2024DHS","CN_NUTS_C_WH2",2,"Amhara_Oromia",0.1053,0.1039,0.07982,0.1347,0.05492,0.165
"ETH","Ethiopia",2024,"ET2024DHS","CN_NUTS_C_WH2",2,"Amhara_South Gonder",0.06269,0.06037,0.04,0.09495,0.05495,0.2879
"ETH","Ethiopia",2024,"ET2024DHS","CN_NUTS_C_WH2",2,"Amhara_South Wollo",0.04667,0.04538,0.02461,0.07405,0.04944,0.332
"ETH","Ethiopia",2024,"ET2024DHS","CN_NUTS_C_WH2",2,"Amhara_Special Woreda",0.05945,0.05366,0.02491,0.1147,0.0898,0.5388
"ETH","Ethiopia",2024,"ET2024DHS","CN_NUTS_C_WH2",2,"Amhara_Wag Himra",0.04415,0.04201,0.0186,0.07618,0.05757,0.4233
"ETH","Ethiopia",2024,"ET2024DHS","CN_NUTS_C_WH2",2,"Amhara_West Gojam",0.05168,0.04913,0.02703,0.08415,0.05712,0.3693
"ETH","Ethiopia",2024,"ET2024DHS","CN_NUTS_C_WH2",2,"Beneshangul Gumu_Asosa",0.04488,0.04272,0.02496,0.06977,0.04482,0.3347
"ETH","Ethiopia",2024,"ET2024DHS","CN_NUTS_C_WH2",2,"Beneshangul Gumu_Kemashi",0.04309,0.04051,0.0224,0.07184,0.04944,0.3823
"ETH","Ethiopia",2024,"ET2024DHS","CN_NUTS_C_WH2",2,"Beneshangul Gumu_Metekel",0.0407,0.03936,0.02423,0.06257,0.03834,0.2996
"ETH","Ethiopia",2024,"ET2024DHS","CN_NUTS_C_WH2",2,"Dire Dawa_Dire Dawa",0.07095,0.06877,0.04457,0.1027,0.05816,0.2693
"ETH","Ethiopia",2024,"ET2024DHS","CN_NUTS_C_WH2",2,"Gambela_Agnuak",0.1206,0.1199,0.08811,0.1562,0.06809,0.1678
"ETH","Ethiopia",2024,"ET2024DHS","CN_NUTS_C_WH2",2,"Gambela_Majang",0.08793,0.08237,0.04086,0.1538,0.1129,0.4387
"ETH","Ethiopia",2024,"ET2024DHS","CN_NUTS_C_WH2",2,"Gambela_Nuer",0.1715,0.1671,0.116,0.2421,0.1261,0.2337
"ETH","Ethiopia",2024,"ET2024DHS","CN_NUTS_C_WH2",2,"Hareri_Hareri",0.029,0.02671,0.01323,0.05208,0.03885,0.4692
"ETH","Ethiopia",2024,"ET2024DHS","CN_NUTS_C_WH2",2,"Oromia_Arsi",0.02974,0.02819,0.01419,0.05036,0.03617,0.4133
"ETH","Ethiopia",2024,"ET2024DHS","CN_NUTS_C_WH2",2,"Oromia_Bale",0.03047,0.0288,0.01502,0.05089,0.03587,0.4084
"ETH","Ethiopia",2024,"ET2024DHS","CN_NUTS_C_WH2",2,"Oromia_Borena",0.03856,0.0356,0.02004,0.0666,0.04656,0.4294
"ETH","Ethiopia",2024,"ET2024DHS","CN_NUTS_C_WH2",2,"Oromia_East Harerge",0.04418,0.04218,0.02594,0.06855,0.04261,0.3311
"ETH","Ethiopia",2024,"ET2024DHS","CN_NUTS_C_WH2",2,"Oromia_East Shewa",0.03717,0.03426,0.01886,0.06881,0.04994,0.4454
"ETH","Ethiopia",2024,"ET2024DHS","CN_NUTS_C_WH2",2,"Oromia_East Wellega",0.03333,0.03082,0.0163,0.05799,0.0417,0.4476
"ETH","Ethiopia",2024,"ET2024DHS","CN_NUTS_C_WH2",2,"Oromia_Guji",0.04255,0.04016,0.02393,0.07028,0.04634,0.3546
"ETH","Ethiopia",2024,"ET2024DHS","CN_NUTS_C_WH2",2,"Oromia_Horo Guduru",0.03929,0.03647,0.02071,0.06609,0.04539,0.4062
"ETH","Ethiopia",2024,"ET2024DHS","CN_NUTS_C_WH2",2,"Oromia_Ilubabor",0.02639,0.02483,0.01201,0.04537,0.03336,0.4263
"ETH","Ethiopia",2024,"ET2024DHS","CN_NUTS_C_WH2",2,"Oromia_Jimma",0.03509,0.03241,0.01783,0.06126,0.04343,0.4173
"ETH","Ethiopia",2024,"ET2024DHS","CN_NUTS_C_WH2",2,"Oromia_Kelem Wellega",0.02764,0.02535,0.01277,0.05126,0.03849,0.4721
"ETH","Ethiopia",2024,"ET2024DHS","CN_NUTS_C_WH2",2,"Oromia_North Shewa(R4)",0.03481,0.0324,0.01891,0.05809,0.03918,0.3781
"ETH","Ethiopia",2024,"ET2024DHS","CN_NUTS_C_WH2",2,"Oromia_South West Shewa",0.02358,0.02184,0.01122,0.04086,0.02965,0.4376
"ETH","Ethiopia",2024,"ET2024DHS","CN_NUTS_C_WH2",2,"Oromia_West Arsi",0.02266,0.02164,0.01036,0.03972,0.02936,0.4221
"ETH","Ethiopia",2024,"ET2024DHS","CN_NUTS_C_WH2",2,"Oromia_West Harerge",0.04074,0.03828,0.02264,0.06634,0.0437,0.363
"ETH","Ethiopia",2024,"ET2024DHS","CN_NUTS_C_WH2",2,"Oromia_West Shewa",0.02145,0.02045,0.009824,0.03699,0.02717,0.4328
"ETH","Ethiopia",2024,"ET2024DHS","CN_NUTS_C_WH2",2,"Oromia_West Wellega",0.03325,0.03097,0.01588,0.05755,0.04167,0.4321
"ETH","Ethiopia",2024,"ET2024DHS","CN_NUTS_C_WH2",2,"SNNPR_Alaba",0.04208,0.03892,0.02093,0.07397,0.05304,0.4192
"ETH","Ethiopia",2024,"ET2024DHS","CN_NUTS_C_WH2",2,"SNNPR_Basketo",0.0336,0.03234,0.01988,0.05139,0.03151,0.2966
"ETH","Ethiopia",2024,"ET2024DHS","CN_NUTS_C_WH2",2,"SNNPR_Bench Maji",0.03255,0.03102,0.01938,0.04961,0.03024,0.3258
"ETH","Ethiopia",2024,"ET2024DHS","CN_NUTS_C_WH2",2,"SNNPR_Dawro",0.03813,0.03595,0.02004,0.06381,0.04377,0.38
"ETH","Ethiopia",2024,"ET2024DHS","CN_NUTS_C_WH2",2,"SNNPR_Gamo Gofa",0.04888,0.04667,0.02984,0.07599,0.04614,0.3146
"ETH","Ethiopia",2024,"ET2024DHS","CN_NUTS_C_WH2",2,"SNNPR_Gedio",0.03496,0.03332,0.01677,0.06017,0.04339,0.4106
"ETH","Ethiopia",2024,"ET2024DHS","CN_NUTS_C_WH2",2,"SNNPR_Gurage",0.02904,0.02798,0.01669,0.04449,0.0278,0.3197
"ETH","Ethiopia",2024,"ET2024DHS","CN_NUTS_C_WH2",2,"SNNPR_Hadiya",0.03605,0.03433,0.02117,0.05627,0.0351,0.3239
"ETH","Ethiopia",2024,"ET2024DHS","CN_NUTS_C_WH2",2,"SNNPR_Keffa",0.03732,0.03539,0.02107,0.05924,0.03817,0.3428
"ETH","Ethiopia",2024,"ET2024DHS","CN_NUTS_C_WH2",2,"SNNPR_Konta",0.03381,0.03253,0.02198,0.05028,0.02831,0.2638
"ETH","Ethiopia",2024,"ET2024DHS","CN_NUTS_C_WH2",2,"SNNPR_KT",0.03471,0.0333,0.018,0.05594,0.03794,0.3514
"ETH","Ethiopia",2024,"ET2024DHS","CN_NUTS_C_WH2",2,"SNNPR_Segen Peoples'",0.03606,0.03368,0.02,0.06092,0.04092,0.3801
"ETH","Ethiopia",2024,"ET2024DHS","CN_NUTS_C_WH2",2,"SNNPR_Selti",0.0351,0.03325,0.01883,0.05823,0.0394,0.3693
"ETH","Ethiopia",2024,"ET2024DHS","CN_NUTS_C_WH2",2,"SNNPR_Sheka",0.03045,0.0296,0.01877,0.04597,0.0272,0.2822
"ETH","Ethiopia",2024,"ET2024DHS","CN_NUTS_C_WH2",2,"SNNPR_Sidama",0.04137,0.04088,0.02866,0.05602,0.02736,0.2097
"ETH","Ethiopia",2024,"ET2024DHS","CN_NUTS_C_WH2",2,"SNNPR_South Omo",0.04908,0.0462,0.02814,0.07666,0.04852,0.3489
"ETH","Ethiopia",2024,"ET2024DHS","CN_NUTS_C_WH2",2,"SNNPR_Wolayita",0.03132,0.03005,0.01791,0.04866,0.03075,0.323
"ETH","Ethiopia",2024,"ET2024DHS","CN_NUTS_C_WH2",2,"SNNPR_Yem",0.03297,0.03141,0.01702,0.05335,0.03633,0.369
"ETH","Ethiopia",2024,"ET2024DHS","CN_NUTS_C_WH2",2,"Somali_Afder",0.1986,0.1976,0.1587,0.2433,0.08468,0.1308
"ETH","Ethiopia",2024,"ET2024DHS","CN_NUTS_C_WH2",2,"Somali_Doolo",0.1457,0.1434,0.09985,0.1994,0.09959,0.2112
"ETH","Ethiopia",2024,"ET2024DHS","CN_NUTS_C_WH2",2,"Somali_Fafan",0.1118,0.1079,0.06817,0.1679,0.09978,0.2923
"ETH","Ethiopia",2024,"ET2024DHS","CN_NUTS_C_WH2",2,"Somali_Jarar",0.0863,0.08455,0.05466,0.1232,0.0685,0.2466
"ETH","Ethiopia",2024,"ET2024DHS","CN_NUTS_C_WH2",2,"Somali_Korahe",0.1152,0.1149,0.09981,0.1316,0.03179,0.08644
"ETH","Ethiopia",2024,"ET2024DHS","CN_NUTS_C_WH2",2,"Somali_Liben",0.1784,0.1763,0.1275,0.2372,0.1097,0.1901
"ETH","Ethiopia",2024,"ET2024DHS","CN_NUTS_C_WH2",2,"Somali_Nogob",0.1378,0.138,0.1234,0.1522,0.02884,0.0655
"ETH","Ethiopia",2024,"ET2024DHS","CN_NUTS_C_WH2",2,"Somali_Shabelle",0.1587,0.1571,0.1254,0.1983,0.07286,0.1414
"ETH","Ethiopia",2024,"ET2024DHS","CN_NUTS_C_WH2",2,"Somali_Siti",0.1324,0.1288,0.06969,0.203,0.1333,0.3435
"ETH","Ethiopia",2024,"ET2024DHS","CN_NUTS_C_WH2",2,"Tigray_Central",0.0664,0.06485,0.04232,0.09658,0.05426,0.2656
"ETH","Ethiopia",2024,"ET2024DHS","CN_NUTS_C_WH2",2,"Tigray_Eastern
",0.0524,0.04939,0.02915,0.0853,0.05615,0.3619
"ETH","Ethiopia",2024,"ET2024DHS","CN_NUTS_C_WH2",2,"Tigray_North Western",0.05163,0.0491,0.02811,0.08418,0.05606,0.3553
"ETH","Ethiopia",2024,"ET2024DHS","CN_NUTS_C_WH2",2,"Tigray_Southern",0.03825,0.03645,0.0193,0.0639,0.0446,0.3899
"ETH","Ethiopia",2024,"ET2024DHS","CN_NUTS_C_WH2",2,"Tigray_Western",0.06379,0.05849,0.0282,0.116,0.08779,0.5039
"ETH","Ethiopia",2019,"ET2019DHS","FP_CUSM_W_MOD",1,"Addis Ababa",0.4756,0.4756,0.4247,0.527,0.1022,0.06558
"ETH","Ethiopia",2019,"ET2019DHS","FP_CUSM_W_MOD",1,"Afar",0.1269,0.1269,0.08848,0.1786,0.09016,0.2141
"ETH","Ethiopia",2019,"ET2019DHS","FP_CUSM_W_MOD",1,"Amhara",0.4948,0.4948,0.4458,0.544,0.09815,0.06049
"ETH","Ethiopia",2019,"ET2019DHS","FP_CUSM_W_MOD",1,"Beneshangul Gumu",0.367,0.367,0.3186,0.4183,0.09977,0.08288
"ETH","Ethiopia",2019,"ET2019DHS","FP_CUSM_W_MOD",1,"Dire Dawa",0.3033,0.3033,0.2619,0.3481,0.0862,0.08657
"ETH","Ethiopia",2019,"ET2019DHS","FP_CUSM_W_MOD",1,"Gambela",0.3321,0.3321,0.2352,0.4456,0.2104,0.195
"ETH","Ethiopia",2019,"ET2019DHS","FP_CUSM_W_MOD",1,"Hareri",0.3032,0.3032,0.261,0.3489,0.0879,0.08831
"ETH","Ethiopia",2019,"ET2019DHS","FP_CUSM_W_MOD",1,"Oromia",0.3895,0.3895,0.3356,0.4461,0.1105,0.08657
"ETH","Ethiopia",2019,"ET2019DHS","FP_CUSM_W_MOD",1,"SNNPR",0.4464,0.4464,0.3857,0.5088,0.1231,0.08426
"ETH","Ethiopia",2019,"ET2019DHS","FP_CUSM_W_MOD",1,"Somali",0.03376,0.03376,0.0151,0.07377,0.05867,0.484
"ETH","Ethiopia",2019,"ET2019DHS","FP_CUSM_W_MOD",1,"Tigray",0.3634,0.3634,0.3151,0.4147,0.09953,0.0835
"ETH","Ethiopia",2019,"ET2019DHS","FP_CUSM_W_MOD",2,"Addis Ababa_Region 14",0.4763,0.4772,0.421,0.5289,0.1079,0.06734
"ETH","Ethiopia",2019,"ET2019DHS","FP_CUSM_W_MOD",2,"Afar_Zone 1",0.2089,0.2026,0.127,0.3121,0.1851,0.2724
"ETH","Ethiopia",2019,"ET2019DHS","FP_CUSM_W_MOD",2,"Afar_Zone 2",0.06552,0.06243,0.0371,0.1027,0.06558,0.3282
"ETH","Ethiopia",2019,"ET2019DHS","FP_CUSM_W_MOD",2,"Afar_Zone 3",0.1029,0.09144,0.0395,0.2049,0.1654,0.5892
"ETH","Ethiopia",2019,"ET2019DHS","FP_CUSM_W_MOD",2,"Afar_Zone 4",0.1767,0.1727,0.1243,0.2396,0.1153,0.2101
"ETH","Ethiopia",2019,"ET2019DHS","FP_CUSM_W_MOD",2,"Afar_Zone 5",0.07353,0.06364,0.02405,0.1554,0.1313,0.6718
"ETH","Ethiopia",2019,"ET2019DHS","FP_CUSM_W_MOD",2,"Amhara_Awi/Agew",0.2872,0.2834,0.1595,0.4377,0.2782,0.3022
"ETH","Ethiopia",2019,"ET2019DHS","FP_CUSM_W_MOD",2,"Amhara_East Gojam",0.4413,0.4423,0.3632,0.5142,0.1511,0.1059
"ETH","Ethiopia",2019,"ET2019DHS","FP_CUSM_W_MOD",2,"Amhara_North Gonder",0.5127,0.5121,0.3746,0.654,0.2795,0.1762
"ETH","Ethiopia",2019,"ET2019DHS","FP_CUSM_W_MOD",2,"Amhara_North Shewa(R3)",0.441,0.4372,0.3334,0.551,0.2176,0.1542
"ETH","Ethiopia",2019,"ET2019DHS","FP_CUSM_W_MOD",2,"Amhara_North Wollo",0.5565,0.5553,0.5051,0.6075,0.1024,0.06957
"ETH","Ethiopia",2019,"ET2019DHS","FP_CUSM_W_MOD",2,"Amhara_Oromia",0.4593,0.4477,0.2359,0.7021,0.4662,0.3344
"ETH","Ethiopia",2019,"ET2019DHS","FP_CUSM_W_MOD",2,"Amhara_South Gonder",0.5215,0.5224,0.4245,0.6124,0.1879,0.119
"ETH","Ethiopia",2019,"ET2019DHS","FP_CUSM_W_MOD",2,"Amhara_South Wollo",0.572,0.5725,0.4972,0.6432,0.1459,0.1035
"ETH","Ethiopia",2019,"ET2019DHS","FP_CUSM_W_MOD",2,"Amhara_Special Woreda",0.4767,0.4707,0.2082,0.757,0.5488,0.3721
"ETH","Ethiopia",2019,"ET2019DHS","FP_CUSM_W_MOD",2,"Amhara_Wag Himra",0.2841,0.2773,0.1687,0.4208,0.252,0.2806
"ETH","Ethiopia",2019,"ET2019DHS","FP_CUSM_W_MOD",2,"Amhara_West Gojam",0.5127,0.5137,0.418,0.6031,0.1851,0.1135
"ETH","Ethiopia",2019,"ET2019DHS","FP_CUSM_W_MOD",2,"Beneshangul Gumu_Asosa",0.3377,0.3367,0.2781,0.4013,0.1232,0.115
"ETH","Ethiopia",2019,"ET2019DHS","FP_CUSM_W_MOD",2,"Beneshangul Gumu_Kemashi",0.452,0.4508,0.3718,0.5388,0.1671,0.1153
"ETH","Ethiopia",2019,"ET2019DHS","FP_CUSM_W_MOD",2,"Beneshangul Gumu_Metekel",0.3929,0.3915,0.3207,0.4704,0.1497,0.1134
"ETH","Ethiopia",2019,"ET2019DHS","FP_CUSM_W_MOD",2,"Dire Dawa_Dire Dawa",0.3033,0.3002,0.2616,0.3483,0.08672,0.08775
"ETH","Ethiopia",2019,"ET2019DHS","FP_CUSM_W_MOD",2,"Gambela_Agnuak",0.2963,0.29,0.1821,0.4287,0.2466,0.2584
"ETH","Ethiopia",2019,"ET2019DHS","FP_CUSM_W_MOD",2,"Gambela_Majang",0.5371,0.5366,0.4746,0.6023,0.1277,0.08309
"ETH","Ethiopia",2019,"ET2019DHS","FP_CUSM_W_MOD",2,"Gambela_Nuer",0.08439,0.08103,0.04493,0.1349,0.08995,0.3526
"ETH","Ethiopia",2019,"ET2019DHS","FP_CUSM_W_MOD",2,"Hareri_Hareri",0.303,0.302,0.2621,0.3464,0.08431,0.08706
"ETH","Ethiopia",2019,"ET2019DHS","FP_CUSM_W_MOD",2,"Oromia_Arsi",0.3762,0.3713,0.2206,0.5569,0.3363,0.2695
"ETH","Ethiopia",2019,"ET2019DHS","FP_CUSM_W_MOD",2,"Oromia_Bale",0.4028,0.3961,0.2535,0.5744,0.3209,0.2516
"ETH","Ethiopia",2019,"ET2019DHS","FP_CUSM_W_MOD",2,"Oromia_Borena",0.5068,0.506,0.4276,0.5848,0.1572,0.09389
"ETH","Ethiopia",2019,"ET2019DHS","FP_CUSM_W_MOD",2,"Oromia_East Harerge",0.1483,0.1454,0.09748,0.211,0.1135,0.2375
"ETH","Ethiopia",2019,"ET2019DHS","FP_CUSM_W_MOD",2,"Oromia_East Shewa",0.6851,0.6851,0.6836,0.6866,0.002969,0.002905
"ETH","Ethiopia",2019,"ET2019DHS","FP_CUSM_W_MOD",2,"Oromia_East Wellega",0.453,0.4531,0.4286,0.4773,0.04869,0.03327
"ETH","Ethiopia",2019,"ET2019DHS","FP_CUSM_W_MOD",2,"Oromia_Guji",0.3181,0.3164,0.2376,0.4015,0.1639,0.1587
"ETH","Ethiopia",2019,"ET2019DHS","FP_CUSM_W_MOD",2,"Oromia_Horo Guduru",0.4333,0.4324,0.4016,0.4644,0.06282,0.04341
"ETH","Ethiopia",2019,"ET2019DHS","FP_CUSM_W_MOD",2,"Oromia_Ilubabor",0.539,0.539,0.532,0.5458,0.0138,0.009353
"ETH","Ethiopia",2019,"ET2019DHS","FP_CUSM_W_MOD",2,"Oromia_Jimma",0.3179,0.3176,0.2715,0.3665,0.09501,0.09229
"ETH","Ethiopia",2019,"ET2019DHS","FP_CUSM_W_MOD",2,"Oromia_Kelem Wellega",0.5286,0.5296,0.4383,0.6165,0.1782,0.1168
"ETH","Ethiopia",2019,"ET2019DHS","FP_CUSM_W_MOD",2,"Oromia_North Shewa(R4)",0.471,0.469,0.3943,0.5519,0.1575,0.0995
"ETH","Ethiopia",2019,"ET2019DHS","FP_CUSM_W_MOD",2,"Oromia_South West Shewa",0.5554,0.5562,0.4175,0.6884,0.2709,0.1854
"ETH","Ethiopia",2019,"ET2019DHS","FP_CUSM_W_MOD",2,"Oromia_West Arsi",0.2296,0.2262,0.1634,0.3145,0.1512,0.2019
"ETH","Ethiopia",2019,"ET2019DHS","FP_CUSM_W_MOD",2,"Oromia_West Harerge",0.3394,0.3358,0.2138,0.4786,0.2648,0.2442
"ETH","Ethiopia",2019,"ET2019DHS","FP_CUSM_W_MOD",2,"Oromia_West Shewa",0.395,0.3944,0.3607,0.4316,0.07085,0.05588
"ETH","Ethiopia",2019,"ET2019DHS","FP_CUSM_W_MOD",2,"Oromia_West Wellega",0.492,0.492,0.4797,0.5043,0.02465,0.01545
"ETH","Ethiopia",2019,"ET2019DHS","FP_CUSM_W_MOD",2,"SNNPR_Alaba",0.4274,0.427,0.3819,0.4757,0.09375,0.06682
"ETH","Ethiopia",2019,"ET2019DHS","FP_CUSM_W_MOD",2,"SNNPR_Basketo",0.4286,0.4151,0.1603,0.7375,0.5771,0.4144
"ETH","Ethiopia",2019,"ET2019DHS","FP_CUSM_W_MOD",2,"SNNPR_Bench Maji",0.5816,0.5816,0.5553,0.6067,0.05135,0.037
"ETH","Ethiopia",2019,"ET2019DHS","FP_CUSM_W_MOD",2,"SNNPR_Dawro",0.4316,0.4309,0.3655,0.5027,0.1373,0.09641
"ETH","Ethiopia",2019,"ET2019DHS","FP_CUSM_W_MOD",2,"SNNPR_Gamo Gofa",0.3468,0.3469,0.3286,0.3655,0.03689,0.03257
"ETH","Ethiopia",2019,"ET2019DHS","FP_CUSM_W_MOD",2,"SNNPR_Gedio",0.6262,0.6262,0.6123,0.6402,0.02793,0.02284
"ETH","Ethiopia",2019,"ET2019DHS","FP_CUSM_W_MOD",2,"SNNPR_Gurage",0.3441,0.3421,0.2623,0.4315,0.1692,0.1544
"ETH","Ethiopia",2019,"ET2019DHS","FP_CUSM_W_MOD",2,"SNNPR_Hadiya",0.2528,0.2487,0.1243,0.3931,0.2688,0.3299
"ETH","Ethiopia",2019,"ET2019DHS","FP_CUSM_W_MOD",2,"SNNPR_Keffa",0.4699,0.4693,0.3418,0.5994,0.2576,0.1645
"ETH","Ethiopia",2019,"ET2019DHS","FP_CUSM_W_MOD",2,"SNNPR_Konta",0.4256,0.4217,0.2031,0.6626,0.4595,0.3203
"ETH","Ethiopia",2019,"ET2019DHS","FP_CUSM_W_MOD",2,"SNNPR_KT",0.3121,0.3097,0.2182,0.4119,0.1938,0.1923
"ETH","Ethiopia",2019,"ET2019DHS","FP_CUSM_W_MOD",2,"SNNPR_Segen Peoples'",0.3854,0.3851,0.3772,0.3941,0.0169,0.01332
"ETH","Ethiopia",2019,"ET2019DHS","FP_CUSM_W_MOD",2,"SNNPR_Selti",0.3722,0.3722,0.3674,0.377,0.009648,0.007998
"ETH","Ethiopia",2019,"ET2019DHS","FP_CUSM_W_MOD",2,"SNNPR_Sheka",0.5091,0.5096,0.2519,0.7635,0.5116,0.321
"ETH","Ethiopia",2019,"ET2019DHS","FP_CUSM_W_MOD",2,"SNNPR_Sidama",0.6001,0.6022,0.4839,0.7083,0.2243,0.1738
"ETH","Ethiopia",2019,"ET2019DHS","FP_CUSM_W_MOD",2,"SNNPR_South Omo",0.4184,0.4162,0.293,0.5488,0.2557,0.1914
"ETH","Ethiopia",2019,"ET2019DHS","FP_CUSM_W_MOD",2,"SNNPR_Wolayita",0.4459,0.4444,0.4127,0.4819,0.0692,0.04765
"ETH","Ethiopia",2019,"ET2019DHS","FP_CUSM_W_MOD",2,"SNNPR_Yem",0.3943,0.3785,0.1626,0.6744,0.5117,0.4144
"ETH","Ethiopia",2019,"ET2019DHS","FP_CUSM_W_MOD",2,"Somali_Afder",0.04569,0.04194,0.02133,0.08058,0.05925,0.4591
"ETH","Ethiopia",2019,"ET2019DHS","FP_CUSM_W_MOD",2,"Somali_Doolo",0.2064,0.1969,0.1056,0.3433,0.2377,0.3744
"ETH","Ethiopia",2019,"ET2019DHS","FP_CUSM_W_MOD",2,"Somali_Fafan",0.08879,0.081,0.0347,0.1697,0.135,0.5724
"ETH","Ethiopia",2019,"ET2019DHS","FP_CUSM_W_MOD",2,"Somali_Jarar",0.1396,0.1305,0.06754,0.2474,0.1798,0.4325
"ETH","Ethiopia",2019,"ET2019DHS","FP_CUSM_W_MOD",2,"Somali_Korahe",0.2401,0.2335,0.14,0.3671,0.2271,0.2937
"ETH","Ethiopia",2019,"ET2019DHS","FP_CUSM_W_MOD",2,"Somali_Liben",0.07443,0.07192,0.04111,0.1201,0.079,0.3341
"ETH","Ethiopia",2019,"ET2019DHS","FP_CUSM_W_MOD",2,"Somali_Nogob",0.05195,0.04646,0.02047,0.1041,0.08364,0.555
"ETH","Ethiopia",2019,"ET2019DHS","FP_CUSM_W_MOD",2,"Somali_Shabelle",0.1308,0.1187,0.05709,0.2362,0.1791,0.4831
"ETH","Ethiopia",2019,"ET2019DHS","FP_CUSM_W_MOD",2,"Somali_Siti",0.04588,0.04314,0.02543,0.0768,0.05138,0.3661
"ETH","Ethiopia",2019,"ET2019DHS","FP_CUSM_W_MOD",2,"Tigray_Central",0.2642,0.2617,0.1745,0.3624,0.1879,0.2193
"ETH","Ethiopia",2019,"ET2019DHS","FP_CUSM_W_MOD",2,"Tigray_Eastern
",0.3228,0.3216,0.2318,0.4278,0.196,0.1774
"ETH","Ethiopia",2019,"ET2019DHS","FP_CUSM_W_MOD",2,"Tigray_North Western",0.401,0.3983,0.2959,0.5114,0.2155,0.1639
"ETH","Ethiopia",2019,"ET2019DHS","FP_CUSM_W_MOD",2,"Tigray_Southern",0.4014,0.4021,0.331,0.4752,0.1442,0.1112
"ETH","Ethiopia",2019,"ET2019DHS","FP_CUSM_W_MOD",2,"Tigray_Western",0.5292,0.5286,0.4927,0.5644,0.07173,0.04724
"ETH","Ethiopia",2019,"ET2019DHS","RH_ANCN_W_N4P",1,"Addis Ababa",0.8156,0.8156,0.7437,0.8708,0.1271,0.209
"ETH","Ethiopia",2019,"ET2019DHS","RH_ANCN_W_N4P",1,"Afar",0.3175,0.3175,0.229,0.4216,0.1926,0.1863
"ETH","Ethiopia",2019,"ET2019DHS","RH_ANCN_W_N4P",1,"Amhara",0.5182,0.5182,0.4415,0.594,0.1525,0.09695
"ETH","Ethiopia",2019,"ET2019DHS","RH_ANCN_W_N4P",1,"Beneshangul Gumu",0.5413,0.5413,0.4551,0.625,0.1699,0.1137
"ETH","Ethiopia",2019,"ET2019DHS","RH_ANCN_W_N4P",1,"Dire Dawa",0.6262,0.6262,0.5657,0.683,0.1173,0.09582
"ETH","Ethiopia",2019,"ET2019DHS","RH_ANCN_W_N4P",1,"Gambela",0.2424,0.2424,0.1769,0.3226,0.1458,0.1833
"ETH","Ethiopia",2019,"ET2019DHS","RH_ANCN_W_N4P",1,"Hareri",0.3366,0.3366,0.2714,0.4086,0.1371,0.1245
"ETH","Ethiopia",2019,"ET2019DHS","RH_ANCN_W_N4P",1,"Oromia",0.4318,0.4318,0.3655,0.5006,0.1352,0.09574
"ETH","Ethiopia",2019,"ET2019DHS","RH_ANCN_W_N4P",1,"SNNPR",0.3459,0.3459,0.2761,0.423,0.1469,0.1299
"ETH","Ethiopia",2019,"ET2019DHS","RH_ANCN_W_N4P",1,"Somali",0.1137,0.1137,0.07505,0.1685,0.09347,0.2466
"ETH","Ethiopia",2019,"ET2019DHS","RH_ANCN_W_N4P",1,"Tigray",0.6497,0.6497,0.562,0.7284,0.1663,0.1455
"ETH","Ethiopia",2019,"ET2019DHS","RH_ANCN_W_N4P",2,"Addis Ababa_Region 14",0.8128,0.816,0.7429,0.8716,0.1287,0.2114
"ETH","Ethiopia",2019,"ET2019DHS","RH_ANCN_W_N4P",2,"Afar_Zone 1",0.2844,0.278,0.1774,0.3984,0.2211,0.2435
"ETH","Ethiopia",2019,"ET2019DHS","RH_ANCN_W_N4P",2,"Afar_Zone 2",0.3945,0.3878,0.2595,0.5533,0.2939,0.2409
"ETH","Ethiopia",2019,"ET2019DHS","RH_ANCN_W_N4P",2,"Afar_Zone 3",0.2186,0.2092,0.1057,0.3735,0.2677,0.3885
"ETH","Ethiopia",2019,"ET2019DHS","RH_ANCN_W_N4P",2,"Afar_Zone 4",0.2637,0.2555,0.1401,0.4118,0.2717,0.3241
"ETH","Ethiopia",2019,"ET2019DHS","RH_ANCN_W_N4P",2,"Afar_Zone 5",0.1787,0.1738,0.1179,0.2535,0.1356,0.2441
"ETH","Ethiopia",2019,"ET2019DHS","RH_ANCN_W_N4P",2,"Amhara_Awi/Agew",0.3259,0.3179,0.1678,0.5164,0.3487,0.333
"ETH","Ethiopia",2019,"ET2019DHS","RH_ANCN_W_N4P",2,"Amhara_East Gojam",0.4979,0.4969,0.3449,0.6605,0.3157,0.1912
"ETH","Ethiopia",2019,"ET2019DHS","RH_ANCN_W_N4P",2,"Amhara_North Gonder",0.5852,0.587,0.455,0.7072,0.2522,0.1831
"ETH","Ethiopia",2019,"ET2019DHS","RH_ANCN_W_N4P",2,"Amhara_North Shewa(R3)",0.3714,0.3715,0.3339,0.4133,0.07935,0.06435
"ETH","Ethiopia",2019,"ET2019DHS","RH_ANCN_W_N4P",2,"Amhara_North Wollo",0.6189,0.6198,0.5394,0.6944,0.155,0.1256
"ETH","Ethiopia",2019,"ET2019DHS","RH_ANCN_W_N4P",2,"Amhara_Oromia",0.4487,0.4425,0.212,0.6968,0.4848,0.3308
"ETH","Ethiopia",2019,"ET2019DHS","RH_ANCN_W_N4P",2,"Amhara_South Gonder",0.3457,0.3431,0.2576,0.4399,0.1823,0.1637
"ETH","Ethiopia",2019,"ET2019DHS","RH_ANCN_W_N4P",2,"Amhara_South Wollo",0.5568,0.5608,0.4135,0.6879,0.2743,0.1932
"ETH","Ethiopia",2019,"ET2019DHS","RH_ANCN_W_N4P",2,"Amhara_Special Woreda",0.4532,0.4502,0.1861,0.7376,0.5515,0.3694
"ETH","Ethiopia",2019,"ET2019DHS","RH_ANCN_W_N4P",2,"Amhara_Wag Himra",0.2564,0.2546,0.1642,0.3622,0.198,0.2407
"ETH","Ethiopia",2019,"ET2019DHS","RH_ANCN_W_N4P",2,"Amhara_West Gojam",0.5642,0.5626,0.4254,0.7022,0.2767,0.1865
"ETH","Ethiopia",2019,"ET2019DHS","RH_ANCN_W_N4P",2,"Beneshangul Gumu_Asosa",0.6243,0.6251,0.5097,0.7362,0.2265,0.1836
"ETH","Ethiopia",2019,"ET2019DHS","RH_ANCN_W_N4P",2,"Beneshangul Gumu_Kemashi",0.3236,0.3216,0.2382,0.4165,0.1783,0.1691
"ETH","Ethiopia",2019,"ET2019DHS","RH_ANCN_W_N4P",2,"Beneshangul Gumu_Metekel",0.4298,0.4279,0.275,0.5942,0.3193,0.2218
"ETH","Ethiopia",2019,"ET2019DHS","RH_ANCN_W_N4P",2,"Dire Dawa_Dire Dawa",0.6246,0.6257,0.5616,0.6817,0.1201,0.09594
"ETH","Ethiopia",2019,"ET2019DHS","RH_ANCN_W_N4P",2,"Gambela_Agnuak",0.2535,0.2511,0.1755,0.3386,0.1631,0.2003
"ETH","Ethiopia",2019,"ET2019DHS","RH_ANCN_W_N4P",2,"Gambela_Majang",0.2345,0.2286,0.1544,0.3376,0.1832,0.2397
"ETH","Ethiopia",2019,"ET2019DHS","RH_ANCN_W_N4P",2,"Gambela_Nuer",0.1282,0.1218,0.06205,0.2168,0.1548,0.4048
"ETH","Ethiopia",2019,"ET2019DHS","RH_ANCN_W_N4P",2,"Hareri_Hareri",0.3382,0.3381,0.2709,0.4056,0.1347,0.122
"ETH","Ethiopia",2019,"ET2019DHS","RH_ANCN_W_N4P",2,"Oromia_Arsi",0.3854,0.3787,0.2302,0.5639,0.3337,0.2696
"ETH","Ethiopia",2019,"ET2019DHS","RH_ANCN_W_N4P",2,"Oromia_Bale",0.4537,0.453,0.2948,0.6214,0.3266,0.2172
"ETH","Ethiopia",2019,"ET2019DHS","RH_ANCN_W_N4P",2,"Oromia_Borena",0.5077,0.5077,0.4481,0.5624,0.1143,0.07019
"ETH","Ethiopia",2019,"ET2019DHS","RH_ANCN_W_N4P",2,"Oromia_East Harerge",0.4256,0.4202,0.2524,0.6138,0.3614,0.2617
"ETH","Ethiopia",2019,"ET2019DHS","RH_ANCN_W_N4P",2,"Oromia_East Shewa",0.7604,0.761,0.7339,0.785,0.05106,0.06722
"ETH","Ethiopia",2019,"ET2019DHS","RH_ANCN_W_N4P",2,"Oromia_East Wellega",0.6266,0.6295,0.5298,0.7162,0.1865,0.1521
"ETH","Ethiopia",2019,"ET2019DHS","RH_ANCN_W_N4P",2,"Oromia_Guji",0.3621,0.3621,0.329,0.3945,0.06548,0.05552
"ETH","Ethiopia",2019,"ET2019DHS","RH_ANCN_W_N4P",2,"Oromia_Horo Guduru",0.2919,0.2904,0.2408,0.346,0.1052,0.1121
"ETH","Ethiopia",2019,"ET2019DHS","RH_ANCN_W_N4P",2,"Oromia_Ilubabor",0.5472,0.55,0.3691,0.716,0.347,0.2417
"ETH","Ethiopia",2019,"ET2019DHS","RH_ANCN_W_N4P",2,"Oromia_Jimma",0.455,0.4561,0.2709,0.6378,0.3669,0.2418
"ETH","Ethiopia",2019,"ET2019DHS","RH_ANCN_W_N4P",2,"Oromia_Kelem Wellega",0.6008,0.6073,0.3772,0.8083,0.4311,0.3382
"ETH","Ethiopia",2019,"ET2019DHS","RH_ANCN_W_N4P",2,"Oromia_North Shewa(R4)",0.3193,0.3175,0.2245,0.4272,0.2027,0.1963
"ETH","Ethiopia",2019,"ET2019DHS","RH_ANCN_W_N4P",2,"Oromia_South West Shewa",0.4776,0.4779,0.4347,0.5191,0.08442,0.05396
"ETH","Ethiopia",2019,"ET2019DHS","RH_ANCN_W_N4P",2,"Oromia_West Arsi",0.3724,0.3709,0.2528,0.4936,0.2408,0.1971
"ETH","Ethiopia",2019,"ET2019DHS","RH_ANCN_W_N4P",2,"Oromia_West Harerge",0.3764,0.3724,0.2047,0.5657,0.361,0.2897
"ETH","Ethiopia",2019,"ET2019DHS","RH_ANCN_W_N4P",2,"Oromia_West Shewa",0.4195,0.4197,0.2618,0.5943,0.3325,0.2381
"ETH","Ethiopia",2019,"ET2019DHS","RH_ANCN_W_N4P",2,"Oromia_West Wellega",0.7197,0.7353,0.5148,0.8826,0.3678,0.4358
"ETH","Ethiopia",2019,"ET2019DHS","RH_ANCN_W_N4P",2,"SNNPR_Alaba",0.5022,0.5048,0.4007,0.6001,0.1993,0.1228
"ETH","Ethiopia",2019,"ET2019DHS","RH_ANCN_W_N4P",2,"SNNPR_Basketo",0.4071,0.3951,0.1591,0.6822,0.5231,0.4055
"ETH","Ethiopia",2019,"ET2019DHS","RH_ANCN_W_N4P",2,"SNNPR_Bench Maji",0.6399,0.6428,0.5558,0.7164,0.1606,0.1364
"ETH","Ethiopia",2019,"ET2019DHS","RH_ANCN_W_N4P",2,"SNNPR_Dawro",0.4526,0.4545,0.3063,0.5944,0.2881,0.1969
"ETH","Ethiopia",2019,"ET2019DHS","RH_ANCN_W_N4P",2,"SNNPR_Gamo Gofa",0.3439,0.3414,0.2767,0.4158,0.139,0.1283
"ETH","Ethiopia",2019,"ET2019DHS","RH_ANCN_W_N4P",2,"SNNPR_Gedio",0.2407,0.2397,0.211,0.2719,0.06096,0.0769
"ETH","Ethiopia",2019,"ET2019DHS","RH_ANCN_W_N4P",2,"SNNPR_Gurage",0.5283,0.5293,0.4946,0.5618,0.06724,0.04351
"ETH","Ethiopia",2019,"ET2019DHS","RH_ANCN_W_N4P",2,"SNNPR_Hadiya",0.3526,0.3514,0.2965,0.4099,0.1134,0.1008
"ETH","Ethiopia",2019,"ET2019DHS","RH_ANCN_W_N4P",2,"SNNPR_Keffa",0.6914,0.6932,0.6129,0.7707,0.1578,0.1595
"ETH","Ethiopia",2019,"ET2019DHS","RH_ANCN_W_N4P",2,"SNNPR_Konta",0.4387,0.4342,0.2084,0.6909,0.4826,0.3312
"ETH","Ethiopia",2019,"ET2019DHS","RH_ANCN_W_N4P",2,"SNNPR_KT",0.4954,0.4941,0.3555,0.6392,0.2837,0.1742
"ETH","Ethiopia",2019,"ET2019DHS","RH_ANCN_W_N4P",2,"SNNPR_Segen Peoples'",0.2817,0.2805,0.1839,0.3986,0.2146,0.2327
"ETH","Ethiopia",2019,"ET2019DHS","RH_ANCN_W_N4P",2,"SNNPR_Selti",0.4497,0.4503,0.3868,0.5138,0.127,0.08642
"ETH","Ethiopia",2019,"ET2019DHS","RH_ANCN_W_N4P",2,"SNNPR_Sheka",0.5003,0.4923,0.246,0.7666,0.5206,0.3253
"ETH","Ethiopia",2019,"ET2019DHS","RH_ANCN_W_N4P",2,"SNNPR_Sidama",0.1804,0.1711,0.08947,0.3057,0.2162,0.3862
"ETH","Ethiopia",2019,"ET2019DHS","RH_ANCN_W_N4P",2,"SNNPR_South Omo",0.3656,0.3596,0.1878,0.5673,0.3795,0.3182
"ETH","Ethiopia",2019,"ET2019DHS","RH_ANCN_W_N4P",2,"SNNPR_Wolayita",0.3431,0.3417,0.1999,0.5051,0.3052,0.2769
"ETH","Ethiopia",2019,"ET2019DHS","RH_ANCN_W_N4P",2,"SNNPR_Yem",0.4335,0.425,0.1838,0.7162,0.5325,0.3732
"ETH","Ethiopia",2019,"ET2019DHS","RH_ANCN_W_N4P",2,"Somali_Afder",0.1904,0.1747,0.07446,0.3476,0.2731,0.4936
"ETH","Ethiopia",2019,"ET2019DHS","RH_ANCN_W_N4P",2,"Somali_Doolo",0.1131,0.103,0.04356,0.2121,0.1686,0.516
"ETH","Ethiopia",2019,"ET2019DHS","RH_ANCN_W_N4P",2,"Somali_Fafan",0.1728,0.1594,0.06589,0.3219,0.256,0.5111
"ETH","Ethiopia",2019,"ET2019DHS","RH_ANCN_W_N4P",2,"Somali_Jarar",0.1864,0.1752,0.08998,0.3123,0.2224,0.3991
"ETH","Ethiopia",2019,"ET2019DHS","RH_ANCN_W_N4P",2,"Somali_Korahe",0.2141,0.2039,0.1043,0.35,0.2458,0.383
"ETH","Ethiopia",2019,"ET2019DHS","RH_ANCN_W_N4P",2,"Somali_Liben",0.268,0.2623,0.1691,0.3882,0.219,0.2619
"ETH","Ethiopia",2019,"ET2019DHS","RH_ANCN_W_N4P",2,"Somali_Nogob",0.1443,0.1393,0.08547,0.2183,0.1329,0.3048
"ETH","Ethiopia",2019,"ET2019DHS","RH_ANCN_W_N4P",2,"Somali_Shabelle",0.1731,0.1696,0.1203,0.2376,0.1173,0.2126
"ETH","Ethiopia",2019,"ET2019DHS","RH_ANCN_W_N4P",2,"Somali_Siti",0.1953,0.1812,0.08748,0.3466,0.2591,0.4642
"ETH","Ethiopia",2019,"ET2019DHS","RH_ANCN_W_N4P",2,"Tigray_Central",0.6643,0.6685,0.5507,0.7622,0.2115,0.1888
"ETH","Ethiopia",2019,"ET2019DHS","RH_ANCN_W_N4P",2,"Tigray_Eastern
",0.6549,0.6698,0.4466,0.8259,0.3793,0.3555
"ETH","Ethiopia",2019,"ET2019DHS","RH_ANCN_W_N4P",2,"Tigray_North Western",0.5996,0.6049,0.4203,0.7684,0.3481,0.2686
"ETH","Ethiopia",2019,"ET2019DHS","RH_ANCN_W_N4P",2,"Tigray_Southern",0.6909,0.6962,0.5599,0.7997,0.2398,0.2386
"ETH","Ethiopia",2019,"ET2019DHS","RH_ANCN_W_N4P",2,"Tigray_Western",0.5921,0.6001,0.3651,0.793,0.4278,0.3356
"ETH","Ethiopia",2019,"ET2019DHS","RH_DELA_C_SKP",1,"Addis Ababa",0.9793,0.9793,0.9386,0.9932,0.05461,0.6729
"ETH","Ethiopia",2019,"ET2019DHS","RH_DELA_C_SKP",1,"Afar",0.372,0.372,0.2821,0.4718,0.1897,0.1568
"ETH","Ethiopia",2019,"ET2019DHS","RH_DELA_C_SKP",1,"Amhara",0.5929,0.5929,0.4877,0.6902,0.2024,0.1532
"ETH","Ethiopia",2019,"ET2019DHS","RH_DELA_C_SKP",1,"Beneshangul Gumu",0.6685,0.6685,0.5536,0.7664,0.2128,0.1977
"ETH","Ethiopia",2019,"ET2019DHS","RH_DELA_C_SKP",1,"Dire Dawa",0.7697,0.7697,0.697,0.8293,0.1323,0.175
"ETH","Ethiopia",2019,"ET2019DHS","RH_DELA_C_SKP",1,"Gambela",0.7602,0.7602,0.6775,0.8271,0.1497,0.1902
"ETH","Ethiopia",2019,"ET2019DHS","RH_DELA_C_SKP",1,"Hareri",0.7153,0.7153,0.5898,0.8146,0.2248,0.2429
"ETH","Ethiopia",2019,"ET2019DHS","RH_DELA_C_SKP",1,"Oromia",0.5221,0.5221,0.4224,0.62,0.1976,0.1274
"ETH","Ethiopia",2019,"ET2019DHS","RH_DELA_C_SKP",1,"SNNPR",0.5341,0.5341,0.4102,0.654,0.2438,0.1623
"ETH","Ethiopia",2019,"ET2019DHS","RH_DELA_C_SKP",1,"Somali",0.2956,0.2956,0.1791,0.4466,0.2675,0.2801
"ETH","Ethiopia",2019,"ET2019DHS","RH_DELA_C_SKP",1,"Tigray",0.7545,0.7545,0.6589,0.8303,0.1714,0.2131
"ETH","Ethiopia",2019,"ET2019DHS","RH_DELA_C_SKP",2,"Addis Ababa_Region 14",0.9731,0.9785,0.9325,0.9931,0.0606,0.9164
"ETH","Ethiopia",2019,"ET2019DHS","RH_DELA_C_SKP",2,"Afar_Zone 1",0.3898,0.3835,0.2218,0.5747,0.3529,0.2807
"ETH","Ethiopia",2019,"ET2019DHS","RH_DELA_C_SKP",2,"Afar_Zone 2",0.3971,0.3874,0.2314,0.5767,0.3452,0.2749
"ETH","Ethiopia",2019,"ET2019DHS","RH_DELA_C_SKP",2,"Afar_Zone 3",0.2644,0.2519,0.1326,0.4496,0.3171,0.3826
"ETH","Ethiopia",2019,"ET2019DHS","RH_DELA_C_SKP",2,"Afar_Zone 4",0.3405,0.3394,0.2171,0.4774,0.2603,0.2309
"ETH","Ethiopia",2019,"ET2019DHS","RH_DELA_C_SKP",2,"Afar_Zone 5",0.2404,0.2297,0.1279,0.3904,0.2625,0.3498
"ETH","Ethiopia",2019,"ET2019DHS","RH_DELA_C_SKP",2,"Amhara_Awi/Agew",0.5106,0.5092,0.2863,0.7287,0.4423,0.276
"ETH","Ethiopia",2019,"ET2019DHS","RH_DELA_C_SKP",2,"Amhara_East Gojam",0.4941,0.496,0.3222,0.6588,0.3366,0.2031
"ETH","Ethiopia",2019,"ET2019DHS","RH_DELA_C_SKP",2,"Amhara_North Gonder",0.511,0.5084,0.3695,0.6538,0.2843,0.1712
"ETH","Ethiopia",2019,"ET2019DHS","RH_DELA_C_SKP",2,"Amhara_North Shewa(R3)",0.4478,0.4464,0.3924,0.5063,0.1139,0.07902
"ETH","Ethiopia",2019,"ET2019DHS","RH_DELA_C_SKP",2,"Amhara_North Wollo",0.5597,0.5626,0.3501,0.7587,0.4086,0.2873
"ETH","Ethiopia",2019,"ET2019DHS","RH_DELA_C_SKP",2,"Amhara_Oromia",0.4901,0.4913,0.2517,0.7271,0.4754,0.3096
"ETH","Ethiopia",2019,"ET2019DHS","RH_DELA_C_SKP",2,"Amhara_South Gonder",0.5496,0.5517,0.3543,0.7413,0.3871,0.2666
"ETH","Ethiopia",2019,"ET2019DHS","RH_DELA_C_SKP",2,"Amhara_South Wollo",0.5721,0.5785,0.3438,0.7696,0.4258,0.3076
"ETH","Ethiopia",2019,"ET2019DHS","RH_DELA_C_SKP",2,"Amhara_Special Woreda",0.5021,0.4999,0.2192,0.7979,0.5786,0.3502
"ETH","Ethiopia",2019,"ET2019DHS","RH_DELA_C_SKP",2,"Amhara_Wag Himra",0.3892,0.3877,0.3456,0.4362,0.09063,0.07347
"ETH","Ethiopia",2019,"ET2019DHS","RH_DELA_C_SKP",2,"Amhara_West Gojam",0.6097,0.6112,0.4388,0.7649,0.3261,0.2604
"ETH","Ethiopia",2019,"ET2019DHS","RH_DELA_C_SKP",2,"Beneshangul Gumu_Asosa",0.717,0.7259,0.5277,0.8714,0.3437,0.3844
"ETH","Ethiopia",2019,"ET2019DHS","RH_DELA_C_SKP",2,"Beneshangul Gumu_Kemashi",0.5517,0.5526,0.3863,0.7114,0.3251,0.2292
"ETH","Ethiopia",2019,"ET2019DHS","RH_DELA_C_SKP",2,"Beneshangul Gumu_Metekel",0.5377,0.5393,0.416,0.6591,0.2432,0.1626
"ETH","Ethiopia",2019,"ET2019DHS","RH_DELA_C_SKP",2,"Dire Dawa_Dire Dawa",0.7706,0.773,0.6981,0.8326,0.1344,0.1783
"ETH","Ethiopia",2019,"ET2019DHS","RH_DELA_C_SKP",2,"Gambela_Agnuak",0.7796,0.784,0.6606,0.8714,0.2108,0.2982
"ETH","Ethiopia",2019,"ET2019DHS","RH_DELA_C_SKP",2,"Gambela_Majang",0.5574,0.5582,0.4506,0.6612,0.2106,0.147
"ETH","Ethiopia",2019,"ET2019DHS","RH_DELA_C_SKP",2,"Gambela_Nuer",0.4759,0.4796,0.3312,0.6197,0.2885,0.1836
"ETH","Ethiopia",2019,"ET2019DHS","RH_DELA_C_SKP",2,"Hareri_Hareri",0.7102,0.7164,0.5856,0.817,0.2314,0.2466
"ETH","Ethiopia",2019,"ET2019DHS","RH_DELA_C_SKP",2,"Oromia_Arsi",0.5056,0.503,0.3146,0.7131,0.3984,0.2405
"ETH","Ethiopia",2019,"ET2019DHS","RH_DELA_C_SKP",2,"Oromia_Bale",0.4674,0.4691,0.3103,0.6362,0.3259,0.21
"ETH","Ethiopia",2019,"ET2019DHS","RH_DELA_C_SKP",2,"Oromia_Borena",0.392,0.3915,0.3493,0.4385,0.08916,0.06917
"ETH","Ethiopia",2019,"ET2019DHS","RH_DELA_C_SKP",2,"Oromia_East Harerge",0.4577,0.461,0.2404,0.6773,0.4369,0.281
"ETH","Ethiopia",2019,"ET2019DHS","RH_DELA_C_SKP",2,"Oromia_East Shewa",0.6253,0.6293,0.425,0.8027,0.3777,0.3053
"ETH","Ethiopia",2019,"ET2019DHS","RH_DELA_C_SKP",2,"Oromia_East Wellega",0.7092,0.7125,0.6068,0.8052,0.1984,0.2091
"ETH","Ethiopia",2019,"ET2019DHS","RH_DELA_C_SKP",2,"Oromia_Guji",0.3707,0.3647,0.2388,0.5162,0.2774,0.2318
"ETH","Ethiopia",2019,"ET2019DHS","RH_DELA_C_SKP",2,"Oromia_Horo Guduru",0.5899,0.5905,0.5325,0.6467,0.1143,0.0849
"ETH","Ethiopia",2019,"ET2019DHS","RH_DELA_C_SKP",2,"Oromia_Ilubabor",0.6227,0.6304,0.406,0.8095,0.4035,0.3399
"ETH","Ethiopia",2019,"ET2019DHS","RH_DELA_C_SKP",2,"Oromia_Jimma",0.5878,0.5932,0.4068,0.7476,0.3408,0.2503
"ETH","Ethiopia",2019,"ET2019DHS","RH_DELA_C_SKP",2,"Oromia_Kelem Wellega",0.5101,0.509,0.2879,0.7273,0.4394,0.2677
"ETH","Ethiopia",2019,"ET2019DHS","RH_DELA_C_SKP",2,"Oromia_North Shewa(R4)",0.439,0.4395,0.3926,0.4849,0.09231,0.06417
"ETH","Ethiopia",2019,"ET2019DHS","RH_DELA_C_SKP",2,"Oromia_South West Shewa",0.4382,0.4385,0.4199,0.4573,0.03747,0.02657
"ETH","Ethiopia",2019,"ET2019DHS","RH_DELA_C_SKP",2,"Oromia_West Arsi",0.4662,0.4622,0.3015,0.6401,0.3386,0.2222
"ETH","Ethiopia",2019,"ET2019DHS","RH_DELA_C_SKP",2,"Oromia_West Harerge",0.3683,0.3563,0.2037,0.5572,0.3535,0.2991
"ETH","Ethiopia",2019,"ET2019DHS","RH_DELA_C_SKP",2,"Oromia_West Shewa",0.5502,0.5552,0.3759,0.713,0.3371,0.2298
"ETH","Ethiopia",2019,"ET2019DHS","RH_DELA_C_SKP",2,"Oromia_West Wellega",0.6994,0.7108,0.4885,0.8631,0.3746,0.3972
"ETH","Ethiopia",2019,"ET2019DHS","RH_DELA_C_SKP",2,"SNNPR_Alaba",0.617,0.6202,0.3904,0.8065,0.4161,0.328
"ETH","Ethiopia",2019,"ET2019DHS","RH_DELA_C_SKP",2,"SNNPR_Basketo",0.5161,0.5166,0.2505,0.7687,0.5183,0.3332
"ETH","Ethiopia",2019,"ET2019DHS","RH_DELA_C_SKP",2,"SNNPR_Bench Maji",0.7765,0.7774,0.7471,0.8021,0.05497,0.07806
"ETH","Ethiopia",2019,"ET2019DHS","RH_DELA_C_SKP",2,"SNNPR_Dawro",0.5586,0.5595,0.4277,0.68,0.2523,0.1716
"ETH","Ethiopia",2019,"ET2019DHS","RH_DELA_C_SKP",2,"SNNPR_Gamo Gofa",0.553,0.5567,0.4384,0.6646,0.2262,0.1607
"ETH","Ethiopia",2019,"ET2019DHS","RH_DELA_C_SKP",2,"SNNPR_Gedio",0.394,0.3941,0.309,0.4803,0.1713,0.1328
"ETH","Ethiopia",2019,"ET2019DHS","RH_DELA_C_SKP",2,"SNNPR_Gurage",0.6141,0.6194,0.4009,0.7951,0.3942,0.3016
"ETH","Ethiopia",2019,"ET2019DHS","RH_DELA_C_SKP",2,"SNNPR_Hadiya",0.4847,0.4816,0.3347,0.6344,0.2997,0.1864
"ETH","Ethiopia",2019,"ET2019DHS","RH_DELA_C_SKP",2,"SNNPR_Keffa",0.7494,0.7548,0.6012,0.8708,0.2695,0.3509
"ETH","Ethiopia",2019,"ET2019DHS","RH_DELA_C_SKP",2,"SNNPR_Konta",0.5564,0.5576,0.322,0.7783,0.4563,0.3109
"ETH","Ethiopia",2019,"ET2019DHS","RH_DELA_C_SKP",2,"SNNPR_KT",0.5741,0.5761,0.4768,0.6703,0.1935,0.1372
"ETH","Ethiopia",2019,"ET2019DHS","RH_DELA_C_SKP",2,"SNNPR_Segen Peoples'",0.547,0.5477,0.4941,0.597,0.1029,0.06986
"ETH","Ethiopia",2019,"ET2019DHS","RH_DELA_C_SKP",2,"SNNPR_Selti",0.6256,0.6271,0.4861,0.754,0.2679,0.2193
"ETH","Ethiopia",2019,"ET2019DHS","RH_DELA_C_SKP",2,"SNNPR_Sheka",0.6272,0.6427,0.3459,0.847,0.5011,0.4195
"ETH","Ethiopia",2019,"ET2019DHS","RH_DELA_C_SKP",2,"SNNPR_Sidama",0.3483,0.3417,0.2231,0.494,0.2709,0.2426
"ETH","Ethiopia",2019,"ET2019DHS","RH_DELA_C_SKP",2,"SNNPR_South Omo",0.272,0.2716,0.2508,0.2929,0.04212,0.04639
"ETH","Ethiopia",2019,"ET2019DHS","RH_DELA_C_SKP",2,"SNNPR_Wolayita",0.458,0.4566,0.2976,0.6397,0.3421,0.2288
"ETH","Ethiopia",2019,"ET2019DHS","RH_DELA_C_SKP",2,"SNNPR_Yem",0.568,0.5813,0.2944,0.8169,0.5225,0.3716
"ETH","Ethiopia",2019,"ET2019DHS","RH_DELA_C_SKP",2,"Somali_Afder",0.2805,0.2715,0.1286,0.4862,0.3576,0.3939
"ETH","Ethiopia",2019,"ET2019DHS","RH_DELA_C_SKP",2,"Somali_Doolo",0.1361,0.1273,0.05583,0.2533,0.1974,0.4832
"ETH","Ethiopia",2019,"ET2019DHS","RH_DELA_C_SKP",2,"Somali_Fafan",0.2083,0.1985,0.09187,0.3639,0.2721,0.4129
"ETH","Ethiopia",2019,"ET2019DHS","RH_DELA_C_SKP",2,"Somali_Jarar",0.2074,0.1993,0.1207,0.32,0.1993,0.311
"ETH","Ethiopia",2019,"ET2019DHS","RH_DELA_C_SKP",2,"Somali_Korahe",0.3242,0.3186,0.2037,0.4705,0.2668,0.2635
"ETH","Ethiopia",2019,"ET2019DHS","RH_DELA_C_SKP",2,"Somali_Liben",0.5146,0.5136,0.3879,0.6418,0.254,0.1627
"ETH","Ethiopia",2019,"ET2019DHS","RH_DELA_C_SKP",2,"Somali_Nogob",0.3005,0.2915,0.1698,0.4613,0.2914,0.3066
"ETH","Ethiopia",2019,"ET2019DHS","RH_DELA_C_SKP",2,"Somali_Shabelle",0.3334,0.3216,0.1686,0.5348,0.3663,0.3561
"ETH","Ethiopia",2019,"ET2019DHS","RH_DELA_C_SKP",2,"Somali_Siti",0.1409,0.1393,0.1101,0.1767,0.06653,0.1447
"ETH","Ethiopia",2019,"ET2019DHS","RH_DELA_C_SKP",2,"Tigray_Central",0.7656,0.772,0.6501,0.8585,0.2084,0.2754
"ETH","Ethiopia",2019,"ET2019DHS","RH_DELA_C_SKP",2,"Tigray_Eastern
",0.7662,0.7859,0.5541,0.909,0.355,0.5045
"ETH","Ethiopia",2019,"ET2019DHS","RH_DELA_C_SKP",2,"Tigray_North Western",0.7193,0.7358,0.501,0.8772,0.3762,0.4275
"ETH","Ethiopia",2019,"ET2019DHS","RH_DELA_C_SKP",2,"Tigray_Southern",0.755,0.7646,0.5907,0.8805,0.2898,0.3735
"ETH","Ethiopia",2019,"ET2019DHS","RH_DELA_C_SKP",2,"Tigray_Western",0.7137,0.7332,0.4781,0.8891,0.411,0.4677
"ETH","Ethiopia",2019,"ET2019DHS","RH_DELP_C_DHT",1,"Addis Ababa",0.9647,0.9647,0.9276,0.9831,0.05546,0.4433
"ETH","Ethiopia",2019,"ET2019DHS","RH_DELP_C_DHT",1,"Afar",0.3474,0.3474,0.2537,0.4546,0.2009,0.1779
"ETH","Ethiopia",2019,"ET2019DHS","RH_DELP_C_DHT",1,"Amhara",0.5767,0.5767,0.471,0.6758,0.2048,0.1491
"ETH","Ethiopia",2019,"ET2019DHS","RH_DELP_C_DHT",1,"Beneshangul Gumu",0.6527,0.6527,0.5312,0.7571,0.2259,0.2008
"ETH","Ethiopia",2019,"ET2019DHS","RH_DELP_C_DHT",1,"Dire Dawa",0.7458,0.7458,0.6592,0.8165,0.1573,0.1888
"ETH","Ethiopia",2019,"ET2019DHS","RH_DELP_C_DHT",1,"Gambela",0.7608,0.7608,0.6757,0.8292,0.1536,0.1957
"ETH","Ethiopia",2019,"ET2019DHS","RH_DELP_C_DHT",1,"Hareri",0.6928,0.6928,0.5589,0.8006,0.2417,0.2429
"ETH","Ethiopia",2019,"ET2019DHS","RH_DELP_C_DHT",1,"Oromia",0.4947,0.4947,0.3923,0.5975,0.2052,0.1279
"ETH","Ethiopia",2019,"ET2019DHS","RH_DELP_C_DHT",1,"SNNPR",0.5255,0.5255,0.4015,0.6464,0.2449,0.1602
"ETH","Ethiopia",2019,"ET2019DHS","RH_DELP_C_DHT",1,"Somali",0.2716,0.2716,0.1539,0.4333,0.2794,0.318
"ETH","Ethiopia",2019,"ET2019DHS","RH_DELP_C_DHT",1,"Tigray",0.754,0.754,0.6596,0.8291,0.1695,0.2104
"ETH","Ethiopia",2019,"ET2019DHS","RH_DELP_C_DHT",2,"Addis Ababa_Region 14",0.9611,0.964,0.9293,0.983,0.05371,0.4755
"ETH","Ethiopia",2019,"ET2019DHS","RH_DELP_C_DHT",2,"Afar_Zone 1",0.3738,0.3635,0.2112,0.5712,0.36,0.3041
"ETH","Ethiopia",2019,"ET2019DHS","RH_DELP_C_DHT",2,"Afar_Zone 2",0.3671,0.3572,0.1872,0.5828,0.3956,0.3271
"ETH","Ethiopia",2019,"ET2019DHS","RH_DELP_C_DHT",2,"Afar_Zone 3",0.2519,0.2431,0.1149,0.4195,0.3046,0.3865
"ETH","Ethiopia",2019,"ET2019DHS","RH_DELP_C_DHT",2,"Afar_Zone 4",0.2883,0.2812,0.166,0.4456,0.2796,0.3042
"ETH","Ethiopia",2019,"ET2019DHS","RH_DELP_C_DHT",2,"Afar_Zone 5",0.2287,0.2209,0.115,0.3753,0.2603,0.3641
"ETH","Ethiopia",2019,"ET2019DHS","RH_DELP_C_DHT",2,"Amhara_Awi/Agew",0.4987,0.4974,0.2668,0.7291,0.4623,0.2777
"ETH","Ethiopia",2019,"ET2019DHS","RH_DELP_C_DHT",2,"Amhara_East Gojam",0.4695,0.4672,0.3081,0.6375,0.3294,0.2193
"ETH","Ethiopia",2019,"ET2019DHS","RH_DELP_C_DHT",2,"Amhara_North Gonder",0.5012,0.4997,0.36,0.6446,0.2846,0.1715
"ETH","Ethiopia",2019,"ET2019DHS","RH_DELP_C_DHT",2,"Amhara_North Shewa(R3)",0.4474,0.4466,0.3868,0.5059,0.1191,0.07836
"ETH","Ethiopia",2019,"ET2019DHS","RH_DELP_C_DHT",2,"Amhara_North Wollo",0.5351,0.5378,0.312,0.7465,0.4345,0.2802
"ETH","Ethiopia",2019,"ET2019DHS","RH_DELP_C_DHT",2,"Amhara_Oromia",0.4784,0.4728,0.2284,0.7309,0.5025,0.3259
"ETH","Ethiopia",2019,"ET2019DHS","RH_DELP_C_DHT",2,"Amhara_South Gonder",0.514,0.5146,0.3289,0.7075,0.3786,0.2349
"ETH","Ethiopia",2019,"ET2019DHS","RH_DELP_C_DHT",2,"Amhara_South Wollo",0.5658,0.5655,0.3553,0.7683,0.413,0.2961
"ETH","Ethiopia",2019,"ET2019DHS","RH_DELP_C_DHT",2,"Amhara_Special Woreda",0.5027,0.5051,0.2134,0.8028,0.5894,0.3654
"ETH","Ethiopia",2019,"ET2019DHS","RH_DELP_C_DHT",2,"Amhara_Wag Himra",0.3397,0.3386,0.2776,0.4069,0.1293,0.1181
"ETH","Ethiopia",2019,"ET2019DHS","RH_DELP_C_DHT",2,"Amhara_West Gojam",0.6008,0.6051,0.4203,0.7728,0.3525,0.2712
"ETH","Ethiopia",2019,"ET2019DHS","RH_DELP_C_DHT",2,"Beneshangul Gumu_Asosa",0.7069,0.7181,0.5022,0.8652,0.3631,0.3836
"ETH","Ethiopia",2019,"ET2019DHS","RH_DELP_C_DHT",2,"Beneshangul Gumu_Kemashi",0.547,0.5487,0.3817,0.7136,0.3319,0.2271
"ETH","Ethiopia",2019,"ET2019DHS","RH_DELP_C_DHT",2,"Beneshangul Gumu_Metekel",0.5096,0.5103,0.3625,0.6475,0.285,0.1819
"ETH","Ethiopia",2019,"ET2019DHS","RH_DELP_C_DHT",2,"Dire Dawa_Dire Dawa",0.7434,0.7474,0.6569,0.8203,0.1634,0.1975
"ETH","Ethiopia",2019,"ET2019DHS","RH_DELP_C_DHT",2,"Gambela_Agnuak",0.7774,0.7829,0.6551,0.8782,0.2231,0.3139
"ETH","Ethiopia",2019,"ET2019DHS","RH_DELP_C_DHT",2,"Gambela_Majang",0.5814,0.5817,0.4534,0.7045,0.2511,0.1803
"ETH","Ethiopia",2019,"ET2019DHS","RH_DELP_C_DHT",2,"Gambela_Nuer",0.4777,0.4791,0.3372,0.6149,0.2777,0.1753
"ETH","Ethiopia",2019,"ET2019DHS","RH_DELP_C_DHT",2,"Hareri_Hareri",0.6837,0.6904,0.5465,0.7966,0.2502,0.2476
"ETH","Ethiopia",2019,"ET2019DHS","RH_DELP_C_DHT",2,"Oromia_Arsi",0.486,0.4866,0.2893,0.687,0.3977,0.2507
"ETH","Ethiopia",2019,"ET2019DHS","RH_DELP_C_DHT",2,"Oromia_Bale",0.4219,0.4171,0.2469,0.6084,0.3615,0.2612
"ETH","Ethiopia",2019,"ET2019DHS","RH_DELP_C_DHT",2,"Oromia_Borena",0.3841,0.3846,0.3484,0.4203,0.0719,0.05789
"ETH","Ethiopia",2019,"ET2019DHS","RH_DELP_C_DHT",2,"Oromia_East Harerge",0.4383,0.4341,0.2402,0.6559,0.4158,0.3015
"ETH","Ethiopia",2019,"ET2019DHS","RH_DELP_C_DHT",2,"Oromia_East Shewa",0.6193,0.6222,0.4156,0.802,0.3865,0.3096
"ETH","Ethiopia",2019,"ET2019DHS","RH_DELP_C_DHT",2,"Oromia_East Wellega",0.7018,0.7046,0.5926,0.7977,0.2051,0.2111
"ETH","Ethiopia",2019,"ET2019DHS","RH_DELP_C_DHT",2,"Oromia_Guji",0.3133,0.3087,0.1884,0.4606,0.2722,0.2642
"ETH","Ethiopia",2019,"ET2019DHS","RH_DELP_C_DHT",2,"Oromia_Horo Guduru",0.4915,0.4915,0.4764,0.507,0.03061,0.01863
"ETH","Ethiopia",2019,"ET2019DHS","RH_DELP_C_DHT",2,"Oromia_Ilubabor",0.6132,0.6225,0.3756,0.8238,0.4483,0.3598
"ETH","Ethiopia",2019,"ET2019DHS","RH_DELP_C_DHT",2,"Oromia_Jimma",0.5787,0.5811,0.4051,0.7409,0.3358,0.2422
"ETH","Ethiopia",2019,"ET2019DHS","RH_DELP_C_DHT",2,"Oromia_Kelem Wellega",0.4864,0.482,0.2647,0.7124,0.4478,0.2742
"ETH","Ethiopia",2019,"ET2019DHS","RH_DELP_C_DHT",2,"Oromia_North Shewa(R4)",0.4268,0.4268,0.3919,0.4616,0.0697,0.05066
"ETH","Ethiopia",2019,"ET2019DHS","RH_DELP_C_DHT",2,"Oromia_South West Shewa",0.4349,0.4351,0.4235,0.4458,0.02229,0.0155
"ETH","Ethiopia",2019,"ET2019DHS","RH_DELP_C_DHT",2,"Oromia_West Arsi",0.4415,0.44,0.2569,0.6315,0.3746,0.2609
"ETH","Ethiopia",2019,"ET2019DHS","RH_DELP_C_DHT",2,"Oromia_West Harerge",0.3553,0.353,0.189,0.5374,0.3484,0.3011
"ETH","Ethiopia",2019,"ET2019DHS","RH_DELP_C_DHT",2,"Oromia_West Shewa",0.5432,0.5479,0.3757,0.7105,0.3347,0.2222
"ETH","Ethiopia",2019,"ET2019DHS","RH_DELP_C_DHT",2,"Oromia_West Wellega",0.7269,0.7391,0.5187,0.8977,0.379,0.4513
"ETH","Ethiopia",2019,"ET2019DHS","RH_DELP_C_DHT",2,"SNNPR_Alaba",0.6012,0.6002,0.384,0.8051,0.4212,0.3227
"ETH","Ethiopia",2019,"ET2019DHS","RH_DELP_C_DHT",2,"SNNPR_Basketo",0.4985,0.4949,0.2264,0.7847,0.5583,0.3405
"ETH","Ethiopia",2019,"ET2019DHS","RH_DELP_C_DHT",2,"SNNPR_Bench Maji",0.7767,0.7774,0.747,0.8042,0.05722,0.08031
"ETH","Ethiopia",2019,"ET2019DHS","RH_DELP_C_DHT",2,"SNNPR_Dawro",0.5367,0.538,0.3988,0.666,0.2672,0.1762
"ETH","Ethiopia",2019,"ET2019DHS","RH_DELP_C_DHT",2,"SNNPR_Gamo Gofa",0.5864,0.5935,0.4348,0.72,0.2851,0.2095
"ETH","Ethiopia",2019,"ET2019DHS","RH_DELP_C_DHT",2,"SNNPR_Gedio",0.3153,0.3146,0.2712,0.3615,0.09023,0.08953
"ETH","Ethiopia",2019,"ET2019DHS","RH_DELP_C_DHT",2,"SNNPR_Gurage",0.6126,0.6189,0.3953,0.8072,0.4119,0.3288
"ETH","Ethiopia",2019,"ET2019DHS","RH_DELP_C_DHT",2,"SNNPR_Hadiya",0.4571,0.4536,0.2955,0.6312,0.3358,0.2321
"ETH","Ethiopia",2019,"ET2019DHS","RH_DELP_C_DHT",2,"SNNPR_Keffa",0.7541,0.7652,0.5981,0.8781,0.28,0.3641
"ETH","Ethiopia",2019,"ET2019DHS","RH_DELP_C_DHT",2,"SNNPR_Konta",0.5482,0.5508,0.3041,0.7922,0.4881,0.3279
"ETH","Ethiopia",2019,"ET2019DHS","RH_DELP_C_DHT",2,"SNNPR_KT",0.56,0.5587,0.4459,0.6721,0.2262,0.1548
"ETH","Ethiopia",2019,"ET2019DHS","RH_DELP_C_DHT",2,"SNNPR_Segen Peoples'",0.5407,0.5419,0.4764,0.6012,0.1248,0.08358
"ETH","Ethiopia",2019,"ET2019DHS","RH_DELP_C_DHT",2,"SNNPR_Selti",0.6094,0.6131,0.4572,0.7542,0.2969,0.2353
"ETH","Ethiopia",2019,"ET2019DHS","RH_DELP_C_DHT",2,"SNNPR_Sheka",0.6198,0.634,0.3398,0.8407,0.501,0.4104
"ETH","Ethiopia",2019,"ET2019DHS","RH_DELP_C_DHT",2,"SNNPR_Sidama",0.2979,0.2957,0.1813,0.4322,0.2509,0.2568
"ETH","Ethiopia",2019,"ET2019DHS","RH_DELP_C_DHT",2,"SNNPR_South Omo",0.2716,0.2713,0.2503,0.2934,0.04309,0.0483
"ETH","Ethiopia",2019,"ET2019DHS","RH_DELP_C_DHT",2,"SNNPR_Wolayita",0.4186,0.409,0.2656,0.5926,0.327,0.2502
"ETH","Ethiopia",2019,"ET2019DHS","RH_DELP_C_DHT",2,"SNNPR_Yem",0.5541,0.5598,0.2841,0.8079,0.5237,0.3666
"ETH","Ethiopia",2019,"ET2019DHS","RH_DELP_C_DHT",2,"Somali_Afder",0.2696,0.2586,0.1126,0.4636,0.351,0.4322
"ETH","Ethiopia",2019,"ET2019DHS","RH_DELP_C_DHT",2,"Somali_Doolo",0.3219,0.3131,0.1649,0.5141,0.3492,0.3369
"ETH","Ethiopia",2019,"ET2019DHS","RH_DELP_C_DHT",2,"Somali_Fafan",0.2178,0.2091,0.1021,0.3781,0.276,0.4016
"ETH","Ethiopia",2019,"ET2019DHS","RH_DELP_C_DHT",2,"Somali_Jarar",0.221,0.2113,0.1288,0.3491,0.2203,0.3207
"ETH","Ethiopia",2019,"ET2019DHS","RH_DELP_C_DHT",2,"Somali_Korahe",0.3345,0.3329,0.2088,0.4607,0.2519,0.2338
"ETH","Ethiopia",2019,"ET2019DHS","RH_DELP_C_DHT",2,"Somali_Liben",0.4298,0.4291,0.2755,0.6031,0.3276,0.2267
"ETH","Ethiopia",2019,"ET2019DHS","RH_DELP_C_DHT",2,"Somali_Nogob",0.3045,0.2951,0.1736,0.4685,0.2949,0.3109
"ETH","Ethiopia",2019,"ET2019DHS","RH_DELP_C_DHT",2,"Somali_Shabelle",0.3249,0.312,0.1595,0.5311,0.3716,0.3706
"ETH","Ethiopia",2019,"ET2019DHS","RH_DELP_C_DHT",2,"Somali_Siti",0.1527,0.144,0.07151,0.2699,0.1984,0.4376
"ETH","Ethiopia",2019,"ET2019DHS","RH_DELP_C_DHT",2,"Tigray_Central",0.7539,0.7569,0.651,0.8444,0.1934,0.2471
"ETH","Ethiopia",2019,"ET2019DHS","RH_DELP_C_DHT",2,"Tigray_Eastern
",0.7902,0.8053,0.6181,0.9178,0.2997,0.481
"ETH","Ethiopia",2019,"ET2019DHS","RH_DELP_C_DHT",2,"Tigray_North Western",0.7133,0.728,0.4845,0.8764,0.3919,0.4286
"ETH","Ethiopia",2019,"ET2019DHS","RH_DELP_C_DHT",2,"Tigray_Southern",0.75,0.76,0.586,0.8779,0.2919,0.3783
"ETH","Ethiopia",2019,"ET2019DHS","RH_DELP_C_DHT",2,"Tigray_Western",0.7118,0.7279,0.4657,0.8924,0.4267,0.4814
"ETH","Ethiopia",2019,"ET2019DHS","RH_DELP_C_PUT",1,"Addis Ababa",0.7042,0.7042,0.6185,0.7776,0.1591,0.1645
"ETH","Ethiopia",2019,"ET2019DHS","RH_DELP_C_PUT",1,"Afar",0.3222,0.3222,0.2522,0.4012,0.149,0.1414
"ETH","Ethiopia",2019,"ET2019DHS","RH_DELP_C_PUT",1,"Amhara",0.5666,0.5666,0.4699,0.6585,0.1886,0.1339
"ETH","Ethiopia",2019,"ET2019DHS","RH_DELP_C_PUT",1,"Beneshangul Gumu",0.6527,0.6527,0.5312,0.7571,0.2259,0.2008
"ETH","Ethiopia",2019,"ET2019DHS","RH_DELP_C_PUT",1,"Dire Dawa",0.6409,0.6409,0.5551,0.7185,0.1634,0.1394
"ETH","Ethiopia",2019,"ET2019DHS","RH_DELP_C_PUT",1,"Gambela",0.5862,0.5862,0.4064,0.7456,0.3392,0.2591
"ETH","Ethiopia",2019,"ET2019DHS","RH_DELP_C_PUT",1,"Hareri",0.6395,0.6395,0.5064,0.7541,0.2477,0.2129
"ETH","Ethiopia",2019,"ET2019DHS","RH_DELP_C_PUT",1,"Oromia",0.4784,0.4784,0.3799,0.5787,0.1988,0.128
"ETH","Ethiopia",2019,"ET2019DHS","RH_DELP_C_PUT",1,"SNNPR",0.5255,0.5255,0.4015,0.6464,0.2449,0.1602
"ETH","Ethiopia",2019,"ET2019DHS","RH_DELP_C_PUT",1,"Somali",0.1869,0.1869,0.1278,0.265,0.1371,0.2224
"ETH","Ethiopia",2019,"ET2019DHS","RH_DELP_C_PUT",1,"Tigray",0.7443,0.7443,0.6543,0.8174,0.1631,0.1948
"ETH","Ethiopia",2019,"ET2019DHS","RH_DELP_C_PUT",2,"Addis Ababa_Region 14",0.7007,0.7028,0.625,0.7708,0.1458,0.1559
"ETH","Ethiopia",2019,"ET2019DHS","RH_DELP_C_PUT",2,"Afar_Zone 1",0.3688,0.3598,0.2095,0.5529,0.3434,0.2917
"ETH","Ethiopia",2019,"ET2019DHS","RH_DELP_C_PUT",2,"Afar_Zone 2",0.3446,0.336,0.1955,0.5174,0.3219,0.2907
"ETH","Ethiopia",2019,"ET2019DHS","RH_DELP_C_PUT",2,"Afar_Zone 3",0.255,0.2474,0.1152,0.426,0.3108,0.3834
"ETH","Ethiopia",2019,"ET2019DHS","RH_DELP_C_PUT",2,"Afar_Zone 4",0.2854,0.2778,0.1613,0.4378,0.2765,0.3012
"ETH","Ethiopia",2019,"ET2019DHS","RH_DELP_C_PUT",2,"Afar_Zone 5",0.2377,0.2281,0.126,0.3813,0.2553,0.3491
"ETH","Ethiopia",2019,"ET2019DHS","RH_DELP_C_PUT",2,"Amhara_Awi/Agew",0.509,0.5073,0.3012,0.7239,0.4227,0.2616
"ETH","Ethiopia",2019,"ET2019DHS","RH_DELP_C_PUT",2,"Amhara_East Gojam",0.479,0.4801,0.308,0.6494,0.3414,0.221
"ETH","Ethiopia",2019,"ET2019DHS","RH_DELP_C_PUT",2,"Amhara_North Gonder",0.5003,0.5012,0.3666,0.641,0.2745,0.169
"ETH","Ethiopia",2019,"ET2019DHS","RH_DELP_C_PUT",2,"Amhara_North Shewa(R3)",0.4486,0.4473,0.3948,0.5052,0.1104,0.07589
"ETH","Ethiopia",2019,"ET2019DHS","RH_DELP_C_PUT",2,"Amhara_North Wollo",0.5316,0.5297,0.3262,0.7323,0.4061,0.262
"ETH","Ethiopia",2019,"ET2019DHS","RH_DELP_C_PUT",2,"Amhara_Oromia",0.4776,0.4722,0.2592,0.7262,0.467,0.298
"ETH","Ethiopia",2019,"ET2019DHS","RH_DELP_C_PUT",2,"Amhara_South Gonder",0.514,0.5143,0.35,0.6869,0.3369,0.211
"ETH","Ethiopia",2019,"ET2019DHS","RH_DELP_C_PUT",2,"Amhara_South Wollo",0.5556,0.5549,0.3593,0.7523,0.393,0.2707
"ETH","Ethiopia",2019,"ET2019DHS","RH_DELP_C_PUT",2,"Amhara_Special Woreda",0.5029,0.5067,0.24,0.7588,0.5188,0.3344
"ETH","Ethiopia",2019,"ET2019DHS","RH_DELP_C_PUT",2,"Amhara_Wag Himra",0.3371,0.3371,0.2719,0.4049,0.133,0.1177
"ETH","Ethiopia",2019,"ET2019DHS","RH_DELP_C_PUT",2,"Amhara_West Gojam",0.5958,0.5961,0.451,0.7369,0.2859,0.2163
"ETH","Ethiopia",2019,"ET2019DHS","RH_DELP_C_PUT",2,"Beneshangul Gumu_Asosa",0.7078,0.7198,0.5141,0.8691,0.355,0.3905
"ETH","Ethiopia",2019,"ET2019DHS","RH_DELP_C_PUT",2,"Beneshangul Gumu_Kemashi",0.5543,0.5575,0.3826,0.717,0.3344,0.2293
"ETH","Ethiopia",2019,"ET2019DHS","RH_DELP_C_PUT",2,"Beneshangul Gumu_Metekel",0.5122,0.515,0.3628,0.6582,0.2954,0.1848
"ETH","Ethiopia",2019,"ET2019DHS","RH_DELP_C_PUT",2,"Dire Dawa_Dire Dawa",0.6395,0.6421,0.5513,0.7179,0.1666,0.1424
"ETH","Ethiopia",2019,"ET2019DHS","RH_DELP_C_PUT",2,"Gambela_Agnuak",0.5614,0.5616,0.3765,0.7398,0.3633,0.2544
"ETH","Ethiopia",2019,"ET2019DHS","RH_DELP_C_PUT",2,"Gambela_Majang",0.5309,0.5312,0.4005,0.6578,0.2573,0.1715
"ETH","Ethiopia",2019,"ET2019DHS","RH_DELP_C_PUT",2,"Gambela_Nuer",0.3878,0.3782,0.1966,0.5965,0.3999,0.3202
"ETH","Ethiopia",2019,"ET2019DHS","RH_DELP_C_PUT",2,"Hareri_Hareri",0.6387,0.6429,0.5082,0.7503,0.2421,0.2091
"ETH","Ethiopia",2019,"ET2019DHS","RH_DELP_C_PUT",2,"Oromia_Arsi",0.4657,0.4623,0.2683,0.6664,0.3981,0.2637
"ETH","Ethiopia",2019,"ET2019DHS","RH_DELP_C_PUT",2,"Oromia_Bale",0.4091,0.4006,0.2496,0.5953,0.3457,0.259
"ETH","Ethiopia",2019,"ET2019DHS","RH_DELP_C_PUT",2,"Oromia_Borena",0.3821,0.3817,0.3501,0.4151,0.06497,0.05169
"ETH","Ethiopia",2019,"ET2019DHS","RH_DELP_C_PUT",2,"Oromia_East Harerge",0.4063,0.3986,0.2175,0.6256,0.4081,0.3139
"ETH","Ethiopia",2019,"ET2019DHS","RH_DELP_C_PUT",2,"Oromia_East Shewa",0.5557,0.556,0.3605,0.7456,0.3851,0.261
"ETH","Ethiopia",2019,"ET2019DHS","RH_DELP_C_PUT",2,"Oromia_East Wellega",0.6445,0.6453,0.5717,0.7157,0.1439,0.1256
"ETH","Ethiopia",2019,"ET2019DHS","RH_DELP_C_PUT",2,"Oromia_Guji",0.3198,0.3166,0.1944,0.4596,0.2653,0.2535
"ETH","Ethiopia",2019,"ET2019DHS","RH_DELP_C_PUT",2,"Oromia_Horo Guduru",0.4897,0.4903,0.4706,0.5082,0.03761,0.02356
"ETH","Ethiopia",2019,"ET2019DHS","RH_DELP_C_PUT",2,"Oromia_Ilubabor",0.6022,0.6097,0.3705,0.8018,0.4313,0.3322
"ETH","Ethiopia",2019,"ET2019DHS","RH_DELP_C_PUT",2,"Oromia_Jimma",0.5712,0.575,0.4067,0.7323,0.3256,0.227
"ETH","Ethiopia",2019,"ET2019DHS","RH_DELP_C_PUT",2,"Oromia_Kelem Wellega",0.4955,0.4922,0.2811,0.7136,0.4325,0.2595
"ETH","Ethiopia",2019,"ET2019DHS","RH_DELP_C_PUT",2,"Oromia_North Shewa(R4)",0.4229,0.4229,0.3928,0.4543,0.0615,0.0435
"ETH","Ethiopia",2019,"ET2019DHS","RH_DELP_C_PUT",2,"Oromia_South West Shewa",0.433,0.4332,0.4246,0.4412,0.01668,0.01151
"ETH","Ethiopia",2019,"ET2019DHS","RH_DELP_C_PUT",2,"Oromia_West Arsi",0.4291,0.4267,0.2593,0.615,0.3557,0.2538
"ETH","Ethiopia",2019,"ET2019DHS","RH_DELP_C_PUT",2,"Oromia_West Harerge",0.3524,0.3496,0.1879,0.5375,0.3496,0.3015
"ETH","Ethiopia",2019,"ET2019DHS","RH_DELP_C_PUT",2,"Oromia_West Shewa",0.5186,0.5183,0.3529,0.6795,0.3266,0.2039
"ETH","Ethiopia",2019,"ET2019DHS","RH_DELP_C_PUT",2,"Oromia_West Wellega",0.7119,0.7176,0.5161,0.8772,0.3611,0.3942
"ETH","Ethiopia",2019,"ET2019DHS","RH_DELP_C_PUT",2,"SNNPR_Alaba",0.5784,0.5822,0.3579,0.7718,0.4139,0.2935
"ETH","Ethiopia",2019,"ET2019DHS","RH_DELP_C_PUT",2,"SNNPR_Basketo",0.4927,0.4963,0.235,0.7617,0.5267,0.3209
"ETH","Ethiopia",2019,"ET2019DHS","RH_DELP_C_PUT",2,"SNNPR_Bench Maji",0.7758,0.7763,0.7472,0.8025,0.05531,0.07579
"ETH","Ethiopia",2019,"ET2019DHS","RH_DELP_C_PUT",2,"SNNPR_Dawro",0.5346,0.5379,0.4022,0.6624,0.2602,0.1747
"ETH","Ethiopia",2019,"ET2019DHS","RH_DELP_C_PUT",2,"SNNPR_Gamo Gofa",0.571,0.5706,0.4298,0.7174,0.2875,0.1955
"ETH","Ethiopia",2019,"ET2019DHS","RH_DELP_C_PUT",2,"SNNPR_Gedio",0.316,0.3164,0.2729,0.3603,0.08742,0.08615
"ETH","Ethiopia",2019,"ET2019DHS","RH_DELP_C_PUT",2,"SNNPR_Gurage",0.5949,0.5916,0.4009,0.7816,0.3807,0.2823
"ETH","Ethiopia",2019,"ET2019DHS","RH_DELP_C_PUT",2,"SNNPR_Hadiya",0.4674,0.468,0.3025,0.6298,0.3273,0.215
"ETH","Ethiopia",2019,"ET2019DHS","RH_DELP_C_PUT",2,"SNNPR_Keffa",0.7348,0.7424,0.5785,0.8653,0.2868,0.3383
"ETH","Ethiopia",2019,"ET2019DHS","RH_DELP_C_PUT",2,"SNNPR_Konta",0.5455,0.5432,0.3184,0.7618,0.4434,0.2975
"ETH","Ethiopia",2019,"ET2019DHS","RH_DELP_C_PUT",2,"SNNPR_KT",0.5536,0.5508,0.4463,0.6629,0.2166,0.1463
"ETH","Ethiopia",2019,"ET2019DHS","RH_DELP_C_PUT",2,"SNNPR_Segen Peoples'",0.5348,0.5357,0.4677,0.5994,0.1318,0.0873
"ETH","Ethiopia",2019,"ET2019DHS","RH_DELP_C_PUT",2,"SNNPR_Selti",0.5993,0.6034,0.4435,0.7458,0.3023,0.228
"ETH","Ethiopia",2019,"ET2019DHS","RH_DELP_C_PUT",2,"SNNPR_Sheka",0.6318,0.6463,0.3815,0.8541,0.4725,0.4064
"ETH","Ethiopia",2019,"ET2019DHS","RH_DELP_C_PUT",2,"SNNPR_Sidama",0.3018,0.2958,0.1891,0.4343,0.2452,0.2484
"ETH","Ethiopia",2019,"ET2019DHS","RH_DELP_C_PUT",2,"SNNPR_South Omo",0.2724,0.272,0.2523,0.2939,0.04158,0.04649
"ETH","Ethiopia",2019,"ET2019DHS","RH_DELP_C_PUT",2,"SNNPR_Wolayita",0.4215,0.4143,0.2645,0.5941,0.3296,0.2378
"ETH","Ethiopia",2019,"ET2019DHS","RH_DELP_C_PUT",2,"SNNPR_Yem",0.5497,0.5533,0.2996,0.7855,0.4859,0.3324
"ETH","Ethiopia",2019,"ET2019DHS","RH_DELP_C_PUT",2,"Somali_Afder",0.248,0.2313,0.1108,0.4295,0.3187,0.4229
"ETH","Ethiopia",2019,"ET2019DHS","RH_DELP_C_PUT",2,"Somali_Doolo",0.2945,0.2864,0.1534,0.4644,0.311,0.3397
"ETH","Ethiopia",2019,"ET2019DHS","RH_DELP_C_PUT",2,"Somali_Fafan",0.1498,0.1413,0.07493,0.2513,0.1764,0.3852
"ETH","Ethiopia",2019,"ET2019DHS","RH_DELP_C_PUT",2,"Somali_Jarar",0.2073,0.2021,0.1214,0.3178,0.1964,0.2996
"ETH","Ethiopia",2019,"ET2019DHS","RH_DELP_C_PUT",2,"Somali_Korahe",0.3123,0.3068,0.1916,0.4452,0.2536,0.2547
"ETH","Ethiopia",2019,"ET2019DHS","RH_DELP_C_PUT",2,"Somali_Liben",0.402,0.3987,0.2528,0.5586,0.3058,0.2325
"ETH","Ethiopia",2019,"ET2019DHS","RH_DELP_C_PUT",2,"Somali_Nogob",0.2787,0.2706,0.15,0.4333,0.2833,0.3256
"ETH","Ethiopia",2019,"ET2019DHS","RH_DELP_C_PUT",2,"Somali_Shabelle",0.1989,0.1901,0.1127,0.3151,0.2024,0.329
"ETH","Ethiopia",2019,"ET2019DHS","RH_DELP_C_PUT",2,"Somali_Siti",0.1484,0.1403,0.06569,0.2536,0.1879,0.4181
"ETH","Ethiopia",2019,"ET2019DHS","RH_DELP_C_PUT",2,"Tigray_Central",0.753,0.759,0.6505,0.8419,0.1914,0.2519
"ETH","Ethiopia",2019,"ET2019DHS","RH_DELP_C_PUT",2,"Tigray_Eastern
",0.7845,0.7973,0.6234,0.9079,0.2845,0.4551
"ETH","Ethiopia",2019,"ET2019DHS","RH_DELP_C_PUT",2,"Tigray_North Western",0.7051,0.717,0.5073,0.8549,0.3476,0.3752
"ETH","Ethiopia",2019,"ET2019DHS","RH_DELP_C_PUT",2,"Tigray_Southern",0.7512,0.7592,0.6092,0.8721,0.2628,0.3566
"ETH","Ethiopia",2019,"ET2019DHS","RH_DELP_C_PUT",2,"Tigray_Western",0.7084,0.7193,0.4959,0.8805,0.3845,0.4357
"ETH","Ethiopia",2019,"ET2019DHS","RH_DELP_C_PRT",1,"Addis Ababa",0.2604,0.2604,0.1897,0.3462,0.1565,0.1834
"ETH","Ethiopia",2019,"ET2019DHS","RH_DELP_C_PRT",1,"Afar",0.02514,0.02514,0.005766,0.1029,0.0971,0.8844
"ETH","Ethiopia",2019,"ET2019DHS","RH_DELP_C_PRT",1,"Amhara",0.01009,0.01009,0.002092,0.04718,0.04508,0.9515
"ETH","Ethiopia",2019,"ET2019DHS","RH_DELP_C_PRT",1,"Beneshangul Gumu",0,0,NA,NA,NA,NA
"ETH","Ethiopia",2019,"ET2019DHS","RH_DELP_C_PRT",1,"Dire Dawa",0.1049,0.1049,0.06406,0.1671,0.1031,0.2927
"ETH","Ethiopia",2019,"ET2019DHS","RH_DELP_C_PRT",1,"Gambela",0.1746,0.1746,0.05605,0.4297,0.3736,0.6375
"ETH","Ethiopia",2019,"ET2019DHS","RH_DELP_C_PRT",1,"Hareri",0.05333,0.05333,0.02883,0.09658,0.06775,0.3687
"ETH","Ethiopia",2019,"ET2019DHS","RH_DELP_C_PRT",1,"Oromia",0.01624,0.01624,0.006815,0.03819,0.03137,0.525
"ETH","Ethiopia",2019,"ET2019DHS","RH_DELP_C_PRT",1,"SNNPR",0,0,NA,NA,NA,NA
"ETH","Ethiopia",2019,"ET2019DHS","RH_DELP_C_PRT",1,"Somali",0.0847,0.0847,0.02125,0.2829,0.2616,0.8068
"ETH","Ethiopia",2019,"ET2019DHS","RH_DELP_C_PRT",1,"Tigray",0.009711,0.009711,0.002065,0.04441,0.04234,0.9367
"ETH","Ethiopia",2019,"ET2019DHS","RH_DELP_C_PRT",2,"Addis Ababa_Region 14",0.2653,0.2622,0.1928,0.3459,0.1531,0.181
"ETH","Ethiopia",2019,"ET2019DHS","RH_DELP_C_PRT",2,"Afar_Zone 1",0.02677,0.024,0.009263,0.05205,0.04279,0.6069
"ETH","Ethiopia",2019,"ET2019DHS","RH_DELP_C_PRT",2,"Afar_Zone 2",0.04922,0.04227,0.01726,0.1062,0.08896,0.6937
"ETH","Ethiopia",2019,"ET2019DHS","RH_DELP_C_PRT",2,"Afar_Zone 3",0.025,0.02175,0.009508,0.05122,0.04171,0.6071
"ETH","Ethiopia",2019,"ET2019DHS","RH_DELP_C_PRT",2,"Afar_Zone 4",0.02627,0.02279,0.01044,0.05324,0.0428,0.6325
"ETH","Ethiopia",2019,"ET2019DHS","RH_DELP_C_PRT",2,"Afar_Zone 5",0.00806,0.00779,0.005316,0.01143,0.006117,0.2539
"ETH","Ethiopia",2019,"ET2019DHS","RH_DELP_C_PRT",2,"Amhara_Awi/Agew",0.004961,0.004063,0.001579,0.01103,0.009454,0.8062
"ETH","Ethiopia",2019,"ET2019DHS","RH_DELP_C_PRT",2,"Amhara_East Gojam",0.007608,0.006257,0.002211,0.01698,0.01477,0.8302
"ETH","Ethiopia",2019,"ET2019DHS","RH_DELP_C_PRT",2,"Amhara_North Gonder",0.005758,0.00478,0.00146,0.01334,0.01188,0.8437
"ETH","Ethiopia",2019,"ET2019DHS","RH_DELP_C_PRT",2,"Amhara_North Shewa(R3)",0.00374,0.002996,0.001051,0.008959,0.007908,0.9624
"ETH","Ethiopia",2019,"ET2019DHS","RH_DELP_C_PRT",2,"Amhara_North Wollo",0.003987,0.003118,0.001063,0.009454,0.008391,0.9629
"ETH","Ethiopia",2019,"ET2019DHS","RH_DELP_C_PRT",2,"Amhara_Oromia",0.006286,0.003962,0.0007841,0.01894,0.01816,2.084
"ETH","Ethiopia",2019,"ET2019DHS","RH_DELP_C_PRT",2,"Amhara_South Gonder",0.003576,0.002797,0.0009025,0.008635,0.007733,0.9798
"ETH","Ethiopia",2019,"ET2019DHS","RH_DELP_C_PRT",2,"Amhara_South Wollo",0.006562,0.00551,0.002027,0.01461,0.01258,0.7941
"ETH","Ethiopia",2019,"ET2019DHS","RH_DELP_C_PRT",2,"Amhara_Special Woreda",0.006929,0.004152,0.00083,0.02168,0.02085,2.308
"ETH","Ethiopia",2019,"ET2019DHS","RH_DELP_C_PRT",2,"Amhara_Wag Himra",0.004457,0.003392,0.0009872,0.01137,0.01039,1.097
"ETH","Ethiopia",2019,"ET2019DHS","RH_DELP_C_PRT",2,"Amhara_West Gojam",0.01962,0.01646,0.006982,0.04223,0.03525,0.7046
"ETH","Ethiopia",2019,"ET2019DHS","RH_DELP_C_PRT",2,"Beneshangul Gumu_Asosa",0.01786,0.01478,0.005207,0.03894,0.03373,0.8484
"ETH","Ethiopia",2019,"ET2019DHS","RH_DELP_C_PRT",2,"Beneshangul Gumu_Kemashi",0.007828,0.007717,0.00529,0.01094,0.005651,0.2238
"ETH","Ethiopia",2019,"ET2019DHS","RH_DELP_C_PRT",2,"Beneshangul Gumu_Metekel",0.01844,0.01525,0.005924,0.04168,0.03575,0.8276
"ETH","Ethiopia",2019,"ET2019DHS","RH_DELP_C_PRT",2,"Dire Dawa_Dire Dawa",0.1099,0.1061,0.06497,0.1646,0.09965,0.2972
"ETH","Ethiopia",2019,"ET2019DHS","RH_DELP_C_PRT",2,"Gambela_Agnuak",0.1542,0.1348,0.04865,0.3247,0.2761,0.643
"ETH","Ethiopia",2019,"ET2019DHS","RH_DELP_C_PRT",2,"Gambela_Majang",0.07182,0.05896,0.01609,0.1723,0.1562,0.8864
"ETH","Ethiopia",2019,"ET2019DHS","RH_DELP_C_PRT",2,"Gambela_Nuer",0.1219,0.1138,0.05516,0.2237,0.1685,0.4609
"ETH","Ethiopia",2019,"ET2019DHS","RH_DELP_C_PRT",2,"Hareri_Hareri",0.05749,0.05434,0.02984,0.09772,0.06788,0.3954
"ETH","Ethiopia",2019,"ET2019DHS","RH_DELP_C_PRT",2,"Oromia_Arsi",0.003893,0.003059,0.000999,0.009354,0.008355,0.9911
"ETH","Ethiopia",2019,"ET2019DHS","RH_DELP_C_PRT",2,"Oromia_Bale",0.005171,0.004008,0.001382,0.01313,0.01174,0.996
"ETH","Ethiopia",2019,"ET2019DHS","RH_DELP_C_PRT",2,"Oromia_Borena",0.005343,0.004362,0.001315,0.01289,0.01158,0.9148
"ETH","Ethiopia",2019,"ET2019DHS","RH_DELP_C_PRT",2,"Oromia_East Harerge",0.01504,0.01265,0.004442,0.03485,0.03041,0.7849
"ETH","Ethiopia",2019,"ET2019DHS","RH_DELP_C_PRT",2,"Oromia_East Shewa",0.022,0.01661,0.00592,0.05619,0.05027,1.079
"ETH","Ethiopia",2019,"ET2019DHS","RH_DELP_C_PRT",2,"Oromia_East Wellega",0.07539,0.07428,0.05384,0.1016,0.04779,0.2013
"ETH","Ethiopia",2019,"ET2019DHS","RH_DELP_C_PRT",2,"Oromia_Guji",0.006015,0.004885,0.001574,0.01399,0.01241,0.8891
"ETH","Ethiopia",2019,"ET2019DHS","RH_DELP_C_PRT",2,"Oromia_Horo Guduru",0.006581,0.005136,0.001534,0.01634,0.01481,1.087
"ETH","Ethiopia",2019,"ET2019DHS","RH_DELP_C_PRT",2,"Oromia_Ilubabor",0.005785,0.004734,0.001584,0.01302,0.01143,0.8543
"ETH","Ethiopia",2019,"ET2019DHS","RH_DELP_C_PRT",2,"Oromia_Jimma",0.007603,0.006317,0.002232,0.01712,0.01489,0.7604
"ETH","Ethiopia",2019,"ET2019DHS","RH_DELP_C_PRT",2,"Oromia_Kelem Wellega",0.006711,0.005902,0.002516,0.01361,0.01109,0.6184
"ETH","Ethiopia",2019,"ET2019DHS","RH_DELP_C_PRT",2,"Oromia_North Shewa(R4)",0.006358,0.005294,0.001869,0.01428,0.01241,0.7896
"ETH","Ethiopia",2019,"ET2019DHS","RH_DELP_C_PRT",2,"Oromia_South West Shewa",0.005612,0.004481,0.001222,0.01447,0.01325,0.9771
"ETH","Ethiopia",2019,"ET2019DHS","RH_DELP_C_PRT",2,"Oromia_West Arsi",0.004429,0.003488,0.001123,0.01035,0.009222,0.9492
"ETH","Ethiopia",2019,"ET2019DHS","RH_DELP_C_PRT",2,"Oromia_West Harerge",0.00678,0.005591,0.001926,0.01578,0.01385,0.8108
"ETH","Ethiopia",2019,"ET2019DHS","RH_DELP_C_PRT",2,"Oromia_West Shewa",0.0153,0.01281,0.004244,0.03643,0.03218,0.8043
"ETH","Ethiopia",2019,"ET2019DHS","RH_DELP_C_PRT",2,"Oromia_West Wellega",0.01114,0.009082,0.002973,0.02613,0.02315,0.8616
"ETH","Ethiopia",2019,"ET2019DHS","RH_DELP_C_PRT",2,"SNNPR_Alaba",0.003959,0.003243,0.001001,0.009683,0.008682,0.9133
"ETH","Ethiopia",2019,"ET2019DHS","RH_DELP_C_PRT",2,"SNNPR_Basketo",0.005515,0.003524,0.0006489,0.01493,0.01428,2.566
"ETH","Ethiopia",2019,"ET2019DHS","RH_DELP_C_PRT",2,"SNNPR_Bench Maji",0.004118,0.003495,0.001288,0.008963,0.007675,0.7892
"ETH","Ethiopia",2019,"ET2019DHS","RH_DELP_C_PRT",2,"SNNPR_Dawro",0.00755,0.007393,0.00523,0.01042,0.005193,0.22
"ETH","Ethiopia",2019,"ET2019DHS","RH_DELP_C_PRT",2,"SNNPR_Gamo Gofa",0.00541,0.004277,0.001476,0.01322,0.01175,0.8989
"ETH","Ethiopia",2019,"ET2019DHS","RH_DELP_C_PRT",2,"SNNPR_Gedio",0.005174,0.004016,0.001209,0.01333,0.01213,1.11
"ETH","Ethiopia",2019,"ET2019DHS","RH_DELP_C_PRT",2,"SNNPR_Gurage",0.005536,0.004431,0.001348,0.01301,0.01167,1.016
"ETH","Ethiopia",2019,"ET2019DHS","RH_DELP_C_PRT",2,"SNNPR_Hadiya",0.003355,0.002779,0.0009646,0.007333,0.006369,0.7988
"ETH","Ethiopia",2019,"ET2019DHS","RH_DELP_C_PRT",2,"SNNPR_Keffa",0.004118,0.003345,0.001304,0.009077,0.007773,0.8261
"ETH","Ethiopia",2019,"ET2019DHS","RH_DELP_C_PRT",2,"SNNPR_Konta",0.005069,0.003506,0.0007781,0.01473,0.01395,1.426
"ETH","Ethiopia",2019,"ET2019DHS","RH_DELP_C_PRT",2,"SNNPR_KT",0.004589,0.003835,0.001461,0.009753,0.008292,0.7523
"ETH","Ethiopia",2019,"ET2019DHS","RH_DELP_C_PRT",2,"SNNPR_Segen Peoples'",0.004071,0.003154,0.001091,0.01044,0.009347,0.9575
"ETH","Ethiopia",2019,"ET2019DHS","RH_DELP_C_PRT",2,"SNNPR_Selti",0.004418,0.003652,0.001235,0.01028,0.009047,0.8093
"ETH","Ethiopia",2019,"ET2019DHS","RH_DELP_C_PRT",2,"SNNPR_Sheka",0.005175,0.003564,0.0008694,0.01418,0.01331,1.461
"ETH","Ethiopia",2019,"ET2019DHS","RH_DELP_C_PRT",2,"SNNPR_Sidama",0.002507,0.002028,0.0006377,0.006095,0.005457,0.9518
"ETH","Ethiopia",2019,"ET2019DHS","RH_DELP_C_PRT",2,"SNNPR_South Omo",0.003967,0.003326,0.001176,0.009152,0.007976,0.84
"ETH","Ethiopia",2019,"ET2019DHS","RH_DELP_C_PRT",2,"SNNPR_Wolayita",0.003174,0.002434,0.0008987,0.008173,0.007274,1.079
"ETH","Ethiopia",2019,"ET2019DHS","RH_DELP_C_PRT",2,"SNNPR_Yem",0.005593,0.003714,0.0008597,0.01665,0.01579,1.6
"ETH","Ethiopia",2019,"ET2019DHS","RH_DELP_C_PRT",2,"Somali_Afder",0.007571,0.006578,0.002639,0.01539,0.01276,0.7032
"ETH","Ethiopia",2019,"ET2019DHS","RH_DELP_C_PRT",2,"Somali_Doolo",0.01946,0.01658,0.00686,0.04154,0.03468,0.7046
"ETH","Ethiopia",2019,"ET2019DHS","RH_DELP_C_PRT",2,"Somali_Fafan",0.02724,0.02171,0.007517,0.06552,0.058,0.948
"ETH","Ethiopia",2019,"ET2019DHS","RH_DELP_C_PRT",2,"Somali_Jarar",0.01634,0.01406,0.005032,0.03621,0.03117,0.7235
"ETH","Ethiopia",2019,"ET2019DHS","RH_DELP_C_PRT",2,"Somali_Korahe",0.008231,0.007509,0.003691,0.01495,0.01126,0.475
"ETH","Ethiopia",2019,"ET2019DHS","RH_DELP_C_PRT",2,"Somali_Liben",0.01621,0.01352,0.005445,0.03462,0.02918,0.7405
"ETH","Ethiopia",2019,"ET2019DHS","RH_DELP_C_PRT",2,"Somali_Nogob",0.007644,0.006635,0.002589,0.01608,0.01349,0.7175
"ETH","Ethiopia",2019,"ET2019DHS","RH_DELP_C_PRT",2,"Somali_Shabelle",0.06847,0.05589,0.02172,0.1584,0.1366,0.8272
"ETH","Ethiopia",2019,"ET2019DHS","RH_DELP_C_PRT",2,"Somali_Siti",0.00783,0.006775,0.002954,0.01592,0.01297,0.6556
"ETH","Ethiopia",2019,"ET2019DHS","RH_DELP_C_PRT",2,"Tigray_Central",0.01442,0.0121,0.0043,0.03269,0.02839,0.8319
"ETH","Ethiopia",2019,"ET2019DHS","RH_DELP_C_PRT",2,"Tigray_Eastern
",0.01613,0.01321,0.004786,0.03725,0.03246,0.8103
"ETH","Ethiopia",2019,"ET2019DHS","RH_DELP_C_PRT",2,"Tigray_North Western",0.03115,0.02717,0.01028,0.06321,0.05292,0.6275
"ETH","Ethiopia",2019,"ET2019DHS","RH_DELP_C_PRT",2,"Tigray_Southern",0.01297,0.01085,0.00401,0.03047,0.02646,0.834
"ETH","Ethiopia",2019,"ET2019DHS","RH_DELP_C_PRT",2,"Tigray_Western",0.02152,0.01753,0.006859,0.04881,0.04195,0.8335
"ETH","Ethiopia",2019,"ET2019DHS","RH_DELP_C_HOT",1,"Addis Ababa",0.03535,0.03535,0.01692,0.07238,0.05546,0.4433
"ETH","Ethiopia",2019,"ET2019DHS","RH_DELP_C_HOT",1,"Afar",0.6487,0.6487,0.5414,0.7427,0.2013,0.1763
"ETH","Ethiopia",2019,"ET2019DHS","RH_DELP_C_HOT",1,"Amhara",0.403,0.403,0.31,0.5036,0.1936,0.1478
"ETH","Ethiopia",2019,"ET2019DHS","RH_DELP_C_HOT",1,"Beneshangul Gumu",0.2981,0.2981,0.2087,0.4061,0.1975,0.2034
"ETH","Ethiopia",2019,"ET2019DHS","RH_DELP_C_HOT",1,"Dire Dawa",0.2452,0.2452,0.1764,0.3302,0.1538,0.1913
"ETH","Ethiopia",2019,"ET2019DHS","RH_DELP_C_HOT",1,"Gambela",0.2361,0.2361,0.1683,0.3206,0.1523,0.1966
"ETH","Ethiopia",2019,"ET2019DHS","RH_DELP_C_HOT",1,"Hareri",0.2907,0.2907,0.1853,0.4248,0.2395,0.254
"ETH","Ethiopia",2019,"ET2019DHS","RH_DELP_C_HOT",1,"Oromia",0.4926,0.4926,0.3887,0.5971,0.2085,0.1306
"ETH","Ethiopia",2019,"ET2019DHS","RH_DELP_C_HOT",1,"SNNPR",0.4674,0.4674,0.3461,0.5926,0.2464,0.1636
"ETH","Ethiopia",2019,"ET2019DHS","RH_DELP_C_HOT",1,"Somali",0.7244,0.7244,0.5639,0.8423,0.2784,0.3124
"ETH","Ethiopia",2019,"ET2019DHS","RH_DELP_C_HOT",1,"Tigray",0.2317,0.2317,0.1593,0.3244,0.1651,0.2172
"ETH","Ethiopia",2019,"ET2019DHS","RH_DELP_C_HOT",2,"Addis Ababa_Region 14",0.03865,0.03562,0.017,0.07084,0.05384,0.4919
"ETH","Ethiopia",2019,"ET2019DHS","RH_DELP_C_HOT",2,"Afar_Zone 1",0.6277,0.6368,0.4358,0.7955,0.3597,0.3037
"ETH","Ethiopia",2019,"ET2019DHS","RH_DELP_C_HOT",2,"Afar_Zone 2",0.6312,0.6332,0.4399,0.8073,0.3674,0.3132
"ETH","Ethiopia",2019,"ET2019DHS","RH_DELP_C_HOT",2,"Afar_Zone 3",0.7447,0.7568,0.5658,0.8801,0.3143,0.3891
"ETH","Ethiopia",2019,"ET2019DHS","RH_DELP_C_HOT",2,"Afar_Zone 4",0.7035,0.7092,0.5558,0.8323,0.2765,0.2965
"ETH","Ethiopia",2019,"ET2019DHS","RH_DELP_C_HOT",2,"Afar_Zone 5",0.7647,0.7704,0.6196,0.8859,0.2663,0.3611
"ETH","Ethiopia",2019,"ET2019DHS","RH_DELP_C_HOT",2,"Amhara_Awi/Agew",0.4786,0.4739,0.2657,0.7058,0.4401,0.2882
"ETH","Ethiopia",2019,"ET2019DHS","RH_DELP_C_HOT",2,"Amhara_East Gojam",0.4794,0.4756,0.316,0.6517,0.3357,0.2141
"ETH","Ethiopia",2019,"ET2019DHS","RH_DELP_C_HOT",2,"Amhara_North Gonder",0.4758,0.4733,0.3424,0.6171,0.2748,0.1785
"ETH","Ethiopia",2019,"ET2019DHS","RH_DELP_C_HOT",2,"Amhara_North Shewa(R3)",0.48,0.4788,0.3447,0.6148,0.2701,0.1741
"ETH","Ethiopia",2019,"ET2019DHS","RH_DELP_C_HOT",2,"Amhara_North Wollo",0.4352,0.4324,0.2281,0.6463,0.4182,0.2895
"ETH","Ethiopia",2019,"ET2019DHS","RH_DELP_C_HOT",2,"Amhara_Oromia",0.4876,0.4878,0.2308,0.7469,0.5161,0.3228
"ETH","Ethiopia",2019,"ET2019DHS","RH_DELP_C_HOT",2,"Amhara_South Gonder",0.466,0.4623,0.2864,0.6543,0.3679,0.2411
"ETH","Ethiopia",2019,"ET2019DHS","RH_DELP_C_HOT",2,"Amhara_South Wollo",0.4128,0.4123,0.2077,0.6281,0.4204,0.3152
"ETH","Ethiopia",2019,"ET2019DHS","RH_DELP_C_HOT",2,"Amhara_Special Woreda",0.4734,0.4653,0.1859,0.7773,0.5914,0.3849
"ETH","Ethiopia",2019,"ET2019DHS","RH_DELP_C_HOT",2,"Amhara_Wag Himra",0.6539,0.6551,0.5792,0.7228,0.1437,0.1252
"ETH","Ethiopia",2019,"ET2019DHS","RH_DELP_C_HOT",2,"Amhara_West Gojam",0.3681,0.3619,0.211,0.5453,0.3343,0.282
"ETH","Ethiopia",2019,"ET2019DHS","RH_DELP_C_HOT",2,"Beneshangul Gumu_Asosa",0.261,0.2525,0.1161,0.4557,0.3397,0.4052
"ETH","Ethiopia",2019,"ET2019DHS","RH_DELP_C_HOT",2,"Beneshangul Gumu_Kemashi",0.4338,0.4313,0.2753,0.6027,0.3274,0.228
"ETH","Ethiopia",2019,"ET2019DHS","RH_DELP_C_HOT",2,"Beneshangul Gumu_Metekel",0.4178,0.4163,0.3121,0.5222,0.2101,0.1515
"ETH","Ethiopia",2019,"ET2019DHS","RH_DELP_C_HOT",2,"Dire Dawa_Dire Dawa",0.2494,0.2488,0.1754,0.3297,0.1542,0.1852
"ETH","Ethiopia",2019,"ET2019DHS","RH_DELP_C_HOT",2,"Gambela_Agnuak",0.2191,0.2125,0.1255,0.3366,0.2112,0.3141
"ETH","Ethiopia",2019,"ET2019DHS","RH_DELP_C_HOT",2,"Gambela_Majang",0.4204,0.418,0.3083,0.5434,0.2351,0.1741
"ETH","Ethiopia",2019,"ET2019DHS","RH_DELP_C_HOT",2,"Gambela_Nuer",0.5204,0.5211,0.3745,0.6667,0.2921,0.1878
"ETH","Ethiopia",2019,"ET2019DHS","RH_DELP_C_HOT",2,"Hareri_Hareri",0.296,0.2899,0.1833,0.4327,0.2494,0.2617
"ETH","Ethiopia",2019,"ET2019DHS","RH_DELP_C_HOT",2,"Oromia_Arsi",0.4949,0.4945,0.293,0.6945,0.4014,0.2446
"ETH","Ethiopia",2019,"ET2019DHS","RH_DELP_C_HOT",2,"Oromia_Bale",0.5595,0.56,0.3769,0.735,0.3581,0.2454
"ETH","Ethiopia",2019,"ET2019DHS","RH_DELP_C_HOT",2,"Oromia_Borena",0.5411,0.5409,0.533,0.5489,0.01587,0.01078
"ETH","Ethiopia",2019,"ET2019DHS","RH_DELP_C_HOT",2,"Oromia_East Harerge",0.5379,0.5359,0.3247,0.7441,0.4194,0.2818
"ETH","Ethiopia",2019,"ET2019DHS","RH_DELP_C_HOT",2,"Oromia_East Shewa",0.3528,0.3438,0.1835,0.5453,0.3618,0.3255
"ETH","Ethiopia",2019,"ET2019DHS","RH_DELP_C_HOT",2,"Oromia_East Wellega",0.293,0.2895,0.2044,0.3937,0.1893,0.1999
"ETH","Ethiopia",2019,"ET2019DHS","RH_DELP_C_HOT",2,"Oromia_Guji",0.6674,0.6739,0.5174,0.7906,0.2732,0.2532
"ETH","Ethiopia",2019,"ET2019DHS","RH_DELP_C_HOT",2,"Oromia_Horo Guduru",0.505,0.505,0.495,0.5143,0.01921,0.01189
"ETH","Ethiopia",2019,"ET2019DHS","RH_DELP_C_HOT",2,"Oromia_Ilubabor",0.3743,0.3686,0.1787,0.6093,0.4306,0.3535
"ETH","Ethiopia",2019,"ET2019DHS","RH_DELP_C_HOT",2,"Oromia_Jimma",0.3916,0.386,0.2337,0.5728,0.3391,0.2665
"ETH","Ethiopia",2019,"ET2019DHS","RH_DELP_C_HOT",2,"Oromia_Kelem Wellega",0.4825,0.4739,0.2711,0.7102,0.4391,0.2815
"ETH","Ethiopia",2019,"ET2019DHS","RH_DELP_C_HOT",2,"Oromia_North Shewa(R4)",0.4509,0.4504,0.3884,0.5171,0.1286,0.08739
"ETH","Ethiopia",2019,"ET2019DHS","RH_DELP_C_HOT",2,"Oromia_South West Shewa",0.5622,0.5622,0.5441,0.5792,0.03512,0.02366
"ETH","Ethiopia",2019,"ET2019DHS","RH_DELP_C_HOT",2,"Oromia_West Arsi",0.5207,0.524,0.3106,0.7181,0.4074,0.2577
"ETH","Ethiopia",2019,"ET2019DHS","RH_DELP_C_HOT",2,"Oromia_West Harerge",0.6254,0.6273,0.4353,0.8026,0.3673,0.3011
"ETH","Ethiopia",2019,"ET2019DHS","RH_DELP_C_HOT",2,"Oromia_West Shewa",0.4494,0.4494,0.28,0.6195,0.3395,0.2283
"ETH","Ethiopia",2019,"ET2019DHS","RH_DELP_C_HOT",2,"Oromia_West Wellega",0.2574,0.2501,0.09768,0.4582,0.3606,0.4316
"ETH","Ethiopia",2019,"ET2019DHS","RH_DELP_C_HOT",2,"SNNPR_Alaba",0.3995,0.3977,0.2001,0.6184,0.4183,0.3193
"ETH","Ethiopia",2019,"ET2019DHS","RH_DELP_C_HOT",2,"SNNPR_Basketo",0.4925,0.4887,0.2235,0.7663,0.5429,0.3403
"ETH","Ethiopia",2019,"ET2019DHS","RH_DELP_C_HOT",2,"SNNPR_Bench Maji",0.2239,0.2234,0.1957,0.2541,0.05842,0.07709
"ETH","Ethiopia",2019,"ET2019DHS","RH_DELP_C_HOT",2,"SNNPR_Dawro",0.4471,0.4436,0.3215,0.5892,0.2677,0.1798
"ETH","Ethiopia",2019,"ET2019DHS","RH_DELP_C_HOT",2,"SNNPR_Gamo Gofa",0.4088,0.4066,0.2666,0.552,0.2853,0.2117
"ETH","Ethiopia",2019,"ET2019DHS","RH_DELP_C_HOT",2,"SNNPR_Gedio",0.6841,0.6842,0.6382,0.7306,0.09245,0.08917
"ETH","Ethiopia",2019,"ET2019DHS","RH_DELP_C_HOT",2,"SNNPR_Gurage",0.3941,0.3856,0.2059,0.6067,0.4008,0.3156
"ETH","Ethiopia",2019,"ET2019DHS","RH_DELP_C_HOT",2,"SNNPR_Hadiya",0.5451,0.5438,0.3695,0.727,0.3576,0.2397
"ETH","Ethiopia",2019,"ET2019DHS","RH_DELP_C_HOT",2,"SNNPR_Keffa",0.25,0.2402,0.1259,0.4027,0.2768,0.3513
"ETH","Ethiopia",2019,"ET2019DHS","RH_DELP_C_HOT",2,"SNNPR_Konta",0.4504,0.448,0.22,0.6897,0.4697,0.3166
"ETH","Ethiopia",2019,"ET2019DHS","RH_DELP_C_HOT",2,"SNNPR_KT",0.4299,0.4285,0.3303,0.5383,0.2079,0.1493
"ETH","Ethiopia",2019,"ET2019DHS","RH_DELP_C_HOT",2,"SNNPR_Segen Peoples'",0.4556,0.4574,0.4012,0.5111,0.1098,0.07346
"ETH","Ethiopia",2019,"ET2019DHS","RH_DELP_C_HOT",2,"SNNPR_Selti",0.3786,0.3771,0.2451,0.526,0.2808,0.2254
"ETH","Ethiopia",2019,"ET2019DHS","RH_DELP_C_HOT",2,"SNNPR_Sheka",0.3748,0.3638,0.1489,0.6453,0.4965,0.4248
"ETH","Ethiopia",2019,"ET2019DHS","RH_DELP_C_HOT",2,"SNNPR_Sidama",0.6975,0.7038,0.5656,0.8074,0.2418,0.2439
"ETH","Ethiopia",2019,"ET2019DHS","RH_DELP_C_HOT",2,"SNNPR_South Omo",0.7283,0.7282,0.7072,0.7486,0.04143,0.04766
"ETH","Ethiopia",2019,"ET2019DHS","RH_DELP_C_HOT",2,"SNNPR_Wolayita",0.5378,0.5391,0.3566,0.7165,0.36,0.2407
"ETH","Ethiopia",2019,"ET2019DHS","RH_DELP_C_HOT",2,"SNNPR_Yem",0.4546,0.4519,0.1927,0.7254,0.5328,0.347
"ETH","Ethiopia",2019,"ET2019DHS","RH_DELP_C_HOT",2,"Somali_Afder",0.7263,0.7408,0.5371,0.8772,0.3401,0.4125
"ETH","Ethiopia",2019,"ET2019DHS","RH_DELP_C_HOT",2,"Somali_Doolo",0.6717,0.6833,0.481,0.8292,0.3482,0.3363
"ETH","Ethiopia",2019,"ET2019DHS","RH_DELP_C_HOT",2,"Somali_Fafan",0.7837,0.795,0.6208,0.9037,0.283,0.4264
"ETH","Ethiopia",2019,"ET2019DHS","RH_DELP_C_HOT",2,"Somali_Jarar",0.7829,0.7875,0.6697,0.8741,0.2044,0.2964
"ETH","Ethiopia",2019,"ET2019DHS","RH_DELP_C_HOT",2,"Somali_Korahe",0.6616,0.6639,0.5169,0.7941,0.2772,0.255
"ETH","Ethiopia",2019,"ET2019DHS","RH_DELP_C_HOT",2,"Somali_Liben",0.5681,0.5721,0.4034,0.7245,0.3211,0.2257
"ETH","Ethiopia",2019,"ET2019DHS","RH_DELP_C_HOT",2,"Somali_Nogob",0.694,0.6987,0.5288,0.8337,0.3049,0.3078
"ETH","Ethiopia",2019,"ET2019DHS","RH_DELP_C_HOT",2,"Somali_Shabelle",0.6715,0.6808,0.4682,0.8506,0.3824,0.3674
"ETH","Ethiopia",2019,"ET2019DHS","RH_DELP_C_HOT",2,"Somali_Siti",0.8562,0.8573,0.821,0.8882,0.06722,0.1448
"ETH","Ethiopia",2019,"ET2019DHS","RH_DELP_C_HOT",2,"Tigray_Central",0.206,0.2017,0.1318,0.2922,0.1605,0.2451
"ETH","Ethiopia",2019,"ET2019DHS","RH_DELP_C_HOT",2,"Tigray_Eastern
",0.2,0.1858,0.08239,0.377,0.2946,0.488
"ETH","Ethiopia",2019,"ET2019DHS","RH_DELP_C_HOT",2,"Tigray_North Western",0.2654,0.2479,0.12,0.464,0.3439,0.433
"ETH","Ethiopia",2019,"ET2019DHS","RH_DELP_C_HOT",2,"Tigray_Southern",0.236,0.227,0.1097,0.3894,0.2797,0.3755
"ETH","Ethiopia",2019,"ET2019DHS","RH_DELP_C_HOT",2,"Tigray_Western",0.2735,0.253,0.1069,0.5062,0.3994,0.4905
"ETH","Ethiopia",2019,"ET2019DHS","RH_PCCT_C_DY2",1,"Addis Ababa",0.8489,0.8489,0.7815,0.8982,0.1166,0.2329
"ETH","Ethiopia",2019,"ET2019DHS","RH_PCCT_C_DY2",1,"Afar",0.2576,0.2576,0.1886,0.3413,0.1527,0.1809
"ETH","Ethiopia",2019,"ET2019DHS","RH_PCCT_C_DY2",1,"Amhara",0.4173,0.4173,0.331,0.5089,0.1779,0.131
"ETH","Ethiopia",2019,"ET2019DHS","RH_PCCT_C_DY2",1,"Beneshangul Gumu",0.4468,0.4468,0.3823,0.513,0.1307,0.08945
"ETH","Ethiopia",2019,"ET2019DHS","RH_PCCT_C_DY2",1,"Dire Dawa",0.4776,0.4776,0.3947,0.5619,0.1672,0.1074
"ETH","Ethiopia",2019,"ET2019DHS","RH_PCCT_C_DY2",1,"Gambela",0.5598,0.5598,0.4187,0.6919,0.2732,0.1935
"ETH","Ethiopia",2019,"ET2019DHS","RH_PCCT_C_DY2",1,"Hareri",0.4649,0.4649,0.3618,0.5711,0.2093,0.1389
"ETH","Ethiopia",2019,"ET2019DHS","RH_PCCT_C_DY2",1,"Oromia",0.2815,0.2815,0.2201,0.3522,0.1321,0.1432
"ETH","Ethiopia",2019,"ET2019DHS","RH_PCCT_C_DY2",1,"SNNPR",0.3,0.3,0.2276,0.384,0.1564,0.1595
"ETH","Ethiopia",2019,"ET2019DHS","RH_PCCT_C_DY2",1,"Somali",0.1296,0.1296,0.08022,0.2026,0.1224,0.2829
"ETH","Ethiopia",2019,"ET2019DHS","RH_PCCT_C_DY2",1,"Tigray",0.5554,0.5554,0.4628,0.6444,0.1816,0.1256
"ETH","Ethiopia",2019,"ET2019DHS","RH_PCCT_C_DY2",2,"Addis Ababa_Region 14",0.8466,0.8497,0.7833,0.8994,0.1161,0.2428
"ETH","Ethiopia",2019,"ET2019DHS","RH_PCCT_C_DY2",2,"Afar_Zone 1",0.3014,0.2935,0.1718,0.4622,0.2904,0.2999
"ETH","Ethiopia",2019,"ET2019DHS","RH_PCCT_C_DY2",2,"Afar_Zone 2",0.2867,0.28,0.1511,0.4418,0.2907,0.319
"ETH","Ethiopia",2019,"ET2019DHS","RH_PCCT_C_DY2",2,"Afar_Zone 3",0.111,0.1019,0.04841,0.2061,0.1576,0.4749
"ETH","Ethiopia",2019,"ET2019DHS","RH_PCCT_C_DY2",2,"Afar_Zone 4",0.2595,0.2496,0.1563,0.3979,0.2416,0.2993
"ETH","Ethiopia",2019,"ET2019DHS","RH_PCCT_C_DY2",2,"Afar_Zone 5",0.1241,0.1202,0.0657,0.2002,0.1345,0.3536
"ETH","Ethiopia",2019,"ET2019DHS","RH_PCCT_C_DY2",2,"Amhara_Awi/Agew",0.4424,0.434,0.2182,0.6999,0.4817,0.3315
"ETH","Ethiopia",2019,"ET2019DHS","RH_PCCT_C_DY2",2,"Amhara_East Gojam",0.3343,0.3246,0.1968,0.5079,0.311,0.2864
"ETH","Ethiopia",2019,"ET2019DHS","RH_PCCT_C_DY2",2,"Amhara_North Gonder",0.4969,0.4948,0.3656,0.6229,0.2573,0.1601
"ETH","Ethiopia",2019,"ET2019DHS","RH_PCCT_C_DY2",2,"Amhara_North Shewa(R3)",0.2656,0.2638,0.1967,0.346,0.1493,0.167
"ETH","Ethiopia",2019,"ET2019DHS","RH_PCCT_C_DY2",2,"Amhara_North Wollo",0.3821,0.3769,0.1964,0.5777,0.3813,0.3126
"ETH","Ethiopia",2019,"ET2019DHS","RH_PCCT_C_DY2",2,"Amhara_Oromia",0.3266,0.3077,0.1224,0.59,0.4676,0.4825
"ETH","Ethiopia",2019,"ET2019DHS","RH_PCCT_C_DY2",2,"Amhara_South Gonder",0.34,0.3345,0.213,0.4942,0.2812,0.2593
"ETH","Ethiopia",2019,"ET2019DHS","RH_PCCT_C_DY2",2,"Amhara_South Wollo",0.3359,0.3281,0.2104,0.4861,0.2758,0.2527
"ETH","Ethiopia",2019,"ET2019DHS","RH_PCCT_C_DY2",2,"Amhara_Special Woreda",0.339,0.3126,0.09789,0.6578,0.5599,0.5615
"ETH","Ethiopia",2019,"ET2019DHS","RH_PCCT_C_DY2",2,"Amhara_Wag Himra",0.1993,0.1912,0.1024,0.3181,0.2157,0.3458
"ETH","Ethiopia",2019,"ET2019DHS","RH_PCCT_C_DY2",2,"Amhara_West Gojam",0.5087,0.5094,0.3645,0.6516,0.2871,0.1816
"ETH","Ethiopia",2019,"ET2019DHS","RH_PCCT_C_DY2",2,"Beneshangul Gumu_Asosa",0.503,0.5049,0.4006,0.5986,0.1981,0.1232
"ETH","Ethiopia",2019,"ET2019DHS","RH_PCCT_C_DY2",2,"Beneshangul Gumu_Kemashi",0.1971,0.1947,0.1486,0.2521,0.1035,0.1619
"ETH","Ethiopia",2019,"ET2019DHS","RH_PCCT_C_DY2",2,"Beneshangul Gumu_Metekel",0.3733,0.3711,0.2467,0.5083,0.2615,0.2117
"ETH","Ethiopia",2019,"ET2019DHS","RH_PCCT_C_DY2",2,"Dire Dawa_Dire Dawa",0.4781,0.4755,0.3985,0.5598,0.1613,0.1043
"ETH","Ethiopia",2019,"ET2019DHS","RH_PCCT_C_DY2",2,"Gambela_Agnuak",0.554,0.5592,0.3912,0.7153,0.3241,0.2251
"ETH","Ethiopia",2019,"ET2019DHS","RH_PCCT_C_DY2",2,"Gambela_Majang",0.2392,0.2312,0.142,0.3505,0.2085,0.2773
"ETH","Ethiopia",2019,"ET2019DHS","RH_PCCT_C_DY2",2,"Gambela_Nuer",0.2316,0.2287,0.1655,0.3078,0.1424,0.193
"ETH","Ethiopia",2019,"ET2019DHS","RH_PCCT_C_DY2",2,"Hareri_Hareri",0.4663,0.4658,0.3607,0.5725,0.2117,0.1384
"ETH","Ethiopia",2019,"ET2019DHS","RH_PCCT_C_DY2",2,"Oromia_Arsi",0.1925,0.1902,0.1345,0.259,0.1245,0.2002
"ETH","Ethiopia",2019,"ET2019DHS","RH_PCCT_C_DY2",2,"Oromia_Bale",0.2466,0.24,0.16,0.3472,0.1873,0.2462
"ETH","Ethiopia",2019,"ET2019DHS","RH_PCCT_C_DY2",2,"Oromia_Borena",0.1997,0.1863,0.07709,0.3707,0.2936,0.4899
"ETH","Ethiopia",2019,"ET2019DHS","RH_PCCT_C_DY2",2,"Oromia_East Harerge",0.2653,0.2559,0.1447,0.4144,0.2698,0.3284
"ETH","Ethiopia",2019,"ET2019DHS","RH_PCCT_C_DY2",2,"Oromia_East Shewa",0.4733,0.4707,0.3274,0.628,0.3007,0.1984
"ETH","Ethiopia",2019,"ET2019DHS","RH_PCCT_C_DY2",2,"Oromia_East Wellega",0.3847,0.3841,0.3539,0.4158,0.06192,0.04842
"ETH","Ethiopia",2019,"ET2019DHS","RH_PCCT_C_DY2",2,"Oromia_Guji",0.2073,0.2021,0.1351,0.296,0.161,0.2438
"ETH","Ethiopia",2019,"ET2019DHS","RH_PCCT_C_DY2",2,"Oromia_Horo Guduru",0.2612,0.2607,0.2437,0.2797,0.03602,0.04283
"ETH","Ethiopia",2019,"ET2019DHS","RH_PCCT_C_DY2",2,"Oromia_Ilubabor",0.4868,0.4895,0.2943,0.6615,0.3673,0.229
"ETH","Ethiopia",2019,"ET2019DHS","RH_PCCT_C_DY2",2,"Oromia_Jimma",0.4072,0.4005,0.2267,0.5938,0.3671,0.2758
"ETH","Ethiopia",2019,"ET2019DHS","RH_PCCT_C_DY2",2,"Oromia_Kelem Wellega",0.375,0.3687,0.1801,0.594,0.4139,0.3397
"ETH","Ethiopia",2019,"ET2019DHS","RH_PCCT_C_DY2",2,"Oromia_North Shewa(R4)",0.2447,0.243,0.1953,0.2972,0.1019,0.131
"ETH","Ethiopia",2019,"ET2019DHS","RH_PCCT_C_DY2",2,"Oromia_South West Shewa",0.3257,0.3258,0.312,0.3395,0.02751,0.02607
"ETH","Ethiopia",2019,"ET2019DHS","RH_PCCT_C_DY2",2,"Oromia_West Arsi",0.245,0.2374,0.1468,0.3653,0.2184,0.2819
"ETH","Ethiopia",2019,"ET2019DHS","RH_PCCT_C_DY2",2,"Oromia_West Harerge",0.1315,0.1224,0.05064,0.249,0.1984,0.5146
"ETH","Ethiopia",2019,"ET2019DHS","RH_PCCT_C_DY2",2,"Oromia_West Shewa",0.2449,0.2401,0.1396,0.3621,0.2226,0.2828
"ETH","Ethiopia",2019,"ET2019DHS","RH_PCCT_C_DY2",2,"Oromia_West Wellega",0.8085,0.809,0.7903,0.826,0.03568,0.05714
"ETH","Ethiopia",2019,"ET2019DHS","RH_PCCT_C_DY2",2,"SNNPR_Alaba",0.4161,0.4137,0.3255,0.5155,0.1901,0.1394
"ETH","Ethiopia",2019,"ET2019DHS","RH_PCCT_C_DY2",2,"SNNPR_Basketo",0.3483,0.3325,0.09731,0.667,0.5697,0.5249
"ETH","Ethiopia",2019,"ET2019DHS","RH_PCCT_C_DY2",2,"SNNPR_Bench Maji",0.7009,0.7083,0.5252,0.8471,0.3218,0.337
"ETH","Ethiopia",2019,"ET2019DHS","RH_PCCT_C_DY2",2,"SNNPR_Dawro",0.2694,0.266,0.1864,0.3633,0.1769,0.2061
"ETH","Ethiopia",2019,"ET2019DHS","RH_PCCT_C_DY2",2,"SNNPR_Gamo Gofa",0.4057,0.4055,0.3135,0.5095,0.196,0.1455
"ETH","Ethiopia",2019,"ET2019DHS","RH_PCCT_C_DY2",2,"SNNPR_Gedio",0.105,0.1036,0.07444,0.1397,0.06526,0.1894
"ETH","Ethiopia",2019,"ET2019DHS","RH_PCCT_C_DY2",2,"SNNPR_Gurage",0.3553,0.3533,0.2449,0.4761,0.2312,0.1998
"ETH","Ethiopia",2019,"ET2019DHS","RH_PCCT_C_DY2",2,"SNNPR_Hadiya",0.3163,0.3114,0.1861,0.465,0.2789,0.2733
"ETH","Ethiopia",2019,"ET2019DHS","RH_PCCT_C_DY2",2,"SNNPR_Keffa",0.5392,0.5391,0.4801,0.5958,0.1157,0.0753
"ETH","Ethiopia",2019,"ET2019DHS","RH_PCCT_C_DY2",2,"SNNPR_Konta",0.3702,0.356,0.1665,0.6171,0.4507,0.396
"ETH","Ethiopia",2019,"ET2019DHS","RH_PCCT_C_DY2",2,"SNNPR_KT",0.3908,0.3896,0.291,0.4966,0.2056,0.1639
"ETH","Ethiopia",2019,"ET2019DHS","RH_PCCT_C_DY2",2,"SNNPR_Segen Peoples'",0.3211,0.3212,0.3012,0.3401,0.03888,0.03787
"ETH","Ethiopia",2019,"ET2019DHS","RH_PCCT_C_DY2",2,"SNNPR_Selti",0.3429,0.3428,0.301,0.3834,0.08242,0.07357
"ETH","Ethiopia",2019,"ET2019DHS","RH_PCCT_C_DY2",2,"SNNPR_Sheka",0.4984,0.5046,0.1967,0.7723,0.5756,0.3489
"ETH","Ethiopia",2019,"ET2019DHS","RH_PCCT_C_DY2",2,"SNNPR_Sidama",0.1789,0.1753,0.108,0.2715,0.1636,0.2824
"ETH","Ethiopia",2019,"ET2019DHS","RH_PCCT_C_DY2",2,"SNNPR_South Omo",0.2209,0.2173,0.1581,0.2898,0.1317,0.1829
"ETH","Ethiopia",2019,"ET2019DHS","RH_PCCT_C_DY2",2,"SNNPR_Wolayita",0.2082,0.2001,0.1176,0.3297,0.2121,0.3115
"ETH","Ethiopia",2019,"ET2019DHS","RH_PCCT_C_DY2",2,"SNNPR_Yem",0.3697,0.3582,0.1452,0.6622,0.5169,0.4431
"ETH","Ethiopia",2019,"ET2019DHS","RH_PCCT_C_DY2",2,"Somali_Afder",0.1737,0.1594,0.07002,0.3234,0.2534,0.4902
"ETH","Ethiopia",2019,"ET2019DHS","RH_PCCT_C_DY2",2,"Somali_Doolo",0.2118,0.2038,0.104,0.3511,0.2471,0.3804
"ETH","Ethiopia",2019,"ET2019DHS","RH_PCCT_C_DY2",2,"Somali_Fafan",0.1607,0.1421,0.05139,0.3216,0.2703,0.6187
"ETH","Ethiopia",2019,"ET2019DHS","RH_PCCT_C_DY2",2,"Somali_Jarar",0.1827,0.1702,0.08771,0.3194,0.2317,0.4229
"ETH","Ethiopia",2019,"ET2019DHS","RH_PCCT_C_DY2",2,"Somali_Korahe",0.2073,0.1963,0.1004,0.3429,0.2425,0.3919
"ETH","Ethiopia",2019,"ET2019DHS","RH_PCCT_C_DY2",2,"Somali_Liben",0.2236,0.2117,0.108,0.366,0.258,0.3745
"ETH","Ethiopia",2019,"ET2019DHS","RH_PCCT_C_DY2",2,"Somali_Nogob",0.2346,0.2274,0.1366,0.3524,0.2158,0.2924
"ETH","Ethiopia",2019,"ET2019DHS","RH_PCCT_C_DY2",2,"Somali_Shabelle",0.2208,0.2172,0.1555,0.2937,0.1382,0.1997
"ETH","Ethiopia",2019,"ET2019DHS","RH_PCCT_C_DY2",2,"Somali_Siti",0.1152,0.1049,0.05273,0.2058,0.1531,0.472
"ETH","Ethiopia",2019,"ET2019DHS","RH_PCCT_C_DY2",2,"Tigray_Central",0.5606,0.5646,0.4155,0.6886,0.2732,0.1906
"ETH","Ethiopia",2019,"ET2019DHS","RH_PCCT_C_DY2",2,"Tigray_Eastern
",0.6959,0.7003,0.58,0.7937,0.2137,0.207
"ETH","Ethiopia",2019,"ET2019DHS","RH_PCCT_C_DY2",2,"Tigray_North Western",0.4743,0.4726,0.3341,0.6224,0.2882,0.1867
"ETH","Ethiopia",2019,"ET2019DHS","RH_PCCT_C_DY2",2,"Tigray_Southern",0.5512,0.5521,0.3877,0.6993,0.3117,0.2111
"ETH","Ethiopia",2019,"ET2019DHS","RH_PCCT_C_DY2",2,"Tigray_Western",0.5904,0.5966,0.3735,0.7837,0.4102,0.3037
"ETH","Ethiopia",2019,"ET2019DHS","CH_VACC_C_MSL",1,"Addis Ababa",0.9059,0.9059,0.8355,0.9481,0.1126,0.3525
"ETH","Ethiopia",2019,"ET2019DHS","CH_VACC_C_MSL",1,"Afar",0.2957,0.2957,0.2149,0.3917,0.1768,0.1832
"ETH","Ethiopia",2019,"ET2019DHS","CH_VACC_C_MSL",1,"Amhara",0.713,0.713,0.6157,0.7939,0.1782,0.1902
"ETH","Ethiopia",2019,"ET2019DHS","CH_VACC_C_MSL",1,"Beneshangul Gumu",0.7672,0.7672,0.6674,0.8441,0.1767,0.2315
"ETH","Ethiopia",2019,"ET2019DHS","CH_VACC_C_MSL",1,"Dire Dawa",0.7448,0.7448,0.6274,0.8349,0.2074,0.2489
"ETH","Ethiopia",2019,"ET2019DHS","CH_VACC_C_MSL",1,"Gambela",0.5762,0.5762,0.4892,0.6588,0.1696,0.1228
"ETH","Ethiopia",2019,"ET2019DHS","CH_VACC_C_MSL",1,"Hareri",0.5986,0.5986,0.4701,0.7148,0.2448,0.189
"ETH","Ethiopia",2019,"ET2019DHS","CH_VACC_C_MSL",1,"Oromia",0.4867,0.4867,0.3826,0.592,0.2094,0.1327
"ETH","Ethiopia",2019,"ET2019DHS","CH_VACC_C_MSL",1,"SNNPR",0.5816,0.5816,0.4705,0.685,0.2146,0.1583
"ETH","Ethiopia",2019,"ET2019DHS","CH_VACC_C_MSL",1,"Somali",0.309,0.309,0.217,0.4191,0.202,0.2009
"ETH","Ethiopia",2019,"ET2019DHS","CH_VACC_C_MSL",1,"Tigray",0.8285,0.8285,0.734,0.8943,0.1603,0.2823
"ETH","Ethiopia",2019,"ET2019DHS","CH_VACC_C_MSL",2,"Addis Ababa_Region 14",0.8981,0.9039,0.8293,0.9475,0.1183,0.3757
"ETH","Ethiopia",2019,"ET2019DHS","CH_VACC_C_MSL",2,"Afar_Zone 1",0.3372,0.333,0.2337,0.4493,0.2156,0.2006
"ETH","Ethiopia",2019,"ET2019DHS","CH_VACC_C_MSL",2,"Afar_Zone 2",0.3647,0.3611,0.2388,0.5095,0.2707,0.2247
"ETH","Ethiopia",2019,"ET2019DHS","CH_VACC_C_MSL",2,"Afar_Zone 3",0.2226,0.2093,0.09719,0.3908,0.2936,0.4321
"ETH","Ethiopia",2019,"ET2019DHS","CH_VACC_C_MSL",2,"Afar_Zone 4",0.1671,0.1589,0.08556,0.2707,0.1852,0.3701
"ETH","Ethiopia",2019,"ET2019DHS","CH_VACC_C_MSL",2,"Afar_Zone 5",0.3041,0.3008,0.2302,0.3884,0.1582,0.1593
"ETH","Ethiopia",2019,"ET2019DHS","CH_VACC_C_MSL",2,"Amhara_Awi/Agew",0.4826,0.4767,0.2581,0.7129,0.4548,0.2854
"ETH","Ethiopia",2019,"ET2019DHS","CH_VACC_C_MSL",2,"Amhara_East Gojam",0.4863,0.4833,0.3015,0.6646,0.3631,0.2221
"ETH","Ethiopia",2019,"ET2019DHS","CH_VACC_C_MSL",2,"Amhara_North Gonder",0.7382,0.7518,0.5612,0.8826,0.3214,0.3989
"ETH","Ethiopia",2019,"ET2019DHS","CH_VACC_C_MSL",2,"Amhara_North Shewa(R3)",0.5593,0.564,0.3989,0.7021,0.3033,0.2162
"ETH","Ethiopia",2019,"ET2019DHS","CH_VACC_C_MSL",2,"Amhara_North Wollo",0.6963,0.7037,0.4927,0.8653,0.3725,0.3791
"ETH","Ethiopia",2019,"ET2019DHS","CH_VACC_C_MSL",2,"Amhara_Oromia",0.6388,0.6575,0.3487,0.876,0.5273,0.4718
"ETH","Ethiopia",2019,"ET2019DHS","CH_VACC_C_MSL",2,"Amhara_South Gonder",0.5675,0.5695,0.4425,0.6929,0.2504,0.1786
"ETH","Ethiopia",2019,"ET2019DHS","CH_VACC_C_MSL",2,"Amhara_South Wollo",0.7251,0.74,0.5378,0.8757,0.3378,0.407
"ETH","Ethiopia",2019,"ET2019DHS","CH_VACC_C_MSL",2,"Amhara_Special Woreda",0.6342,0.6563,0.263,0.9094,0.6464,0.5748
"ETH","Ethiopia",2019,"ET2019DHS","CH_VACC_C_MSL",2,"Amhara_Wag Himra",0.6039,0.6039,0.5615,0.646,0.08449,0.06483
"ETH","Ethiopia",2019,"ET2019DHS","CH_VACC_C_MSL",2,"Amhara_West Gojam",0.6811,0.6852,0.5337,0.8159,0.2821,0.27
"ETH","Ethiopia",2019,"ET2019DHS","CH_VACC_C_MSL",2,"Beneshangul Gumu_Asosa",0.8416,0.848,0.7504,0.9106,0.1602,0.3288
"ETH","Ethiopia",2019,"ET2019DHS","CH_VACC_C_MSL",2,"Beneshangul Gumu_Kemashi",0.6066,0.6227,0.3923,0.7915,0.3992,0.3325
"ETH","Ethiopia",2019,"ET2019DHS","CH_VACC_C_MSL",2,"Beneshangul Gumu_Metekel",0.6592,0.673,0.4659,0.8265,0.3606,0.3343
"ETH","Ethiopia",2019,"ET2019DHS","CH_VACC_C_MSL",2,"Dire Dawa_Dire Dawa",0.7435,0.7487,0.6378,0.8322,0.1944,0.2361
"ETH","Ethiopia",2019,"ET2019DHS","CH_VACC_C_MSL",2,"Gambela_Agnuak",0.6103,0.6114,0.5576,0.6584,0.1008,0.0789
"ETH","Ethiopia",2019,"ET2019DHS","CH_VACC_C_MSL",2,"Gambela_Majang",0.7302,0.7458,0.5229,0.8989,0.376,0.4677
"ETH","Ethiopia",2019,"ET2019DHS","CH_VACC_C_MSL",2,"Gambela_Nuer",0.1286,0.1267,0.08781,0.1727,0.08491,0.2064
"ETH","Ethiopia",2019,"ET2019DHS","CH_VACC_C_MSL",2,"Hareri_Hareri",0.5963,0.5964,0.4708,0.7185,0.2477,0.187
"ETH","Ethiopia",2019,"ET2019DHS","CH_VACC_C_MSL",2,"Oromia_Arsi",0.4528,0.451,0.3846,0.5254,0.1408,0.09778
"ETH","Ethiopia",2019,"ET2019DHS","CH_VACC_C_MSL",2,"Oromia_Bale",0.3407,0.3299,0.1657,0.5627,0.397,0.3678
"ETH","Ethiopia",2019,"ET2019DHS","CH_VACC_C_MSL",2,"Oromia_Borena",0.3349,0.3326,0.2441,0.4342,0.1901,0.1792
"ETH","Ethiopia",2019,"ET2019DHS","CH_VACC_C_MSL",2,"Oromia_East Harerge",0.4474,0.4384,0.2314,0.6718,0.4404,0.3054
"ETH","Ethiopia",2019,"ET2019DHS","CH_VACC_C_MSL",2,"Oromia_East Shewa",0.6334,0.6396,0.4307,0.8128,0.3822,0.3249
"ETH","Ethiopia",2019,"ET2019DHS","CH_VACC_C_MSL",2,"Oromia_East Wellega",0.4999,0.4999,0.4998,0.5001,0.0002512,0.0001514
"ETH","Ethiopia",2019,"ET2019DHS","CH_VACC_C_MSL",2,"Oromia_Guji",0.2194,0.2166,0.1767,0.2747,0.09804,0.1385
"ETH","Ethiopia",2019,"ET2019DHS","CH_VACC_C_MSL",2,"Oromia_Horo Guduru",0.5819,0.582,0.5467,0.6147,0.06798,0.04907
"ETH","Ethiopia",2019,"ET2019DHS","CH_VACC_C_MSL",2,"Oromia_Ilubabor",0.6453,0.6534,0.4338,0.8164,0.3826,0.3334
"ETH","Ethiopia",2019,"ET2019DHS","CH_VACC_C_MSL",2,"Oromia_Jimma",0.6439,0.6477,0.5134,0.7663,0.2529,0.2129
"ETH","Ethiopia",2019,"ET2019DHS","CH_VACC_C_MSL",2,"Oromia_Kelem Wellega",0.6457,0.6638,0.3354,0.89,0.5546,0.5148
"ETH","Ethiopia",2019,"ET2019DHS","CH_VACC_C_MSL",2,"Oromia_North Shewa(R4)",0.4571,0.456,0.2518,0.6592,0.4073,0.2745
"ETH","Ethiopia",2019,"ET2019DHS","CH_VACC_C_MSL",2,"Oromia_South West Shewa",0.4999,0.4999,0.4997,0.5001,0.000359,0.000217
"ETH","Ethiopia",2019,"ET2019DHS","CH_VACC_C_MSL",2,"Oromia_West Arsi",0.4081,0.4043,0.214,0.6268,0.4128,0.3108
"ETH","Ethiopia",2019,"ET2019DHS","CH_VACC_C_MSL",2,"Oromia_West Harerge",0.5731,0.5749,0.4589,0.6777,0.2188,0.1557
"ETH","Ethiopia",2019,"ET2019DHS","CH_VACC_C_MSL",2,"Oromia_West Shewa",0.542,0.5448,0.3568,0.7296,0.3728,0.2495
"ETH","Ethiopia",2019,"ET2019DHS","CH_VACC_C_MSL",2,"Oromia_West Wellega",0.7292,0.7429,0.4959,0.91,0.4141,0.4961
"ETH","Ethiopia",2019,"ET2019DHS","CH_VACC_C_MSL",2,"SNNPR_Alaba",0.6191,0.6228,0.4896,0.7384,0.2488,0.2082
"ETH","Ethiopia",2019,"ET2019DHS","CH_VACC_C_MSL",2,"SNNPR_Basketo",0.566,0.5838,0.2321,0.8619,0.6298,0.4597
"ETH","Ethiopia",2019,"ET2019DHS","CH_VACC_C_MSL",2,"SNNPR_Bench Maji",0.6508,0.6614,0.438,0.8312,0.3932,0.3557
"ETH","Ethiopia",2019,"ET2019DHS","CH_VACC_C_MSL",2,"SNNPR_Dawro",0.5826,0.5865,0.4045,0.7418,0.3373,0.2552
"ETH","Ethiopia",2019,"ET2019DHS","CH_VACC_C_MSL",2,"SNNPR_Gamo Gofa",0.6109,0.6185,0.4014,0.805,0.4036,0.3189
"ETH","Ethiopia",2019,"ET2019DHS","CH_VACC_C_MSL",2,"SNNPR_Gedio",0.3999,0.3944,0.2527,0.5615,0.3088,0.239
"ETH","Ethiopia",2019,"ET2019DHS","CH_VACC_C_MSL",2,"SNNPR_Gurage",0.6458,0.6556,0.4342,0.8385,0.4043,0.3629
"ETH","Ethiopia",2019,"ET2019DHS","CH_VACC_C_MSL",2,"SNNPR_Hadiya",0.3987,0.3962,0.2055,0.5963,0.3908,0.3098
"ETH","Ethiopia",2019,"ET2019DHS","CH_VACC_C_MSL",2,"SNNPR_Keffa",0.6724,0.6839,0.474,0.8427,0.3687,0.3594
"ETH","Ethiopia",2019,"ET2019DHS","CH_VACC_C_MSL",2,"SNNPR_Konta",0.5999,0.6147,0.3294,0.8295,0.5001,0.3905
"ETH","Ethiopia",2019,"ET2019DHS","CH_VACC_C_MSL",2,"SNNPR_KT",0.5816,0.5816,0.4924,0.6702,0.1778,0.1289
"ETH","Ethiopia",2019,"ET2019DHS","CH_VACC_C_MSL",2,"SNNPR_Segen Peoples'",0.5421,0.5417,0.5185,0.5661,0.04759,0.03081
"ETH","Ethiopia",2019,"ET2019DHS","CH_VACC_C_MSL",2,"SNNPR_Selti",0.5644,0.5651,0.5078,0.616,0.1082,0.07309
"ETH","Ethiopia",2019,"ET2019DHS","CH_VACC_C_MSL",2,"SNNPR_Sheka",0.6656,0.6859,0.3657,0.8983,0.5326,0.5144
"ETH","Ethiopia",2019,"ET2019DHS","CH_VACC_C_MSL",2,"SNNPR_Sidama",0.3703,0.3673,0.2316,0.521,0.2893,0.2388
"ETH","Ethiopia",2019,"ET2019DHS","CH_VACC_C_MSL",2,"SNNPR_South Omo",0.6039,0.6033,0.5566,0.654,0.09741,0.07753
"ETH","Ethiopia",2019,"ET2019DHS","CH_VACC_C_MSL",2,"SNNPR_Wolayita",0.3187,0.3143,0.1998,0.4513,0.2515,0.2458
"ETH","Ethiopia",2019,"ET2019DHS","CH_VACC_C_MSL",2,"SNNPR_Yem",0.5748,0.5889,0.2633,0.8408,0.5775,0.4249
"ETH","Ethiopia",2019,"ET2019DHS","CH_VACC_C_MSL",2,"Somali_Afder",0.3228,0.3044,0.1442,0.5428,0.3986,0.3994
"ETH","Ethiopia",2019,"ET2019DHS","CH_VACC_C_MSL",2,"Somali_Doolo",0.4242,0.4247,0.3076,0.5429,0.2353,0.1739
"ETH","Ethiopia",2019,"ET2019DHS","CH_VACC_C_MSL",2,"Somali_Fafan",0.3831,0.3806,0.2496,0.5357,0.2861,0.2306
"ETH","Ethiopia",2019,"ET2019DHS","CH_VACC_C_MSL",2,"Somali_Jarar",0.4396,0.4392,0.2844,0.5979,0.3136,0.2162
"ETH","Ethiopia",2019,"ET2019DHS","CH_VACC_C_MSL",2,"Somali_Korahe",0.4228,0.4221,0.3045,0.5495,0.2451,0.1743
"ETH","Ethiopia",2019,"ET2019DHS","CH_VACC_C_MSL",2,"Somali_Liben",0.3978,0.3903,0.2295,0.5928,0.3633,0.2799
"ETH","Ethiopia",2019,"ET2019DHS","CH_VACC_C_MSL",2,"Somali_Nogob",0.3677,0.3561,0.1994,0.5885,0.3891,0.342
"ETH","Ethiopia",2019,"ET2019DHS","CH_VACC_C_MSL",2,"Somali_Shabelle",0.1804,0.1746,0.1078,0.2671,0.1593,0.2799
"ETH","Ethiopia",2019,"ET2019DHS","CH_VACC_C_MSL",2,"Somali_Siti",0.826,0.828,0.7659,0.878,0.1121,0.1984
"ETH","Ethiopia",2019,"ET2019DHS","CH_VACC_C_MSL",2,"Tigray_Central",0.7926,0.8087,0.6281,0.9134,0.2853,0.4631
"ETH","Ethiopia",2019,"ET2019DHS","CH_VACC_C_MSL",2,"Tigray_Eastern
",0.8308,0.854,0.6489,0.9476,0.2987,0.6637
"ETH","Ethiopia",2019,"ET2019DHS","CH_VACC_C_MSL",2,"Tigray_North Western",0.8762,0.8936,0.7278,0.9656,0.2377,0.7307
"ETH","Ethiopia",2019,"ET2019DHS","CH_VACC_C_MSL",2,"Tigray_Southern",0.7252,0.7297,0.6006,0.8358,0.2353,0.2696
"ETH","Ethiopia",2019,"ET2019DHS","CH_VACC_C_MSL",2,"Tigray_Western",0.838,0.8546,0.662,0.95,0.288,0.6129
"ETH","Ethiopia",2019,"ET2019DHS","CH_VACC_C_DP3",1,"Addis Ababa",0.9313,0.9313,0.8623,0.9671,0.1047,0.4374
"ETH","Ethiopia",2019,"ET2019DHS","CH_VACC_C_DP3",1,"Afar",0.2697,0.2697,0.1876,0.3714,0.1839,0.2086
"ETH","Ethiopia",2019,"ET2019DHS","CH_VACC_C_DP3",1,"Amhara",0.8019,0.8019,0.6901,0.8804,0.1903,0.2915
"ETH","Ethiopia",2019,"ET2019DHS","CH_VACC_C_DP3",1,"Beneshangul Gumu",0.8054,0.8054,0.7249,0.8666,0.1418,0.221
"ETH","Ethiopia",2019,"ET2019DHS","CH_VACC_C_DP3",1,"Dire Dawa",0.7452,0.7452,0.6482,0.8228,0.1746,0.2093
"ETH","Ethiopia",2019,"ET2019DHS","CH_VACC_C_DP3",1,"Gambela",0.6496,0.6496,0.5309,0.7523,0.2214,0.1949
"ETH","Ethiopia",2019,"ET2019DHS","CH_VACC_C_DP3",1,"Hareri",0.5273,0.5273,0.4134,0.6385,0.2251,0.1473
"ETH","Ethiopia",2019,"ET2019DHS","CH_VACC_C_DP3",1,"Oromia",0.536,0.536,0.43,0.639,0.209,0.139
"ETH","Ethiopia",2019,"ET2019DHS","CH_VACC_C_DP3",1,"SNNPR",0.5082,0.5082,0.358,0.6569,0.2989,0.1905
"ETH","Ethiopia",2019,"ET2019DHS","CH_VACC_C_DP3",1,"Somali",0.2619,0.2619,0.1659,0.3875,0.2216,0.2596
"ETH","Ethiopia",2019,"ET2019DHS","CH_VACC_C_DP3",1,"Tigray",0.8438,0.8438,0.7462,0.9085,0.1623,0.3122
"ETH","Ethiopia",2019,"ET2019DHS","CH_VACC_C_DP3",2,"Addis Ababa_Region 14",0.9256,0.9322,0.8645,0.9669,0.1024,0.5035
"ETH","Ethiopia",2019,"ET2019DHS","CH_VACC_C_DP3",2,"Afar_Zone 1",0.3428,0.3378,0.2007,0.502,0.3013,0.2714
"ETH","Ethiopia",2019,"ET2019DHS","CH_VACC_C_DP3",2,"Afar_Zone 2",0.3105,0.308,0.1957,0.4398,0.2441,0.2452
"ETH","Ethiopia",2019,"ET2019DHS","CH_VACC_C_DP3",2,"Afar_Zone 3",0.1879,0.1754,0.07743,0.3355,0.258,0.4715
"ETH","Ethiopia",2019,"ET2019DHS","CH_VACC_C_DP3",2,"Afar_Zone 4",0.1564,0.144,0.06192,0.2881,0.2262,0.4912
"ETH","Ethiopia",2019,"ET2019DHS","CH_VACC_C_DP3",2,"Afar_Zone 5",0.189,0.1799,0.09285,0.3222,0.2294,0.3865
"ETH","Ethiopia",2019,"ET2019DHS","CH_VACC_C_DP3",2,"Amhara_Awi/Agew",0.5858,0.5952,0.3482,0.7911,0.4429,0.3276
"ETH","Ethiopia",2019,"ET2019DHS","CH_VACC_C_DP3",2,"Amhara_East Gojam",0.6272,0.6323,0.4404,0.7929,0.3525,0.2852
"ETH","Ethiopia",2019,"ET2019DHS","CH_VACC_C_DP3",2,"Amhara_North Gonder",0.8198,0.8328,0.676,0.9267,0.2507,0.4861
"ETH","Ethiopia",2019,"ET2019DHS","CH_VACC_C_DP3",2,"Amhara_North Shewa(R3)",0.7127,0.7306,0.497,0.8791,0.3821,0.4388
"ETH","Ethiopia",2019,"ET2019DHS","CH_VACC_C_DP3",2,"Amhara_North Wollo",0.7872,0.8031,0.6008,0.9172,0.3164,0.4938
"ETH","Ethiopia",2019,"ET2019DHS","CH_VACC_C_DP3",2,"Amhara_Oromia",0.7241,0.7479,0.4711,0.9049,0.4338,0.5436
"ETH","Ethiopia",2019,"ET2019DHS","CH_VACC_C_DP3",2,"Amhara_South Gonder",0.7389,0.7462,0.5757,0.873,0.2972,0.3612
"ETH","Ethiopia",2019,"ET2019DHS","CH_VACC_C_DP3",2,"Amhara_South Wollo",0.797,0.8086,0.6407,0.9148,0.274,0.447
"ETH","Ethiopia",2019,"ET2019DHS","CH_VACC_C_DP3",2,"Amhara_Special Woreda",0.7278,0.7594,0.4209,0.936,0.5152,0.6568
"ETH","Ethiopia",2019,"ET2019DHS","CH_VACC_C_DP3",2,"Amhara_Wag Himra",0.7979,0.8044,0.6907,0.8853,0.1946,0.3105
"ETH","Ethiopia",2019,"ET2019DHS","CH_VACC_C_DP3",2,"Amhara_West Gojam",0.6991,0.7034,0.5865,0.7989,0.2124,0.223
"ETH","Ethiopia",2019,"ET2019DHS","CH_VACC_C_DP3",2,"Beneshangul Gumu_Asosa",0.86,0.8675,0.7718,0.9219,0.1501,0.3455
"ETH","Ethiopia",2019,"ET2019DHS","CH_VACC_C_DP3",2,"Beneshangul Gumu_Kemashi",0.7974,0.8074,0.6761,0.8884,0.2123,0.3415
"ETH","Ethiopia",2019,"ET2019DHS","CH_VACC_C_DP3",2,"Beneshangul Gumu_Metekel",0.7133,0.7186,0.5803,0.8331,0.2528,0.281
"ETH","Ethiopia",2019,"ET2019DHS","CH_VACC_C_DP3",2,"Dire Dawa_Dire Dawa",0.7416,0.7441,0.6447,0.8241,0.1794,0.2164
"ETH","Ethiopia",2019,"ET2019DHS","CH_VACC_C_DP3",2,"Gambela_Agnuak",0.693,0.6963,0.5683,0.8075,0.2392,0.2408
"ETH","Ethiopia",2019,"ET2019DHS","CH_VACC_C_DP3",2,"Gambela_Majang",0.6851,0.6896,0.5458,0.8063,0.2604,0.2547
"ETH","Ethiopia",2019,"ET2019DHS","CH_VACC_C_DP3",2,"Gambela_Nuer",0.1347,0.1324,0.09487,0.1853,0.09043,0.2101
"ETH","Ethiopia",2019,"ET2019DHS","CH_VACC_C_DP3",2,"Hareri_Hareri",0.5268,0.5261,0.4169,0.6383,0.2214,0.1413
"ETH","Ethiopia",2019,"ET2019DHS","CH_VACC_C_DP3",2,"Oromia_Arsi",0.5017,0.5003,0.3107,0.7042,0.3934,0.2385
"ETH","Ethiopia",2019,"ET2019DHS","CH_VACC_C_DP3",2,"Oromia_Bale",0.4631,0.461,0.2342,0.6893,0.4551,0.2967
"ETH","Ethiopia",2019,"ET2019DHS","CH_VACC_C_DP3",2,"Oromia_Borena",0.5143,0.5146,0.4898,0.5405,0.05066,0.03293
"ETH","Ethiopia",2019,"ET2019DHS","CH_VACC_C_DP3",2,"Oromia_East Harerge",0.5252,0.5279,0.3496,0.694,0.3444,0.2291
"ETH","Ethiopia",2019,"ET2019DHS","CH_VACC_C_DP3",2,"Oromia_East Shewa",0.4693,0.47,0.2333,0.6913,0.458,0.2865
"ETH","Ethiopia",2019,"ET2019DHS","CH_VACC_C_DP3",2,"Oromia_East Wellega",0.5081,0.5084,0.4924,0.5227,0.03029,0.01902
"ETH","Ethiopia",2019,"ET2019DHS","CH_VACC_C_DP3",2,"Oromia_Guji",0.5063,0.5068,0.3591,0.6414,0.2823,0.1715
"ETH","Ethiopia",2019,"ET2019DHS","CH_VACC_C_DP3",2,"Oromia_Horo Guduru",0.7314,0.7347,0.6447,0.8087,0.164,0.1894
"ETH","Ethiopia",2019,"ET2019DHS","CH_VACC_C_DP3",2,"Oromia_Ilubabor",0.6759,0.6849,0.4937,0.836,0.3424,0.3348
"ETH","Ethiopia",2019,"ET2019DHS","CH_VACC_C_DP3",2,"Oromia_Jimma",0.6812,0.6888,0.5034,0.8348,0.3314,0.3247
"ETH","Ethiopia",2019,"ET2019DHS","CH_VACC_C_DP3",2,"Oromia_Kelem Wellega",0.6688,0.6922,0.377,0.8886,0.5116,0.508
"ETH","Ethiopia",2019,"ET2019DHS","CH_VACC_C_DP3",2,"Oromia_North Shewa(R4)",0.5037,0.5052,0.2922,0.7107,0.4185,0.256
"ETH","Ethiopia",2019,"ET2019DHS","CH_VACC_C_DP3",2,"Oromia_South West Shewa",0.5115,0.5114,0.49,0.5315,0.04152,0.02658
"ETH","Ethiopia",2019,"ET2019DHS","CH_VACC_C_DP3",2,"Oromia_West Arsi",0.4917,0.4923,0.2867,0.6908,0.4041,0.2513
"ETH","Ethiopia",2019,"ET2019DHS","CH_VACC_C_DP3",2,"Oromia_West Harerge",0.5843,0.5853,0.3664,0.8001,0.4337,0.3229
"ETH","Ethiopia",2019,"ET2019DHS","CH_VACC_C_DP3",2,"Oromia_West Shewa",0.5692,0.5721,0.3814,0.7468,0.3654,0.2619
"ETH","Ethiopia",2019,"ET2019DHS","CH_VACC_C_DP3",2,"Oromia_West Wellega",0.7543,0.7729,0.543,0.8995,0.3565,0.4802
"ETH","Ethiopia",2019,"ET2019DHS","CH_VACC_C_DP3",2,"SNNPR_Alaba",0.6403,0.6443,0.5417,0.7304,0.1887,0.1662
"ETH","Ethiopia",2019,"ET2019DHS","CH_VACC_C_DP3",2,"SNNPR_Basketo",0.4736,0.4678,0.1898,0.7758,0.586,0.3863
"ETH","Ethiopia",2019,"ET2019DHS","CH_VACC_C_DP3",2,"SNNPR_Bench Maji",0.7273,0.7359,0.5656,0.8666,0.301,0.3571
"ETH","Ethiopia",2019,"ET2019DHS","CH_VACC_C_DP3",2,"SNNPR_Dawro",0.6034,0.6067,0.4431,0.7543,0.3111,0.2447
"ETH","Ethiopia",2019,"ET2019DHS","CH_VACC_C_DP3",2,"SNNPR_Gamo Gofa",0.4009,0.3943,0.2355,0.5857,0.3501,0.2716
"ETH","Ethiopia",2019,"ET2019DHS","CH_VACC_C_DP3",2,"SNNPR_Gedio",0.4198,0.4167,0.271,0.5836,0.3126,0.2253
"ETH","Ethiopia",2019,"ET2019DHS","CH_VACC_C_DP3",2,"SNNPR_Gurage",0.6822,0.6933,0.4771,0.8547,0.3777,0.3827
"ETH","Ethiopia",2019,"ET2019DHS","CH_VACC_C_DP3",2,"SNNPR_Hadiya",0.4744,0.4746,0.2678,0.6881,0.4202,0.2649
"ETH","Ethiopia",2019,"ET2019DHS","CH_VACC_C_DP3",2,"SNNPR_Keffa",0.598,0.6038,0.3617,0.8062,0.4445,0.3459
"ETH","Ethiopia",2019,"ET2019DHS","CH_VACC_C_DP3",2,"SNNPR_Konta",0.5306,0.5314,0.2687,0.7837,0.515,0.3315
"ETH","Ethiopia",2019,"ET2019DHS","CH_VACC_C_DP3",2,"SNNPR_KT",0.6136,0.6219,0.3844,0.8072,0.4228,0.3337
"ETH","Ethiopia",2019,"ET2019DHS","CH_VACC_C_DP3",2,"SNNPR_Segen Peoples'",0.3998,0.3962,0.3138,0.494,0.1801,0.1384
"ETH","Ethiopia",2019,"ET2019DHS","CH_VACC_C_DP3",2,"SNNPR_Selti",0.4653,0.4647,0.3805,0.5518,0.1712,0.1115
"ETH","Ethiopia",2019,"ET2019DHS","CH_VACC_C_DP3",2,"SNNPR_Sheka",0.6197,0.6316,0.3102,0.8653,0.5552,0.4619
"ETH","Ethiopia",2019,"ET2019DHS","CH_VACC_C_DP3",2,"SNNPR_Sidama",0.4225,0.417,0.2529,0.6035,0.3507,0.2657
"ETH","Ethiopia",2019,"ET2019DHS","CH_VACC_C_DP3",2,"SNNPR_South Omo",0.4016,0.4025,0.3506,0.4504,0.09979,0.07596
"ETH","Ethiopia",2019,"ET2019DHS","CH_VACC_C_DP3",2,"SNNPR_Wolayita",0.3797,0.3753,0.1998,0.5679,0.3682,0.2914
"ETH","Ethiopia",2019,"ET2019DHS","CH_VACC_C_DP3",2,"SNNPR_Yem",0.5574,0.5651,0.2831,0.8181,0.535,0.3825
"ETH","Ethiopia",2019,"ET2019DHS","CH_VACC_C_DP3",2,"Somali_Afder",0.3075,0.2983,0.1368,0.5069,0.3701,0.3971
"ETH","Ethiopia",2019,"ET2019DHS","CH_VACC_C_DP3",2,"Somali_Doolo",0.4161,0.4131,0.2941,0.5399,0.2458,0.1781
"ETH","Ethiopia",2019,"ET2019DHS","CH_VACC_C_DP3",2,"Somali_Fafan",0.4371,0.4344,0.2533,0.6356,0.3822,0.2739
"ETH","Ethiopia",2019,"ET2019DHS","CH_VACC_C_DP3",2,"Somali_Jarar",0.3719,0.3665,0.2087,0.5594,0.3507,0.2928
"ETH","Ethiopia",2019,"ET2019DHS","CH_VACC_C_DP3",2,"Somali_Korahe",0.46,0.4549,0.3299,0.5944,0.2645,0.1729
"ETH","Ethiopia",2019,"ET2019DHS","CH_VACC_C_DP3",2,"Somali_Liben",0.3187,0.3036,0.1259,0.5415,0.4156,0.4129
"ETH","Ethiopia",2019,"ET2019DHS","CH_VACC_C_DP3",2,"Somali_Nogob",0.365,0.3511,0.164,0.6035,0.4395,0.3792
"ETH","Ethiopia",2019,"ET2019DHS","CH_VACC_C_DP3",2,"Somali_Shabelle",0.1925,0.1804,0.09101,0.3354,0.2443,0.3983
"ETH","Ethiopia",2019,"ET2019DHS","CH_VACC_C_DP3",2,"Somali_Siti",0.3583,0.3483,0.1581,0.5794,0.4213,0.3657
"ETH","Ethiopia",2019,"ET2019DHS","CH_VACC_C_DP3",2,"Tigray_Central",0.8339,0.8361,0.7655,0.8917,0.1262,0.2363
"ETH","Ethiopia",2019,"ET2019DHS","CH_VACC_C_DP3",2,"Tigray_Eastern
",0.8902,0.9021,0.7746,0.9616,0.187,0.5853
"ETH","Ethiopia",2019,"ET2019DHS","CH_VACC_C_DP3",2,"Tigray_North Western",0.8797,0.8943,0.7451,0.9646,0.2195,0.6825
"ETH","Ethiopia",2019,"ET2019DHS","CH_VACC_C_DP3",2,"Tigray_Southern",0.764,0.7739,0.6112,0.8796,0.2684,0.3587
"ETH","Ethiopia",2019,"ET2019DHS","CH_VACC_C_DP3",2,"Tigray_Western",0.803,0.8241,0.6028,0.9365,0.3337,0.6139
"ETH","Ethiopia",2019,"ET2019DHS","CH_VACC_C_NON",1,"Addis Ababa",0.03739,0.03739,0.01264,0.1054,0.0928,0.6496
"ETH","Ethiopia",2019,"ET2019DHS","CH_VACC_C_NON",1,"Afar",0.4479,0.4479,0.3557,0.5438,0.1881,0.1292
"ETH","Ethiopia",2019,"ET2019DHS","CH_VACC_C_NON",1,"Amhara",0.1476,0.1476,0.09008,0.2324,0.1423,0.2896
"ETH","Ethiopia",2019,"ET2019DHS","CH_VACC_C_NON",1,"Beneshangul Gumu",0.09709,0.09709,0.05145,0.1757,0.1243,0.3757
"ETH","Ethiopia",2019,"ET2019DHS","CH_VACC_C_NON",1,"Dire Dawa",0.02559,0.02559,0.007648,0.08213,0.07448,0.7262
"ETH","Ethiopia",2019,"ET2019DHS","CH_VACC_C_NON",1,"Gambela",0.1419,0.1419,0.07192,0.261,0.1891,0.3956
"ETH","Ethiopia",2019,"ET2019DHS","CH_VACC_C_NON",1,"Hareri",0.2144,0.2144,0.1247,0.3432,0.2185,0.3104
"ETH","Ethiopia",2019,"ET2019DHS","CH_VACC_C_NON",1,"Oromia",0.1892,0.1892,0.1225,0.2807,0.1582,0.2534
"ETH","Ethiopia",2019,"ET2019DHS","CH_VACC_C_NON",1,"SNNPR",0.2424,0.2424,0.1799,0.3181,0.1381,0.1737
"ETH","Ethiopia",2019,"ET2019DHS","CH_VACC_C_NON",1,"Somali",0.4731,0.4731,0.3476,0.6021,0.2545,0.1672
"ETH","Ethiopia",2019,"ET2019DHS","CH_VACC_C_NON",1,"Tigray",0.04572,0.04572,0.01972,0.1024,0.08272,0.5035
"ETH","Ethiopia",2019,"ET2019DHS","CH_VACC_C_NON",2,"Addis Ababa_Region 14",0.04665,0.0388,0.01325,0.1146,0.1014,0.7934
"ETH","Ethiopia",2019,"ET2019DHS","CH_VACC_C_NON",2,"Afar_Zone 1",0.3157,0.3136,0.2233,0.4198,0.1965,0.1878
"ETH","Ethiopia",2019,"ET2019DHS","CH_VACC_C_NON",2,"Afar_Zone 2",0.3944,0.3899,0.253,0.5623,0.3094,0.2441
"ETH","Ethiopia",2019,"ET2019DHS","CH_VACC_C_NON",2,"Afar_Zone 3",0.6179,0.6282,0.418,0.7921,0.3741,0.3036
"ETH","Ethiopia",2019,"ET2019DHS","CH_VACC_C_NON",2,"Afar_Zone 4",0.488,0.4906,0.3461,0.6326,0.2866,0.1809
"ETH","Ethiopia",2019,"ET2019DHS","CH_VACC_C_NON",2,"Afar_Zone 5",0.4631,0.4617,0.348,0.577,0.2289,0.1482
"ETH","Ethiopia",2019,"ET2019DHS","CH_VACC_C_NON",2,"Amhara_Awi/Agew",0.2919,0.2739,0.1163,0.5277,0.4114,0.4649
"ETH","Ethiopia",2019,"ET2019DHS","CH_VACC_C_NON",2,"Amhara_East Gojam",0.2927,0.2888,0.1625,0.4477,0.2852,0.2951
"ETH","Ethiopia",2019,"ET2019DHS","CH_VACC_C_NON",2,"Amhara_North Gonder",0.09416,0.08391,0.03149,0.1839,0.1524,0.5995
"ETH","Ethiopia",2019,"ET2019DHS","CH_VACC_C_NON",2,"Amhara_North Shewa(R3)",0.2313,0.2094,0.08154,0.4522,0.3707,0.5403
"ETH","Ethiopia",2019,"ET2019DHS","CH_VACC_C_NON",2,"Amhara_North Wollo",0.1305,0.115,0.04764,0.2548,0.2072,0.6008
"ETH","Ethiopia",2019,"ET2019DHS","CH_VACC_C_NON",2,"Amhara_Oromia",0.1929,0.1645,0.05006,0.4515,0.4015,0.7486
"ETH","Ethiopia",2019,"ET2019DHS","CH_VACC_C_NON",2,"Amhara_South Gonder",0.2059,0.1921,0.09276,0.3786,0.2858,0.4526
"ETH","Ethiopia",2019,"ET2019DHS","CH_VACC_C_NON",2,"Amhara_South Wollo",0.1586,0.1447,0.06157,0.3026,0.241,0.5134
"ETH","Ethiopia",2019,"ET2019DHS","CH_VACC_C_NON",2,"Amhara_Special Woreda",0.2019,0.1663,0.03465,0.4926,0.4579,0.8903
"ETH","Ethiopia",2019,"ET2019DHS","CH_VACC_C_NON",2,"Amhara_Wag Himra",0.1444,0.1437,0.1104,0.1842,0.07383,0.1566
"ETH","Ethiopia",2019,"ET2019DHS","CH_VACC_C_NON",2,"Amhara_West Gojam",0.1665,0.1614,0.09736,0.2545,0.1571,0.2922
"ETH","Ethiopia",2019,"ET2019DHS","CH_VACC_C_NON",2,"Beneshangul Gumu_Asosa",0.1038,0.09177,0.03882,0.2158,0.1769,0.6053
"ETH","Ethiopia",2019,"ET2019DHS","CH_VACC_C_NON",2,"Beneshangul Gumu_Kemashi",0.1673,0.1609,0.08068,0.282,0.2014,0.3822
"ETH","Ethiopia",2019,"ET2019DHS","CH_VACC_C_NON",2,"Beneshangul Gumu_Metekel",0.1401,0.1278,0.05429,0.2769,0.2226,0.5308
"ETH","Ethiopia",2019,"ET2019DHS","CH_VACC_C_NON",2,"Dire Dawa_Dire Dawa",0.03244,0.0251,0.00745,0.0816,0.07415,1.034
"ETH","Ethiopia",2019,"ET2019DHS","CH_VACC_C_NON",2,"Gambela_Agnuak",0.07281,0.06689,0.03379,0.1297,0.09595,0.4649
"ETH","Ethiopia",2019,"ET2019DHS","CH_VACC_C_NON",2,"Gambela_Majang",0.09402,0.07587,0.02532,0.2227,0.1974,0.8645
"ETH","Ethiopia",2019,"ET2019DHS","CH_VACC_C_NON",2,"Gambela_Nuer",0.6149,0.6216,0.434,0.7706,0.3366,0.2681
"ETH","Ethiopia",2019,"ET2019DHS","CH_VACC_C_NON",2,"Hareri_Hareri",0.2194,0.2127,0.1242,0.3459,0.2217,0.319
"ETH","Ethiopia",2019,"ET2019DHS","CH_VACC_C_NON",2,"Oromia_Arsi",0.169,0.1604,0.06649,0.3058,0.2393,0.4624
"ETH","Ethiopia",2019,"ET2019DHS","CH_VACC_C_NON",2,"Oromia_Bale",0.3291,0.3105,0.1403,0.5814,0.4411,0.4425
"ETH","Ethiopia",2019,"ET2019DHS","CH_VACC_C_NON",2,"Oromia_Borena",0.3943,0.3935,0.2991,0.4981,0.199,0.1571
"ETH","Ethiopia",2019,"ET2019DHS","CH_VACC_C_NON",2,"Oromia_East Harerge",0.1761,0.1601,0.06784,0.3429,0.275,0.5329
"ETH","Ethiopia",2019,"ET2019DHS","CH_VACC_C_NON",2,"Oromia_East Shewa",0.1211,0.1091,0.04481,0.2405,0.1957,0.5409
"ETH","Ethiopia",2019,"ET2019DHS","CH_VACC_C_NON",2,"Oromia_East Wellega",0.1048,0.09363,0.03236,0.2132,0.1808,0.6538
"ETH","Ethiopia",2019,"ET2019DHS","CH_VACC_C_NON",2,"Oromia_Guji",0.253,0.2513,0.2148,0.2962,0.08144,0.09712
"ETH","Ethiopia",2019,"ET2019DHS","CH_VACC_C_NON",2,"Oromia_Horo Guduru",0.116,0.09933,0.03656,0.2409,0.2044,0.7098
"ETH","Ethiopia",2019,"ET2019DHS","CH_VACC_C_NON",2,"Oromia_Ilubabor",0.1309,0.1195,0.05728,0.2415,0.1842,0.4859
"ETH","Ethiopia",2019,"ET2019DHS","CH_VACC_C_NON",2,"Oromia_Jimma",0.09511,0.08767,0.03438,0.1784,0.144,0.5262
"ETH","Ethiopia",2019,"ET2019DHS","CH_VACC_C_NON",2,"Oromia_Kelem Wellega",0.1291,0.1052,0.02588,0.3118,0.286,0.9215
"ETH","Ethiopia",2019,"ET2019DHS","CH_VACC_C_NON",2,"Oromia_North Shewa(R4)",0.2354,0.2187,0.09742,0.4303,0.3329,0.4756
"ETH","Ethiopia",2019,"ET2019DHS","CH_VACC_C_NON",2,"Oromia_South West Shewa",0.123,0.1062,0.03825,0.2625,0.2242,0.7068
"ETH","Ethiopia",2019,"ET2019DHS","CH_VACC_C_NON",2,"Oromia_West Arsi",0.2751,0.2593,0.1162,0.497,0.3808,0.4395
"ETH","Ethiopia",2019,"ET2019DHS","CH_VACC_C_NON",2,"Oromia_West Harerge",0.1847,0.1675,0.06859,0.3466,0.278,0.5278
"ETH","Ethiopia",2019,"ET2019DHS","CH_VACC_C_NON",2,"Oromia_West Shewa",0.1851,0.178,0.09723,0.3015,0.2042,0.3405
"ETH","Ethiopia",2019,"ET2019DHS","CH_VACC_C_NON",2,"Oromia_West Wellega",0.08752,0.07643,0.02662,0.1848,0.1582,0.6593
"ETH","Ethiopia",2019,"ET2019DHS","CH_VACC_C_NON",2,"SNNPR_Alaba",0.243,0.2429,0.2338,0.2532,0.01939,0.02466
"ETH","Ethiopia",2019,"ET2019DHS","CH_VACC_C_NON",2,"SNNPR_Basketo",0.2939,0.2688,0.06826,0.588,0.5198,0.6239
"ETH","Ethiopia",2019,"ET2019DHS","CH_VACC_C_NON",2,"SNNPR_Bench Maji",0.1823,0.1706,0.08669,0.3148,0.2282,0.416
"ETH","Ethiopia",2019,"ET2019DHS","CH_VACC_C_NON",2,"SNNPR_Dawro",0.1974,0.1927,0.1106,0.2975,0.1868,0.3019
"ETH","Ethiopia",2019,"ET2019DHS","CH_VACC_C_NON",2,"SNNPR_Gamo Gofa",0.2341,0.2232,0.09377,0.4038,0.31,0.4367
"ETH","Ethiopia",2019,"ET2019DHS","CH_VACC_C_NON",2,"SNNPR_Gedio",0.3561,0.3499,0.2193,0.5143,0.295,0.2596
"ETH","Ethiopia",2019,"ET2019DHS","CH_VACC_C_NON",2,"SNNPR_Gurage",0.1386,0.1282,0.04809,0.2708,0.2227,0.5438
"ETH","Ethiopia",2019,"ET2019DHS","CH_VACC_C_NON",2,"SNNPR_Hadiya",0.4178,0.4097,0.253,0.6049,0.3519,0.2609
"ETH","Ethiopia",2019,"ET2019DHS","CH_VACC_C_NON",2,"SNNPR_Keffa",0.1676,0.1529,0.06687,0.31,0.2431,0.4954
"ETH","Ethiopia",2019,"ET2019DHS","CH_VACC_C_NON",2,"SNNPR_Konta",0.2376,0.2173,0.07575,0.4807,0.405,0.5813
"ETH","Ethiopia",2019,"ET2019DHS","CH_VACC_C_NON",2,"SNNPR_KT",0.2052,0.1927,0.08834,0.3686,0.2802,0.4562
"ETH","Ethiopia",2019,"ET2019DHS","CH_VACC_C_NON",2,"SNNPR_Segen Peoples'",0.3888,0.3895,0.3022,0.478,0.1758,0.1366
"ETH","Ethiopia",2019,"ET2019DHS","CH_VACC_C_NON",2,"SNNPR_Selti",0.3302,0.3268,0.2528,0.4118,0.1589,0.156
"ETH","Ethiopia",2019,"ET2019DHS","CH_VACC_C_NON",2,"SNNPR_Sheka",0.2078,0.1789,0.05312,0.44,0.3869,0.7109
"ETH","Ethiopia",2019,"ET2019DHS","CH_VACC_C_NON",2,"SNNPR_Sidama",0.3799,0.3711,0.2284,0.5542,0.3258,0.2594
"ETH","Ethiopia",2019,"ET2019DHS","CH_VACC_C_NON",2,"SNNPR_South Omo",0.3015,0.3014,0.2764,0.3269,0.0505,0.05105
"ETH","Ethiopia",2019,"ET2019DHS","CH_VACC_C_NON",2,"SNNPR_Wolayita",0.3164,0.3124,0.2015,0.4467,0.2451,0.2327
"ETH","Ethiopia",2019,"ET2019DHS","CH_VACC_C_NON",2,"SNNPR_Yem",0.2353,0.2178,0.06131,0.4925,0.4312,0.6189
"ETH","Ethiopia",2019,"ET2019DHS","CH_VACC_C_NON",2,"Somali_Afder",0.4886,0.4821,0.2497,0.7369,0.4872,0.3093
"ETH","Ethiopia",2019,"ET2019DHS","CH_VACC_C_NON",2,"Somali_Doolo",0.312,0.2988,0.13,0.5506,0.4207,0.4313
"ETH","Ethiopia",2019,"ET2019DHS","CH_VACC_C_NON",2,"Somali_Fafan",0.1525,0.14,0.05678,0.2867,0.23,0.514
"ETH","Ethiopia",2019,"ET2019DHS","CH_VACC_C_NON",2,"Somali_Jarar",0.4595,0.4576,0.3041,0.6233,0.3193,0.2111
"ETH","Ethiopia",2019,"ET2019DHS","CH_VACC_C_NON",2,"Somali_Korahe",0.3603,0.3571,0.1978,0.5289,0.3311,0.2841
"ETH","Ethiopia",2019,"ET2019DHS","CH_VACC_C_NON",2,"Somali_Liben",0.4738,0.4746,0.2617,0.6953,0.4336,0.2813
"ETH","Ethiopia",2019,"ET2019DHS","CH_VACC_C_NON",2,"Somali_Nogob",0.2838,0.2824,0.2428,0.3308,0.08795,0.09628
"ETH","Ethiopia",2019,"ET2019DHS","CH_VACC_C_NON",2,"Somali_Shabelle",0.5868,0.5858,0.4234,0.7475,0.3241,0.2448
"ETH","Ethiopia",2019,"ET2019DHS","CH_VACC_C_NON",2,"Somali_Siti",0.1536,0.1512,0.1074,0.2065,0.09912,0.2005
"ETH","Ethiopia",2019,"ET2019DHS","CH_VACC_C_NON",2,"Tigray_Central",0.06511,0.05775,0.02312,0.1352,0.1121,0.6109
"ETH","Ethiopia",2019,"ET2019DHS","CH_VACC_C_NON",2,"Tigray_Eastern
",0.07186,0.06287,0.02545,0.1443,0.1189,0.6165
"ETH","Ethiopia",2019,"ET2019DHS","CH_VACC_C_NON",2,"Tigray_North Western",0.06622,0.05453,0.01744,0.1498,0.1324,0.8227
"ETH","Ethiopia",2019,"ET2019DHS","CH_VACC_C_NON",2,"Tigray_Southern",0.09816,0.0865,0.03682,0.1967,0.1599,0.5866
"ETH","Ethiopia",2019,"ET2019DHS","CH_VACC_C_NON",2,"Tigray_Western",0.1074,0.09012,0.03073,0.2375,0.2067,0.7652
"ETH","Ethiopia",2019,"ET2019DHS","ED_LITR_W_LIT",1,"Addis Ababa",0.8395,0.8395,0.7981,0.8738,0.07575,0.1431
"ETH","Ethiopia",2019,"ET2019DHS","ED_LITR_W_LIT",1,"Afar",0.1978,0.1978,0.1577,0.2452,0.08754,0.1344
"ETH","Ethiopia",2019,"ET2019DHS","ED_LITR_W_LIT",1,"Amhara",0.4977,0.4977,0.4393,0.5561,0.1168,0.07169
"ETH","Ethiopia",2019,"ET2019DHS","ED_LITR_W_LIT",1,"Beneshangul Gumu",0.4555,0.4555,0.3667,0.5472,0.1805,0.1218
"ETH","Ethiopia",2019,"ET2019DHS","ED_LITR_W_LIT",1,"Dire Dawa",0.6009,0.6009,0.5347,0.6637,0.129,0.09876
"ETH","Ethiopia",2019,"ET2019DHS","ED_LITR_W_LIT",1,"Gambela",0.3821,0.3821,0.3174,0.4514,0.134,0.1072
"ETH","Ethiopia",2019,"ET2019DHS","ED_LITR_W_LIT",1,"Hareri",0.5375,0.5375,0.4809,0.5932,0.1122,0.07408
"ETH","Ethiopia",2019,"ET2019DHS","ED_LITR_W_LIT",1,"Oromia",0.4712,0.4712,0.4124,0.5308,0.1184,0.07673
"ETH","Ethiopia",2019,"ET2019DHS","ED_LITR_W_LIT",1,"SNNPR",0.4219,0.4219,0.3793,0.4657,0.08644,0.06243
"ETH","Ethiopia",2019,"ET2019DHS","ED_LITR_W_LIT",1,"Somali",0.1228,0.1228,0.08068,0.1826,0.1019,0.2492
"ETH","Ethiopia",2019,"ET2019DHS","ED_LITR_W_LIT",1,"Tigray",0.5961,0.5961,0.551,0.6396,0.08864,0.06688
"ETH","Ethiopia",2019,"ET2019DHS","ED_LITR_W_LIT",2,"Addis Ababa_Region 14",0.8363,0.838,0.7985,0.8704,0.07182,0.1393
"ETH","Ethiopia",2019,"ET2019DHS","ED_LITR_W_LIT",2,"Afar_Zone 1",0.2217,0.2156,0.1289,0.3365,0.2076,0.2906
"ETH","Ethiopia",2019,"ET2019DHS","ED_LITR_W_LIT",2,"Afar_Zone 2",0.1939,0.1904,0.1213,0.2786,0.1572,0.2566
"ETH","Ethiopia",2019,"ET2019DHS","ED_LITR_W_LIT",2,"Afar_Zone 3",0.1673,0.1575,0.07957,0.2906,0.211,0.4129
"ETH","Ethiopia",2019,"ET2019DHS","ED_LITR_W_LIT",2,"Afar_Zone 4",0.188,0.1821,0.1181,0.2706,0.1525,0.2671
"ETH","Ethiopia",2019,"ET2019DHS","ED_LITR_W_LIT",2,"Afar_Zone 5",0.1101,0.106,0.0672,0.169,0.1018,0.3008
"ETH","Ethiopia",2019,"ET2019DHS","ED_LITR_W_LIT",2,"Amhara_Awi/Agew",0.4102,0.4068,0.2837,0.5454,0.2617,0.1929
"ETH","Ethiopia",2019,"ET2019DHS","ED_LITR_W_LIT",2,"Amhara_East Gojam",0.4811,0.4795,0.3901,0.5749,0.1849,0.1185
"ETH","Ethiopia",2019,"ET2019DHS","ED_LITR_W_LIT",2,"Amhara_North Gonder",0.4843,0.4871,0.3364,0.6416,0.3052,0.1883
"ETH","Ethiopia",2019,"ET2019DHS","ED_LITR_W_LIT",2,"Amhara_North Shewa(R3)",0.3871,0.3874,0.3595,0.4141,0.05457,0.04263
"ETH","Ethiopia",2019,"ET2019DHS","ED_LITR_W_LIT",2,"Amhara_North Wollo",0.5516,0.5519,0.423,0.6749,0.2519,0.1709
"ETH","Ethiopia",2019,"ET2019DHS","ED_LITR_W_LIT",2,"Amhara_Oromia",0.4547,0.4537,0.2606,0.6546,0.394,0.2701
"ETH","Ethiopia",2019,"ET2019DHS","ED_LITR_W_LIT",2,"Amhara_South Gonder",0.4104,0.4068,0.2707,0.5555,0.2848,0.211
"ETH","Ethiopia",2019,"ET2019DHS","ED_LITR_W_LIT",2,"Amhara_South Wollo",0.5415,0.5428,0.4498,0.6323,0.1825,0.1205
"ETH","Ethiopia",2019,"ET2019DHS","ED_LITR_W_LIT",2,"Amhara_Special Woreda",0.4643,0.4656,0.2453,0.6879,0.4426,0.2924
"ETH","Ethiopia",2019,"ET2019DHS","ED_LITR_W_LIT",2,"Amhara_Wag Himra",0.3249,0.3201,0.2067,0.4544,0.2477,0.2362
"ETH","Ethiopia",2019,"ET2019DHS","ED_LITR_W_LIT",2,"Amhara_West Gojam",0.5138,0.5127,0.3857,0.6367,0.251,0.1572
"ETH","Ethiopia",2019,"ET2019DHS","ED_LITR_W_LIT",2,"Beneshangul Gumu_Asosa",0.4867,0.4847,0.3554,0.6304,0.275,0.1727
"ETH","Ethiopia",2019,"ET2019DHS","ED_LITR_W_LIT",2,"Beneshangul Gumu_Kemashi",0.4759,0.4763,0.3859,0.5646,0.1787,0.1119
"ETH","Ethiopia",2019,"ET2019DHS","ED_LITR_W_LIT",2,"Beneshangul Gumu_Metekel",0.3953,0.3949,0.3129,0.4781,0.1652,0.1277
"ETH","Ethiopia",2019,"ET2019DHS","ED_LITR_W_LIT",2,"Dire Dawa_Dire Dawa",0.6009,0.6023,0.5362,0.6656,0.1294,0.09924
"ETH","Ethiopia",2019,"ET2019DHS","ED_LITR_W_LIT",2,"Gambela_Agnuak",0.375,0.3734,0.2945,0.4604,0.1659,0.1325
"ETH","Ethiopia",2019,"ET2019DHS","ED_LITR_W_LIT",2,"Gambela_Majang",0.4586,0.4579,0.3782,0.5432,0.165,0.1104
"ETH","Ethiopia",2019,"ET2019DHS","ED_LITR_W_LIT",2,"Gambela_Nuer",0.09852,0.09314,0.04791,0.1699,0.122,0.4058
"ETH","Ethiopia",2019,"ET2019DHS","ED_LITR_W_LIT",2,"Hareri_Hareri",0.5368,0.5362,0.4795,0.5952,0.1157,0.07596
"ETH","Ethiopia",2019,"ET2019DHS","ED_LITR_W_LIT",2,"Oromia_Arsi",0.3883,0.3878,0.2997,0.4806,0.1809,0.1417
"ETH","Ethiopia",2019,"ET2019DHS","ED_LITR_W_LIT",2,"Oromia_Bale",0.4592,0.4546,0.3018,0.6288,0.3269,0.2198
"ETH","Ethiopia",2019,"ET2019DHS","ED_LITR_W_LIT",2,"Oromia_Borena",0.3962,0.3963,0.3895,0.4026,0.01312,0.01011
"ETH","Ethiopia",2019,"ET2019DHS","ED_LITR_W_LIT",2,"Oromia_East Harerge",0.3252,0.3195,0.2158,0.4491,0.2333,0.2204
"ETH","Ethiopia",2019,"ET2019DHS","ED_LITR_W_LIT",2,"Oromia_East Shewa",0.7803,0.7816,0.7364,0.8206,0.08411,0.1167
"ETH","Ethiopia",2019,"ET2019DHS","ED_LITR_W_LIT",2,"Oromia_East Wellega",0.3224,0.3227,0.2976,0.3477,0.05005,0.04711
"ETH","Ethiopia",2019,"ET2019DHS","ED_LITR_W_LIT",2,"Oromia_Guji",0.3015,0.2984,0.2127,0.3957,0.183,0.188
"ETH","Ethiopia",2019,"ET2019DHS","ED_LITR_W_LIT",2,"Oromia_Horo Guduru",0.5508,0.5531,0.4559,0.6376,0.1817,0.1218
"ETH","Ethiopia",2019,"ET2019DHS","ED_LITR_W_LIT",2,"Oromia_Ilubabor",0.5184,0.5204,0.4133,0.622,0.2087,0.1277
"ETH","Ethiopia",2019,"ET2019DHS","ED_LITR_W_LIT",2,"Oromia_Jimma",0.4873,0.4872,0.3538,0.623,0.2693,0.1676
"ETH","Ethiopia",2019,"ET2019DHS","ED_LITR_W_LIT",2,"Oromia_Kelem Wellega",0.4754,0.4749,0.4323,0.524,0.0917,0.05778
"ETH","Ethiopia",2019,"ET2019DHS","ED_LITR_W_LIT",2,"Oromia_North Shewa(R4)",0.4565,0.4562,0.4078,0.502,0.09424,0.06309
"ETH","Ethiopia",2019,"ET2019DHS","ED_LITR_W_LIT",2,"Oromia_South West Shewa",0.4478,0.4468,0.4117,0.4876,0.07588,0.05285
"ETH","Ethiopia",2019,"ET2019DHS","ED_LITR_W_LIT",2,"Oromia_West Arsi",0.4965,0.4938,0.402,0.5968,0.1949,0.1215
"ETH","Ethiopia",2019,"ET2019DHS","ED_LITR_W_LIT",2,"Oromia_West Harerge",0.4291,0.4256,0.2775,0.5791,0.3017,0.2156
"ETH","Ethiopia",2019,"ET2019DHS","ED_LITR_W_LIT",2,"Oromia_West Shewa",0.6337,0.6338,0.5346,0.7281,0.1935,0.1627
"ETH","Ethiopia",2019,"ET2019DHS","ED_LITR_W_LIT",2,"Oromia_West Wellega",0.571,0.5695,0.4817,0.6566,0.1749,0.1243
"ETH","Ethiopia",2019,"ET2019DHS","ED_LITR_W_LIT",2,"SNNPR_Alaba",0.3686,0.3689,0.351,0.3849,0.03384,0.02799
"ETH","Ethiopia",2019,"ET2019DHS","ED_LITR_W_LIT",2,"SNNPR_Basketo",0.4055,0.3981,0.2093,0.6329,0.4236,0.333
"ETH","Ethiopia",2019,"ET2019DHS","ED_LITR_W_LIT",2,"SNNPR_Bench Maji",0.3814,0.3808,0.3232,0.4443,0.1212,0.09608
"ETH","Ethiopia",2019,"ET2019DHS","ED_LITR_W_LIT",2,"SNNPR_Dawro",0.4204,0.4205,0.3798,0.4641,0.08425,0.05954
"ETH","Ethiopia",2019,"ET2019DHS","ED_LITR_W_LIT",2,"SNNPR_Gamo Gofa",0.528,0.5293,0.44,0.612,0.172,0.1106
"ETH","Ethiopia",2019,"ET2019DHS","ED_LITR_W_LIT",2,"SNNPR_Gedio",0.4155,0.4151,0.3545,0.4745,0.1199,0.08609
"ETH","Ethiopia",2019,"ET2019DHS","ED_LITR_W_LIT",2,"SNNPR_Gurage",0.4414,0.4415,0.3858,0.4955,0.1096,0.07567
"ETH","Ethiopia",2019,"ET2019DHS","ED_LITR_W_LIT",2,"SNNPR_Hadiya",0.4637,0.4628,0.4173,0.5137,0.09632,0.06357
"ETH","Ethiopia",2019,"ET2019DHS","ED_LITR_W_LIT",2,"SNNPR_Keffa",0.4319,0.4285,0.2801,0.5942,0.3141,0.2219
"ETH","Ethiopia",2019,"ET2019DHS","ED_LITR_W_LIT",2,"SNNPR_Konta",0.4176,0.4049,0.2375,0.623,0.3855,0.292
"ETH","Ethiopia",2019,"ET2019DHS","ED_LITR_W_LIT",2,"SNNPR_KT",0.4888,0.4865,0.3635,0.6149,0.2513,0.1606
"ETH","Ethiopia",2019,"ET2019DHS","ED_LITR_W_LIT",2,"SNNPR_Segen Peoples'",0.3219,0.3221,0.2548,0.3921,0.1373,0.1313
"ETH","Ethiopia",2019,"ET2019DHS","ED_LITR_W_LIT",2,"SNNPR_Selti",0.3701,0.3701,0.3537,0.3868,0.03305,0.02752
"ETH","Ethiopia",2019,"ET2019DHS","ED_LITR_W_LIT",2,"SNNPR_Sheka",0.4226,0.4137,0.2282,0.6506,0.4224,0.3133
"ETH","Ethiopia",2019,"ET2019DHS","ED_LITR_W_LIT",2,"SNNPR_Sidama",0.2772,0.2755,0.2145,0.3474,0.1329,0.1469
"ETH","Ethiopia",2019,"ET2019DHS","ED_LITR_W_LIT",2,"SNNPR_South Omo",0.3232,0.319,0.1885,0.4667,0.2782,0.272
"ETH","Ethiopia",2019,"ET2019DHS","ED_LITR_W_LIT",2,"SNNPR_Wolayita",0.4355,0.4325,0.316,0.5698,0.2538,0.1741
"ETH","Ethiopia",2019,"ET2019DHS","ED_LITR_W_LIT",2,"SNNPR_Yem",0.4275,0.4211,0.2311,0.6414,0.4103,0.3007
"ETH","Ethiopia",2019,"ET2019DHS","ED_LITR_W_LIT",2,"Somali_Afder",0.08863,0.08169,0.03952,0.1638,0.1243,0.4856
"ETH","Ethiopia",2019,"ET2019DHS","ED_LITR_W_LIT",2,"Somali_Doolo",0.1262,0.123,0.08583,0.1747,0.08884,0.2322
"ETH","Ethiopia",2019,"ET2019DHS","ED_LITR_W_LIT",2,"Somali_Fafan",0.1322,0.1228,0.06088,0.2312,0.1703,0.4397
"ETH","Ethiopia",2019,"ET2019DHS","ED_LITR_W_LIT",2,"Somali_Jarar",0.1266,0.1207,0.06582,0.2076,0.1418,0.3598
"ETH","Ethiopia",2019,"ET2019DHS","ED_LITR_W_LIT",2,"Somali_Korahe",0.1874,0.1804,0.102,0.2873,0.1854,0.3281
"ETH","Ethiopia",2019,"ET2019DHS","ED_LITR_W_LIT",2,"Somali_Liben",0.1172,0.1111,0.06219,0.1941,0.1319,0.363
"ETH","Ethiopia",2019,"ET2019DHS","ED_LITR_W_LIT",2,"Somali_Nogob",0.0951,0.09181,0.05975,0.1407,0.08098,0.2806
"ETH","Ethiopia",2019,"ET2019DHS","ED_LITR_W_LIT",2,"Somali_Shabelle",0.1193,0.1172,0.08258,0.1651,0.08253,0.2159
"ETH","Ethiopia",2019,"ET2019DHS","ED_LITR_W_LIT",2,"Somali_Siti",0.07547,0.07261,0.04337,0.1149,0.07154,0.3171
"ETH","Ethiopia",2019,"ET2019DHS","ED_LITR_W_LIT",2,"Tigray_Central",0.615,0.6153,0.4845,0.7352,0.2508,0.1996
"ETH","Ethiopia",2019,"ET2019DHS","ED_LITR_W_LIT",2,"Tigray_Eastern
",0.6249,0.6295,0.4699,0.77,0.3002,0.2505
"ETH","Ethiopia",2019,"ET2019DHS","ED_LITR_W_LIT",2,"Tigray_North Western",0.5668,0.5657,0.3827,0.7525,0.3698,0.2598
"ETH","Ethiopia",2019,"ET2019DHS","ED_LITR_W_LIT",2,"Tigray_Southern",0.597,0.6,0.4734,0.7174,0.244,0.1881
"ETH","Ethiopia",2019,"ET2019DHS","ED_LITR_W_LIT",2,"Tigray_Western",0.6031,0.6082,0.4555,0.7397,0.2841,0.2191
"ETH","Ethiopia",2019,"ET2019DHS","ED_EDUC_W_SEH",1,"Addis Ababa",0.5396,0.5396,0.4713,0.6066,0.1353,0.08988
"ETH","Ethiopia",2019,"ET2019DHS","ED_EDUC_W_SEH",1,"Afar",0.07632,0.07632,0.05583,0.1035,0.04768,0.1879
"ETH","Ethiopia",2019,"ET2019DHS","ED_EDUC_W_SEH",1,"Amhara",0.1554,0.1554,0.1254,0.1909,0.06552,0.1279
"ETH","Ethiopia",2019,"ET2019DHS","ED_EDUC_W_SEH",1,"Beneshangul Gumu",0.1856,0.1856,0.1064,0.3037,0.1973,0.3214
"ETH","Ethiopia",2019,"ET2019DHS","ED_EDUC_W_SEH",1,"Dire Dawa",0.3707,0.3707,0.3172,0.4276,0.1104,0.0909
"ETH","Ethiopia",2019,"ET2019DHS","ED_EDUC_W_SEH",1,"Gambela",0.2796,0.2796,0.2393,0.3238,0.08443,0.09193
"ETH","Ethiopia",2019,"ET2019DHS","ED_EDUC_W_SEH",1,"Hareri",0.2937,0.2937,0.2405,0.3532,0.1127,0.117
"ETH","Ethiopia",2019,"ET2019DHS","ED_EDUC_W_SEH",1,"Oromia",0.1466,0.1466,0.1214,0.176,0.05461,0.113
"ETH","Ethiopia",2019,"ET2019DHS","ED_EDUC_W_SEH",1,"SNNPR",0.1346,0.1346,0.099,0.1805,0.08152,0.183
"ETH","Ethiopia",2019,"ET2019DHS","ED_EDUC_W_SEH",1,"Somali",0.08786,0.08786,0.05847,0.13,0.07153,0.2435
"ETH","Ethiopia",2019,"ET2019DHS","ED_EDUC_W_SEH",1,"Tigray",0.3442,0.3442,0.2884,0.4047,0.1163,0.1032
"ETH","Ethiopia",2019,"ET2019DHS","ED_EDUC_W_SEH",2,"Addis Ababa_Region 14",0.5392,0.5391,0.4717,0.6043,0.1326,0.08919
"ETH","Ethiopia",2019,"ET2019DHS","ED_EDUC_W_SEH",2,"Afar_Zone 1",0.1004,0.09552,0.05137,0.1704,0.1191,0.3972
"ETH","Ethiopia",2019,"ET2019DHS","ED_EDUC_W_SEH",2,"Afar_Zone 2",0.06821,0.06455,0.03671,0.1133,0.07657,0.3668
"ETH","Ethiopia",2019,"ET2019DHS","ED_EDUC_W_SEH",2,"Afar_Zone 3",0.06287,0.0561,0.02361,0.1191,0.09548,0.5884
"ETH","Ethiopia",2019,"ET2019DHS","ED_EDUC_W_SEH",2,"Afar_Zone 4",0.05613,0.05327,0.02944,0.09356,0.06412,0.3759
"ETH","Ethiopia",2019,"ET2019DHS","ED_EDUC_W_SEH",2,"Afar_Zone 5",0.04034,0.03594,0.01366,0.0835,0.06984,0.633
"ETH","Ethiopia",2019,"ET2019DHS","ED_EDUC_W_SEH",2,"Amhara_Awi/Agew",0.06818,0.06754,0.05163,0.08739,0.03576,0.1623
"ETH","Ethiopia",2019,"ET2019DHS","ED_EDUC_W_SEH",2,"Amhara_East Gojam",0.1893,0.1832,0.1224,0.2728,0.1503,0.2555
"ETH","Ethiopia",2019,"ET2019DHS","ED_EDUC_W_SEH",2,"Amhara_North Gonder",0.1353,0.1263,0.07432,0.2183,0.144,0.3595
"ETH","Ethiopia",2019,"ET2019DHS","ED_EDUC_W_SEH",2,"Amhara_North Shewa(R3)",0.04673,0.04511,0.0258,0.07352,0.04772,0.3232
"ETH","Ethiopia",2019,"ET2019DHS","ED_EDUC_W_SEH",2,"Amhara_North Wollo",0.1876,0.1875,0.1679,0.2075,0.03963,0.06522
"ETH","Ethiopia",2019,"ET2019DHS","ED_EDUC_W_SEH",2,"Amhara_Oromia",0.1144,0.1047,0.04311,0.2223,0.1792,0.5495
"ETH","Ethiopia",2019,"ET2019DHS","ED_EDUC_W_SEH",2,"Amhara_South Gonder",0.1082,0.1014,0.05858,0.1773,0.1187,0.3799
"ETH","Ethiopia",2019,"ET2019DHS","ED_EDUC_W_SEH",2,"Amhara_South Wollo",0.09821,0.09788,0.08365,0.1136,0.02995,0.09199
"ETH","Ethiopia",2019,"ET2019DHS","ED_EDUC_W_SEH",2,"Amhara_Special Woreda",0.1182,0.1042,0.03954,0.2572,0.2177,0.6384
"ETH","Ethiopia",2019,"ET2019DHS","ED_EDUC_W_SEH",2,"Amhara_Wag Himra",0.08131,0.08035,0.06457,0.1018,0.0372,0.1386
"ETH","Ethiopia",2019,"ET2019DHS","ED_EDUC_W_SEH",2,"Amhara_West Gojam",0.1969,0.1932,0.1238,0.2852,0.1613,0.2536
"ETH","Ethiopia",2019,"ET2019DHS","ED_EDUC_W_SEH",2,"Beneshangul Gumu_Asosa",0.1836,0.1749,0.08797,0.3114,0.2235,0.3969
"ETH","Ethiopia",2019,"ET2019DHS","ED_EDUC_W_SEH",2,"Beneshangul Gumu_Kemashi",0.1007,0.09454,0.04464,0.179,0.1344,0.4513
"ETH","Ethiopia",2019,"ET2019DHS","ED_EDUC_W_SEH",2,"Beneshangul Gumu_Metekel",0.1515,0.1484,0.1004,0.2143,0.1139,0.2303
"ETH","Ethiopia",2019,"ET2019DHS","ED_EDUC_W_SEH",2,"Dire Dawa_Dire Dawa",0.3728,0.3727,0.318,0.4298,0.1119,0.0921
"ETH","Ethiopia",2019,"ET2019DHS","ED_EDUC_W_SEH",2,"Gambela_Agnuak",0.3199,0.318,0.2639,0.3772,0.1133,0.1108
"ETH","Ethiopia",2019,"ET2019DHS","ED_EDUC_W_SEH",2,"Gambela_Majang",0.2147,0.2089,0.1336,0.3158,0.1822,0.2771
"ETH","Ethiopia",2019,"ET2019DHS","ED_EDUC_W_SEH",2,"Gambela_Nuer",0.2268,0.2217,0.1426,0.3296,0.1869,0.2632
"ETH","Ethiopia",2019,"ET2019DHS","ED_EDUC_W_SEH",2,"Hareri_Hareri",0.2954,0.2943,0.2415,0.3528,0.1113,0.1184
"ETH","Ethiopia",2019,"ET2019DHS","ED_EDUC_W_SEH",2,"Oromia_Arsi",0.07756,0.07393,0.04105,0.1262,0.08519,0.3643
"ETH","Ethiopia",2019,"ET2019DHS","ED_EDUC_W_SEH",2,"Oromia_Bale",0.09282,0.08985,0.05751,0.1367,0.07915,0.2672
"ETH","Ethiopia",2019,"ET2019DHS","ED_EDUC_W_SEH",2,"Oromia_Borena",0.07939,0.07864,0.06337,0.0984,0.03503,0.131
"ETH","Ethiopia",2019,"ET2019DHS","ED_EDUC_W_SEH",2,"Oromia_East Harerge",0.06126,0.05777,0.03352,0.09961,0.06608,0.3562
"ETH","Ethiopia",2019,"ET2019DHS","ED_EDUC_W_SEH",2,"Oromia_East Shewa",0.3549,0.3539,0.319,0.3936,0.07456,0.0648
"ETH","Ethiopia",2019,"ET2019DHS","ED_EDUC_W_SEH",2,"Oromia_East Wellega",0.1334,0.1332,0.123,0.1444,0.02149,0.04833
"ETH","Ethiopia",2019,"ET2019DHS","ED_EDUC_W_SEH",2,"Oromia_Guji",0.08482,0.08159,0.0466,0.1329,0.08631,0.3255
"ETH","Ethiopia",2019,"ET2019DHS","ED_EDUC_W_SEH",2,"Oromia_Horo Guduru",0.1801,0.1792,0.142,0.2229,0.0809,0.1355
"ETH","Ethiopia",2019,"ET2019DHS","ED_EDUC_W_SEH",2,"Oromia_Ilubabor",0.1703,0.165,0.09844,0.2596,0.1612,0.3045
"ETH","Ethiopia",2019,"ET2019DHS","ED_EDUC_W_SEH",2,"Oromia_Jimma",0.1602,0.1568,0.1032,0.2303,0.1271,0.2529
"ETH","Ethiopia",2019,"ET2019DHS","ED_EDUC_W_SEH",2,"Oromia_Kelem Wellega",0.193,0.1918,0.1504,0.2389,0.08849,0.1414
"ETH","Ethiopia",2019,"ET2019DHS","ED_EDUC_W_SEH",2,"Oromia_North Shewa(R4)",0.08325,0.08271,0.06731,0.1016,0.03429,0.1282
"ETH","Ethiopia",2019,"ET2019DHS","ED_EDUC_W_SEH",2,"Oromia_South West Shewa",0.101,0.101,0.09933,0.1025,0.003183,0.009661
"ETH","Ethiopia",2019,"ET2019DHS","ED_EDUC_W_SEH",2,"Oromia_West Arsi",0.1245,0.1186,0.06246,0.2052,0.1427,0.3722
"ETH","Ethiopia",2019,"ET2019DHS","ED_EDUC_W_SEH",2,"Oromia_West Harerge",0.1309,0.1218,0.06923,0.2106,0.1413,0.3786
"ETH","Ethiopia",2019,"ET2019DHS","ED_EDUC_W_SEH",2,"Oromia_West Shewa",0.1912,0.1858,0.1216,0.2809,0.1593,0.2698
"ETH","Ethiopia",2019,"ET2019DHS","ED_EDUC_W_SEH",2,"Oromia_West Wellega",0.1934,0.1874,0.1171,0.2833,0.1662,0.2713
"ETH","Ethiopia",2019,"ET2019DHS","ED_EDUC_W_SEH",2,"SNNPR_Alaba",0.0848,0.08368,0.06441,0.1079,0.04345,0.1597
"ETH","Ethiopia",2019,"ET2019DHS","ED_EDUC_W_SEH",2,"SNNPR_Basketo",0.1297,0.1147,0.04679,0.2601,0.2133,0.6309
"ETH","Ethiopia",2019,"ET2019DHS","ED_EDUC_W_SEH",2,"SNNPR_Bench Maji",0.07458,0.07349,0.0631,0.08783,0.02473,0.1032
"ETH","Ethiopia",2019,"ET2019DHS","ED_EDUC_W_SEH",2,"SNNPR_Dawro",0.1777,0.1709,0.1014,0.2815,0.1801,0.3257
"ETH","Ethiopia",2019,"ET2019DHS","ED_EDUC_W_SEH",2,"SNNPR_Gamo Gofa",0.2468,0.2441,0.1878,0.3094,0.1216,0.153
"ETH","Ethiopia",2019,"ET2019DHS","ED_EDUC_W_SEH",2,"SNNPR_Gedio",0.07989,0.07778,0.05605,0.1111,0.05502,0.2144
"ETH","Ethiopia",2019,"ET2019DHS","ED_EDUC_W_SEH",2,"SNNPR_Gurage",0.126,0.1251,0.1049,0.1493,0.04447,0.1084
"ETH","Ethiopia",2019,"ET2019DHS","ED_EDUC_W_SEH",2,"SNNPR_Hadiya",0.1143,0.1108,0.06756,0.1726,0.105,0.2979
"ETH","Ethiopia",2019,"ET2019DHS","ED_EDUC_W_SEH",2,"SNNPR_Keffa",0.1492,0.1426,0.08355,0.2399,0.1563,0.3455
"ETH","Ethiopia",2019,"ET2019DHS","ED_EDUC_W_SEH",2,"SNNPR_Konta",0.1307,0.1158,0.05011,0.259,0.2089,0.5881
"ETH","Ethiopia",2019,"ET2019DHS","ED_EDUC_W_SEH",2,"SNNPR_KT",0.1331,0.132,0.1039,0.1641,0.06024,0.1423
"ETH","Ethiopia",2019,"ET2019DHS","ED_EDUC_W_SEH",2,"SNNPR_Segen Peoples'",0.08396,0.08288,0.06328,0.1073,0.04406,0.1631
"ETH","Ethiopia",2019,"ET2019DHS","ED_EDUC_W_SEH",2,"SNNPR_Selti",0.08812,0.08709,0.07157,0.1091,0.03755,0.13
"ETH","Ethiopia",2019,"ET2019DHS","ED_EDUC_W_SEH",2,"SNNPR_Sheka",0.1308,0.1161,0.04801,0.2643,0.2163,0.5818
"ETH","Ethiopia",2019,"ET2019DHS","ED_EDUC_W_SEH",2,"SNNPR_Sidama",0.07559,0.07366,0.04916,0.1085,0.05931,0.2487
"ETH","Ethiopia",2019,"ET2019DHS","ED_EDUC_W_SEH",2,"SNNPR_South Omo",0.1026,0.09655,0.04925,0.1725,0.1232,0.4072
"ETH","Ethiopia",2019,"ET2019DHS","ED_EDUC_W_SEH",2,"SNNPR_Wolayita",0.1432,0.1408,0.103,0.1903,0.08733,0.1849
"ETH","Ethiopia",2019,"ET2019DHS","ED_EDUC_W_SEH",2,"SNNPR_Yem",0.1265,0.1133,0.04814,0.2428,0.1946,0.5483
"ETH","Ethiopia",2019,"ET2019DHS","ED_EDUC_W_SEH",2,"Somali_Afder",0.05435,0.0498,0.02212,0.103,0.08085,0.5027
"ETH","Ethiopia",2019,"ET2019DHS","ED_EDUC_W_SEH",2,"Somali_Doolo",0.09579,0.09062,0.05095,0.1609,0.11,0.386
"ETH","Ethiopia",2019,"ET2019DHS","ED_EDUC_W_SEH",2,"Somali_Fafan",0.09618,0.08828,0.04287,0.1718,0.1289,0.4812
"ETH","Ethiopia",2019,"ET2019DHS","ED_EDUC_W_SEH",2,"Somali_Jarar",0.09252,0.08655,0.046,0.1533,0.1073,0.4054
"ETH","Ethiopia",2019,"ET2019DHS","ED_EDUC_W_SEH",2,"Somali_Korahe",0.08144,0.07822,0.04498,0.1267,0.0817,0.3396
"ETH","Ethiopia",2019,"ET2019DHS","ED_EDUC_W_SEH",2,"Somali_Liben",0.08991,0.08217,0.03775,0.171,0.1332,0.4997
"ETH","Ethiopia",2019,"ET2019DHS","ED_EDUC_W_SEH",2,"Somali_Nogob",0.06918,0.06323,0.03238,0.1253,0.09289,0.4754
"ETH","Ethiopia",2019,"ET2019DHS","ED_EDUC_W_SEH",2,"Somali_Shabelle",0.1064,0.1019,0.06153,0.1681,0.1066,0.33
"ETH","Ethiopia",2019,"ET2019DHS","ED_EDUC_W_SEH",2,"Somali_Siti",0.0752,0.06986,0.03726,0.1273,0.08999,0.4219
"ETH","Ethiopia",2019,"ET2019DHS","ED_EDUC_W_SEH",2,"Tigray_Central",0.3451,0.3387,0.207,0.5109,0.3039,0.2697
"ETH","Ethiopia",2019,"ET2019DHS","ED_EDUC_W_SEH",2,"Tigray_Eastern
",0.3739,0.3697,0.2266,0.5359,0.3093,0.2619
"ETH","Ethiopia",2019,"ET2019DHS","ED_EDUC_W_SEH",2,"Tigray_North Western",0.3396,0.3346,0.1756,0.5405,0.3649,0.3338
"ETH","Ethiopia",2019,"ET2019DHS","ED_EDUC_W_SEH",2,"Tigray_Southern",0.3368,0.3305,0.2078,0.4941,0.2863,0.2631
"ETH","Ethiopia",2019,"ET2019DHS","ED_EDUC_W_SEH",2,"Tigray_Western",0.2765,0.2748,0.184,0.3798,0.1958,0.2189
"ETH","Ethiopia",2019,"ET2019DHS","HC_WIXQ_P_12Q",1,"Addis Ababa",0,0,NA,NA,NA,NA
"ETH","Ethiopia",2019,"ET2019DHS","HC_WIXQ_P_12Q",1,"Afar",0.704,0.704,0.6231,0.7739,0.1507,0.1557
"ETH","Ethiopia",2019,"ET2019DHS","HC_WIXQ_P_12Q",1,"Amhara",0.3761,0.3761,0.3041,0.4539,0.1497,0.1219
"ETH","Ethiopia",2019,"ET2019DHS","HC_WIXQ_P_12Q",1,"Beneshangul Gumu",0.5155,0.5155,0.4197,0.6102,0.1905,0.121
"ETH","Ethiopia",2019,"ET2019DHS","HC_WIXQ_P_12Q",1,"Dire Dawa",0.2358,0.2358,0.154,0.3434,0.1893,0.2451
"ETH","Ethiopia",2019,"ET2019DHS","HC_WIXQ_P_12Q",1,"Gambela",0.3783,0.3783,0.2701,0.5003,0.2302,0.1881
"ETH","Ethiopia",2019,"ET2019DHS","HC_WIXQ_P_12Q",1,"Hareri",0.1647,0.1647,0.08742,0.2888,0.2014,0.3667
"ETH","Ethiopia",2019,"ET2019DHS","HC_WIXQ_P_12Q",1,"Oromia",0.4038,0.4038,0.3207,0.4928,0.1721,0.1308
"ETH","Ethiopia",2019,"ET2019DHS","HC_WIXQ_P_12Q",1,"SNNPR",0.3537,0.3537,0.2978,0.414,0.1163,0.1003
"ETH","Ethiopia",2019,"ET2019DHS","HC_WIXQ_P_12Q",1,"Somali",0.7955,0.7955,0.7031,0.8647,0.1616,0.2401
"ETH","Ethiopia",2019,"ET2019DHS","HC_WIXQ_P_12Q",1,"Tigray",0.3449,0.3449,0.2621,0.4383,0.1762,0.1567
"ETH","Ethiopia",2019,"ET2019DHS","HC_WIXQ_P_12Q",2,"Addis Ababa_Region 14",0.0168,0.01046,0.002343,0.04968,0.04734,1.869
"ETH","Ethiopia",2019,"ET2019DHS","HC_WIXQ_P_12Q",2,"Afar_Zone 1",0.6932,0.7027,0.4782,0.8672,0.3889,0.3949
"ETH","Ethiopia",2019,"ET2019DHS","HC_WIXQ_P_12Q",2,"Afar_Zone 2",0.7377,0.7563,0.5265,0.8925,0.366,0.4627
"ETH","Ethiopia",2019,"ET2019DHS","HC_WIXQ_P_12Q",2,"Afar_Zone 3",0.8563,0.8773,0.6981,0.9578,0.2597,0.7146
"ETH","Ethiopia",2019,"ET2019DHS","HC_WIXQ_P_12Q",2,"Afar_Zone 4",0.7768,0.7939,0.571,0.918,0.347,0.5148
"ETH","Ethiopia",2019,"ET2019DHS","HC_WIXQ_P_12Q",2,"Afar_Zone 5",0.978,0.9811,0.9525,0.9934,0.04088,0.7341
"ETH","Ethiopia",2019,"ET2019DHS","HC_WIXQ_P_12Q",2,"Amhara_Awi/Agew",0.3527,0.3485,0.2673,0.4427,0.1755,0.1539
"ETH","Ethiopia",2019,"ET2019DHS","HC_WIXQ_P_12Q",2,"Amhara_East Gojam",0.1622,0.1525,0.06282,0.2989,0.236,0.4802
"ETH","Ethiopia",2019,"ET2019DHS","HC_WIXQ_P_12Q",2,"Amhara_North Gonder",0.4576,0.4536,0.2792,0.6468,0.3675,0.2457
"ETH","Ethiopia",2019,"ET2019DHS","HC_WIXQ_P_12Q",2,"Amhara_North Shewa(R3)",0.4451,0.4435,0.3176,0.5758,0.2582,0.1793
"ETH","Ethiopia",2019,"ET2019DHS","HC_WIXQ_P_12Q",2,"Amhara_North Wollo",0.23,0.2174,0.09754,0.4088,0.3113,0.4386
"ETH","Ethiopia",2019,"ET2019DHS","HC_WIXQ_P_12Q",2,"Amhara_Oromia",0.4134,0.4007,0.1174,0.7413,0.6239,0.4907
"ETH","Ethiopia",2019,"ET2019DHS","HC_WIXQ_P_12Q",2,"Amhara_South Gonder",0.555,0.5557,0.3518,0.7428,0.391,0.2685
"ETH","Ethiopia",2019,"ET2019DHS","HC_WIXQ_P_12Q",2,"Amhara_South Wollo",0.3507,0.348,0.202,0.5223,0.3203,0.2801
"ETH","Ethiopia",2019,"ET2019DHS","HC_WIXQ_P_12Q",2,"Amhara_Special Woreda",0.407,0.3831,0.1065,0.7734,0.6669,0.5355
"ETH","Ethiopia",2019,"ET2019DHS","HC_WIXQ_P_12Q",2,"Amhara_Wag Himra",0.5224,0.5254,0.2451,0.7746,0.5295,0.3532
"ETH","Ethiopia",2019,"ET2019DHS","HC_WIXQ_P_12Q",2,"Amhara_West Gojam",0.2531,0.2471,0.1258,0.4042,0.2785,0.3379
"ETH","Ethiopia",2019,"ET2019DHS","HC_WIXQ_P_12Q",2,"Beneshangul Gumu_Asosa",0.5101,0.5119,0.3751,0.64,0.265,0.1684
"ETH","Ethiopia",2019,"ET2019DHS","HC_WIXQ_P_12Q",2,"Beneshangul Gumu_Kemashi",0.5543,0.5549,0.4435,0.6597,0.2162,0.1495
"ETH","Ethiopia",2019,"ET2019DHS","HC_WIXQ_P_12Q",2,"Beneshangul Gumu_Metekel",0.5227,0.5209,0.3782,0.6729,0.2947,0.1869
"ETH","Ethiopia",2019,"ET2019DHS","HC_WIXQ_P_12Q",2,"Dire Dawa_Dire Dawa",0.2378,0.2337,0.1518,0.3389,0.1871,0.2479
"ETH","Ethiopia",2019,"ET2019DHS","HC_WIXQ_P_12Q",2,"Gambela_Agnuak",0.3544,0.3494,0.2085,0.5135,0.305,0.2708
"ETH","Ethiopia",2019,"ET2019DHS","HC_WIXQ_P_12Q",2,"Gambela_Majang",0.3578,0.3555,0.2005,0.5354,0.3349,0.2835
"ETH","Ethiopia",2019,"ET2019DHS","HC_WIXQ_P_12Q",2,"Gambela_Nuer",0.9047,0.9151,0.8152,0.9635,0.1483,0.5644
"ETH","Ethiopia",2019,"ET2019DHS","HC_WIXQ_P_12Q",2,"Hareri_Hareri",0.1703,0.1614,0.08476,0.2867,0.202,0.3838
"ETH","Ethiopia",2019,"ET2019DHS","HC_WIXQ_P_12Q",2,"Oromia_Arsi",0.6143,0.6209,0.392,0.8141,0.422,0.3353
"ETH","Ethiopia",2019,"ET2019DHS","HC_WIXQ_P_12Q",2,"Oromia_Bale",0.3266,0.3143,0.1397,0.5665,0.4268,0.411
"ETH","Ethiopia",2019,"ET2019DHS","HC_WIXQ_P_12Q",2,"Oromia_Borena",0.3413,0.3408,0.2514,0.4315,0.1801,0.1623
"ETH","Ethiopia",2019,"ET2019DHS","HC_WIXQ_P_12Q",2,"Oromia_East Harerge",0.4412,0.4378,0.2907,0.6109,0.3202,0.2225
"ETH","Ethiopia",2019,"ET2019DHS","HC_WIXQ_P_12Q",2,"Oromia_East Shewa",0.1226,0.1044,0.03214,0.2812,0.2491,0.7533
"ETH","Ethiopia",2019,"ET2019DHS","HC_WIXQ_P_12Q",2,"Oromia_East Wellega",0.3256,0.3253,0.2589,0.3982,0.1394,0.1294
"ETH","Ethiopia",2019,"ET2019DHS","HC_WIXQ_P_12Q",2,"Oromia_Guji",0.43,0.4242,0.2095,0.6815,0.472,0.3384
"ETH","Ethiopia",2019,"ET2019DHS","HC_WIXQ_P_12Q",2,"Oromia_Horo Guduru",0.2986,0.293,0.2103,0.3999,0.1896,0.1988
"ETH","Ethiopia",2019,"ET2019DHS","HC_WIXQ_P_12Q",2,"Oromia_Ilubabor",0.3858,0.3812,0.2363,0.5543,0.318,0.244
"ETH","Ethiopia",2019,"ET2019DHS","HC_WIXQ_P_12Q",2,"Oromia_Jimma",0.3242,0.3125,0.1467,0.5575,0.4108,0.3908
"ETH","Ethiopia",2019,"ET2019DHS","HC_WIXQ_P_12Q",2,"Oromia_Kelem Wellega",0.2471,0.2342,0.1073,0.4261,0.3188,0.4232
"ETH","Ethiopia",2019,"ET2019DHS","HC_WIXQ_P_12Q",2,"Oromia_North Shewa(R4)",0.6053,0.6058,0.4967,0.7072,0.2105,0.1655
"ETH","Ethiopia",2019,"ET2019DHS","HC_WIXQ_P_12Q",2,"Oromia_South West Shewa",0.3133,0.3104,0.2085,0.4282,0.2197,0.2157
"ETH","Ethiopia",2019,"ET2019DHS","HC_WIXQ_P_12Q",2,"Oromia_West Arsi",0.4278,0.42,0.2016,0.6761,0.4745,0.3473
"ETH","Ethiopia",2019,"ET2019DHS","HC_WIXQ_P_12Q",2,"Oromia_West Harerge",0.4695,0.4631,0.2197,0.7343,0.5146,0.3362
"ETH","Ethiopia",2019,"ET2019DHS","HC_WIXQ_P_12Q",2,"Oromia_West Shewa",0.3044,0.3035,0.2748,0.3365,0.0617,0.06348
"ETH","Ethiopia",2019,"ET2019DHS","HC_WIXQ_P_12Q",2,"Oromia_West Wellega",0.2986,0.2939,0.2101,0.4013,0.1913,0.1953
"ETH","Ethiopia",2019,"ET2019DHS","HC_WIXQ_P_12Q",2,"SNNPR_Alaba",0.4341,0.4338,0.3719,0.4922,0.1203,0.08465
"ETH","Ethiopia",2019,"ET2019DHS","HC_WIXQ_P_12Q",2,"SNNPR_Basketo",0.3929,0.3851,0.1004,0.7638,0.6634,0.5223
"ETH","Ethiopia",2019,"ET2019DHS","HC_WIXQ_P_12Q",2,"SNNPR_Bench Maji",0.3862,0.3793,0.1957,0.6102,0.4144,0.3283
"ETH","Ethiopia",2019,"ET2019DHS","HC_WIXQ_P_12Q",2,"SNNPR_Dawro",0.3666,0.3659,0.2303,0.507,0.2766,0.2346
"ETH","Ethiopia",2019,"ET2019DHS","HC_WIXQ_P_12Q",2,"SNNPR_Gamo Gofa",0.2507,0.2398,0.1367,0.3993,0.2626,0.3435
"ETH","Ethiopia",2019,"ET2019DHS","HC_WIXQ_P_12Q",2,"SNNPR_Gedio",0.3099,0.3101,0.2298,0.3949,0.1652,0.1683
"ETH","Ethiopia",2019,"ET2019DHS","HC_WIXQ_P_12Q",2,"SNNPR_Gurage",0.2883,0.2755,0.1316,0.4947,0.3631,0.4034
"ETH","Ethiopia",2019,"ET2019DHS","HC_WIXQ_P_12Q",2,"SNNPR_Hadiya",0.4763,0.4762,0.4565,0.4971,0.04055,0.0259
"ETH","Ethiopia",2019,"ET2019DHS","HC_WIXQ_P_12Q",2,"SNNPR_Keffa",0.3639,0.3542,0.1585,0.6103,0.4518,0.3838
"ETH","Ethiopia",2019,"ET2019DHS","HC_WIXQ_P_12Q",2,"SNNPR_Konta",0.3913,0.3817,0.1245,0.7006,0.5761,0.4695
"ETH","Ethiopia",2019,"ET2019DHS","HC_WIXQ_P_12Q",2,"SNNPR_KT",0.3248,0.3134,0.1318,0.553,0.4212,0.4137
"ETH","Ethiopia",2019,"ET2019DHS","HC_WIXQ_P_12Q",2,"SNNPR_Segen Peoples'",0.5662,0.5677,0.4788,0.6479,0.1691,0.123
"ETH","Ethiopia",2019,"ET2019DHS","HC_WIXQ_P_12Q",2,"SNNPR_Selti",0.5964,0.602,0.4029,0.7742,0.3713,0.2827
"ETH","Ethiopia",2019,"ET2019DHS","HC_WIXQ_P_12Q",2,"SNNPR_Sheka",0.3968,0.3824,0.1185,0.7167,0.5982,0.4885
"ETH","Ethiopia",2019,"ET2019DHS","HC_WIXQ_P_12Q",2,"SNNPR_Sidama",0.5742,0.5778,0.4378,0.6985,0.2607,0.1911
"ETH","Ethiopia",2019,"ET2019DHS","HC_WIXQ_P_12Q",2,"SNNPR_South Omo",0.4589,0.4555,0.2272,0.7179,0.4907,0.3341
"ETH","Ethiopia",2019,"ET2019DHS","HC_WIXQ_P_12Q",2,"SNNPR_Wolayita",0.2639,0.2526,0.1369,0.4323,0.2953,0.3561
"ETH","Ethiopia",2019,"ET2019DHS","HC_WIXQ_P_12Q",2,"SNNPR_Yem",0.4074,0.3889,0.1329,0.7503,0.6174,0.4891
"ETH","Ethiopia",2019,"ET2019DHS","HC_WIXQ_P_12Q",2,"Somali_Afder",0.9311,0.9395,0.8576,0.9756,0.118,0.625
"ETH","Ethiopia",2019,"ET2019DHS","HC_WIXQ_P_12Q",2,"Somali_Doolo",0.7238,0.7301,0.5726,0.8437,0.2711,0.2989
"ETH","Ethiopia",2019,"ET2019DHS","HC_WIXQ_P_12Q",2,"Somali_Fafan",0.7993,0.8202,0.5941,0.9404,0.3462,0.6084
"ETH","Ethiopia",2019,"ET2019DHS","HC_WIXQ_P_12Q",2,"Somali_Jarar",0.7945,0.8098,0.6275,0.9176,0.2901,0.4816
"ETH","Ethiopia",2019,"ET2019DHS","HC_WIXQ_P_12Q",2,"Somali_Korahe",0.6716,0.6745,0.5121,0.8162,0.3041,0.2842
"ETH","Ethiopia",2019,"ET2019DHS","HC_WIXQ_P_12Q",2,"Somali_Liben",0.8255,0.85,0.6343,0.9452,0.3109,0.6481
"ETH","Ethiopia",2019,"ET2019DHS","HC_WIXQ_P_12Q",2,"Somali_Nogob",0.9203,0.9256,0.859,0.963,0.104,0.4426
"ETH","Ethiopia",2019,"ET2019DHS","HC_WIXQ_P_12Q",2,"Somali_Shabelle",0.8081,0.825,0.6474,0.9166,0.2691,0.4749
"ETH","Ethiopia",2019,"ET2019DHS","HC_WIXQ_P_12Q",2,"Somali_Siti",0.9512,0.9541,0.9192,0.9734,0.05412,0.3744
"ETH","Ethiopia",2019,"ET2019DHS","HC_WIXQ_P_12Q",2,"Tigray_Central",0.2843,0.2751,0.1613,0.4368,0.2755,0.3088
"ETH","Ethiopia",2019,"ET2019DHS","HC_WIXQ_P_12Q",2,"Tigray_Eastern
",0.3553,0.3473,0.1477,0.5834,0.4357,0.3846
"ETH","Ethiopia",2019,"ET2019DHS","HC_WIXQ_P_12Q",2,"Tigray_North Western",0.4049,0.3962,0.1803,0.661,0.4807,0.3679
"ETH","Ethiopia",2019,"ET2019DHS","HC_WIXQ_P_12Q",2,"Tigray_Southern",0.3498,0.3433,0.1801,0.549,0.369,0.3234
"ETH","Ethiopia",2019,"ET2019DHS","HC_WIXQ_P_12Q",2,"Tigray_Western",0.3368,0.3143,0.1071,0.64,0.5329,0.5215
"ETH","Ethiopia",2019,"ET2019DHS","CM_ECMR_C_NNF",1,"Addis Ababa",0.0161,0.0161,0.008192,0.03139,0.0232,0.4089
"ETH","Ethiopia",2019,"ET2019DHS","CM_ECMR_C_NNF",1,"Afar",0.02751,0.02751,0.0174,0.04324,0.02585,0.2771
"ETH","Ethiopia",2019,"ET2019DHS","CM_ECMR_C_NNF",1,"Amhara",0.03631,0.03631,0.02617,0.05016,0.02398,0.1978
"ETH","Ethiopia",2019,"ET2019DHS","CM_ECMR_C_NNF",1,"Beneshangul Gumu",0.0574,0.0574,0.03849,0.0848,0.04631,0.2405
"ETH","Ethiopia",2019,"ET2019DHS","CM_ECMR_C_NNF",1,"Dire Dawa",0.03737,0.03737,0.02531,0.05487,0.02956,0.2355
"ETH","Ethiopia",2019,"ET2019DHS","CM_ECMR_C_NNF",1,"Gambela",0.03284,0.03284,0.01847,0.05773,0.03927,0.3471
"ETH","Ethiopia",2019,"ET2019DHS","CM_ECMR_C_NNF",1,"Hareri",0.03868,0.03868,0.02624,0.05666,0.03041,0.2342
"ETH","Ethiopia",2019,"ET2019DHS","CM_ECMR_C_NNF",1,"Oromia",0.03487,0.03487,0.02392,0.05057,0.02665,0.2278
"ETH","Ethiopia",2019,"ET2019DHS","CM_ECMR_C_NNF",1,"SNNPR",0.02106,0.02106,0.01165,0.03779,0.02613,0.3581
"ETH","Ethiopia",2019,"ET2019DHS","CM_ECMR_C_NNF",1,"Somali",0.0501,0.0501,0.03221,0.07713,0.04492,0.2658
"ETH","Ethiopia",2019,"ET2019DHS","CM_ECMR_C_NNF",1,"Tigray",0.02491,0.02491,0.01273,0.04815,0.03542,0.4051
"ETH","Ethiopia",2019,"ET2019DHS","CM_ECMR_C_NNF",2,"Addis Ababa_Region 14",0.01785,0.01637,0.008403,0.03162,0.02322,0.454
"ETH","Ethiopia",2019,"ET2019DHS","CM_ECMR_C_NNF",2,"Afar_Zone 1",0.02816,0.0272,0.01768,0.04231,0.02463,0.2818
"ETH","Ethiopia",2019,"ET2019DHS","CM_ECMR_C_NNF",2,"Afar_Zone 2",0.02817,0.02607,0.01356,0.04992,0.03636,0.4316
"ETH","Ethiopia",2019,"ET2019DHS","CM_ECMR_C_NNF",2,"Afar_Zone 3",0.0287,0.02786,0.01616,0.04463,0.02847,0.3228
"ETH","Ethiopia",2019,"ET2019DHS","CM_ECMR_C_NNF",2,"Afar_Zone 4",0.03083,0.02891,0.01491,0.05298,0.03807,0.4304
"ETH","Ethiopia",2019,"ET2019DHS","CM_ECMR_C_NNF",2,"Afar_Zone 5",0.03227,0.02953,0.01375,0.05959,0.04584,0.5119
"ETH","Ethiopia",2019,"ET2019DHS","CM_ECMR_C_NNF",2,"Amhara_Awi/Agew",0.03522,0.03289,0.01558,0.06094,0.04536,0.4484
"ETH","Ethiopia",2019,"ET2019DHS","CM_ECMR_C_NNF",2,"Amhara_East Gojam",0.04014,0.03809,0.02061,0.06595,0.04534,0.3779
"ETH","Ethiopia",2019,"ET2019DHS","CM_ECMR_C_NNF",2,"Amhara_North Gonder",0.04106,0.03863,0.02128,0.06818,0.0469,0.3767
"ETH","Ethiopia",2019,"ET2019DHS","CM_ECMR_C_NNF",2,"Amhara_North Shewa(R3)",0.0433,0.04053,0.02089,0.07396,0.05307,0.4291
"ETH","Ethiopia",2019,"ET2019DHS","CM_ECMR_C_NNF",2,"Amhara_North Wollo",0.03732,0.03467,0.01721,0.06564,0.04844,0.4555
"ETH","Ethiopia",2019,"ET2019DHS","CM_ECMR_C_NNF",2,"Amhara_Oromia",0.04754,0.04448,0.02035,0.08836,0.06801,0.4851
"ETH","Ethiopia",2019,"ET2019DHS","CM_ECMR_C_NNF",2,"Amhara_South Gonder",0.0442,0.04287,0.02851,0.06415,0.03564,0.2575
"ETH","Ethiopia",2019,"ET2019DHS","CM_ECMR_C_NNF",2,"Amhara_South Wollo",0.05017,0.04858,0.03121,0.07357,0.04236,0.2706
"ETH","Ethiopia",2019,"ET2019DHS","CM_ECMR_C_NNF",2,"Amhara_Special Woreda",0.04849,0.04268,0.01928,0.0958,0.07652,0.5716
"ETH","Ethiopia",2019,"ET2019DHS","CM_ECMR_C_NNF",2,"Amhara_Wag Himra",0.05616,0.0559,0.04531,0.06835,0.02304,0.1221
"ETH","Ethiopia",2019,"ET2019DHS","CM_ECMR_C_NNF",2,"Amhara_West Gojam",0.04657,0.04491,0.02958,0.06827,0.0387,0.2697
"ETH","Ethiopia",2019,"ET2019DHS","CM_ECMR_C_NNF",2,"Beneshangul Gumu_Asosa",0.04418,0.04296,0.02651,0.06891,0.0424,0.3011
"ETH","Ethiopia",2019,"ET2019DHS","CM_ECMR_C_NNF",2,"Beneshangul Gumu_Kemashi",0.03426,0.03358,0.02341,0.04801,0.0246,0.2231
"ETH","Ethiopia",2019,"ET2019DHS","CM_ECMR_C_NNF",2,"Beneshangul Gumu_Metekel",0.06736,0.06439,0.04113,0.1047,0.0636,0.3054
"ETH","Ethiopia",2019,"ET2019DHS","CM_ECMR_C_NNF",2,"Dire Dawa_Dire Dawa",0.03827,0.03718,0.02554,0.05438,0.02884,0.2446
"ETH","Ethiopia",2019,"ET2019DHS","CM_ECMR_C_NNF",2,"Gambela_Agnuak",0.03712,0.03536,0.01783,0.0649,0.04707,0.4055
"ETH","Ethiopia",2019,"ET2019DHS","CM_ECMR_C_NNF",2,"Gambela_Majang",0.07348,0.07091,0.04411,0.1124,0.06825,0.3048
"ETH","Ethiopia",2019,"ET2019DHS","CM_ECMR_C_NNF",2,"Gambela_Nuer",0.02747,0.02449,0.008954,0.05529,0.04633,0.598
"ETH","Ethiopia",2019,"ET2019DHS","CM_ECMR_C_NNF",2,"Hareri_Hareri",0.04007,0.03913,0.02632,0.05569,0.02937,0.2348
"ETH","Ethiopia",2019,"ET2019DHS","CM_ECMR_C_NNF",2,"Oromia_Arsi",0.03366,0.03209,0.01624,0.05718,0.04094,0.3975
"ETH","Ethiopia",2019,"ET2019DHS","CM_ECMR_C_NNF",2,"Oromia_Bale",0.0309,0.03013,0.01934,0.04516,0.02582,0.2681
"ETH","Ethiopia",2019,"ET2019DHS","CM_ECMR_C_NNF",2,"Oromia_Borena",0.03061,0.02919,0.01366,0.05131,0.03766,0.4127
"ETH","Ethiopia",2019,"ET2019DHS","CM_ECMR_C_NNF",2,"Oromia_East Harerge",0.05295,0.0508,0.03243,0.08218,0.04975,0.2996
"ETH","Ethiopia",2019,"ET2019DHS","CM_ECMR_C_NNF",2,"Oromia_East Shewa",0.03883,0.03711,0.01922,0.06539,0.04616,0.3914
"ETH","Ethiopia",2019,"ET2019DHS","CM_ECMR_C_NNF",2,"Oromia_East Wellega",0.02997,0.02829,0.01425,0.05177,0.03752,0.4167
"ETH","Ethiopia",2019,"ET2019DHS","CM_ECMR_C_NNF",2,"Oromia_Guji",0.03396,0.0323,0.01647,0.0564,0.03993,0.3963
"ETH","Ethiopia",2019,"ET2019DHS","CM_ECMR_C_NNF",2,"Oromia_Horo Guduru",0.03072,0.02847,0.01262,0.05553,0.04291,0.4752
"ETH","Ethiopia",2019,"ET2019DHS","CM_ECMR_C_NNF",2,"Oromia_Ilubabor",0.02699,0.02479,0.01359,0.04689,0.0333,0.4246
"ETH","Ethiopia",2019,"ET2019DHS","CM_ECMR_C_NNF",2,"Oromia_Jimma",0.04504,0.04338,0.02697,0.06995,0.04298,0.3001
"ETH","Ethiopia",2019,"ET2019DHS","CM_ECMR_C_NNF",2,"Oromia_Kelem Wellega",0.02697,0.02509,0.01192,0.04992,0.03801,0.4769
"ETH","Ethiopia",2019,"ET2019DHS","CM_ECMR_C_NNF",2,"Oromia_North Shewa(R4)",0.03384,0.03173,0.01594,0.05661,0.04068,0.3998
"ETH","Ethiopia",2019,"ET2019DHS","CM_ECMR_C_NNF",2,"Oromia_South West Shewa",0.06534,0.06443,0.04699,0.08592,0.03893,0.1828
"ETH","Ethiopia",2019,"ET2019DHS","CM_ECMR_C_NNF",2,"Oromia_West Arsi",0.0412,0.03914,0.02167,0.06854,0.04687,0.3714
"ETH","Ethiopia",2019,"ET2019DHS","CM_ECMR_C_NNF",2,"Oromia_West Harerge",0.03757,0.03608,0.02027,0.06054,0.04027,0.343
"ETH","Ethiopia",2019,"ET2019DHS","CM_ECMR_C_NNF",2,"Oromia_West Shewa",0.04289,0.04066,0.0246,0.06919,0.04459,0.3532
"ETH","Ethiopia",2019,"ET2019DHS","CM_ECMR_C_NNF",2,"Oromia_West Wellega",0.02423,0.02233,0.01035,0.0437,0.03335,0.4712
"ETH","Ethiopia",2019,"ET2019DHS","CM_ECMR_C_NNF",2,"SNNPR_Alaba",0.03757,0.03757,0.03638,0.0388,0.002418,0.01961
"ETH","Ethiopia",2019,"ET2019DHS","CM_ECMR_C_NNF",2,"SNNPR_Basketo",0.02511,0.0225,0.009062,0.04976,0.0407,0.6424
"ETH","Ethiopia",2019,"ET2019DHS","CM_ECMR_C_NNF",2,"SNNPR_Bench Maji",0.02054,0.01909,0.009143,0.03732,0.02818,0.443
"ETH","Ethiopia",2019,"ET2019DHS","CM_ECMR_C_NNF",2,"SNNPR_Dawro",0.02528,0.02413,0.01466,0.03984,0.02518,0.3249
"ETH","Ethiopia",2019,"ET2019DHS","CM_ECMR_C_NNF",2,"SNNPR_Gamo Gofa",0.02128,0.02005,0.01064,0.03543,0.02479,0.3897
"ETH","Ethiopia",2019,"ET2019DHS","CM_ECMR_C_NNF",2,"SNNPR_Gedio",0.02075,0.01868,0.008317,0.04004,0.03172,0.5292
"ETH","Ethiopia",2019,"ET2019DHS","CM_ECMR_C_NNF",2,"SNNPR_Gurage",0.02809,0.02633,0.01392,0.04696,0.03304,0.4086
"ETH","Ethiopia",2019,"ET2019DHS","CM_ECMR_C_NNF",2,"SNNPR_Hadiya",0.0282,0.02695,0.01652,0.0432,0.02669,0.3215
"ETH","Ethiopia",2019,"ET2019DHS","CM_ECMR_C_NNF",2,"SNNPR_Keffa",0.02151,0.02004,0.01021,0.03687,0.02666,0.4429
"ETH","Ethiopia",2019,"ET2019DHS","CM_ECMR_C_NNF",2,"SNNPR_Konta",0.0249,0.02313,0.0109,0.04369,0.03278,0.4693
"ETH","Ethiopia",2019,"ET2019DHS","CM_ECMR_C_NNF",2,"SNNPR_KT",0.02555,0.02437,0.01318,0.04249,0.02931,0.3769
"ETH","Ethiopia",2019,"ET2019DHS","CM_ECMR_C_NNF",2,"SNNPR_Segen Peoples'",0.02179,0.02044,0.009331,0.03861,0.02927,0.4641
"ETH","Ethiopia",2019,"ET2019DHS","CM_ECMR_C_NNF",2,"SNNPR_Selti",0.02583,0.02425,0.01187,0.04437,0.0325,0.4223
"ETH","Ethiopia",2019,"ET2019DHS","CM_ECMR_C_NNF",2,"SNNPR_Sheka",0.02382,0.02152,0.009183,0.04557,0.03639,0.5668
"ETH","Ethiopia",2019,"ET2019DHS","CM_ECMR_C_NNF",2,"SNNPR_Sidama",0.02999,0.02808,0.01477,0.0526,0.03783,0.4324
"ETH","Ethiopia",2019,"ET2019DHS","CM_ECMR_C_NNF",2,"SNNPR_South Omo",0.02329,0.02202,0.01122,0.04045,0.02923,0.4105
"ETH","Ethiopia",2019,"ET2019DHS","CM_ECMR_C_NNF",2,"SNNPR_Wolayita",0.02845,0.0269,0.01433,0.04768,0.03336,0.3905
"ETH","Ethiopia",2019,"ET2019DHS","CM_ECMR_C_NNF",2,"SNNPR_Yem",0.0283,0.02553,0.01125,0.05477,0.04352,0.5481
"ETH","Ethiopia",2019,"ET2019DHS","CM_ECMR_C_NNF",2,"Somali_Afder",0.04778,0.04617,0.0258,0.07546,0.04965,0.337
"ETH","Ethiopia",2019,"ET2019DHS","CM_ECMR_C_NNF",2,"Somali_Doolo",0.04779,0.04583,0.02726,0.07336,0.0461,0.325
"ETH","Ethiopia",2019,"ET2019DHS","CM_ECMR_C_NNF",2,"Somali_Fafan",0.0588,0.05771,0.04218,0.07719,0.03501,0.1868
"ETH","Ethiopia",2019,"ET2019DHS","CM_ECMR_C_NNF",2,"Somali_Jarar",0.07179,0.07155,0.06346,0.0814,0.01794,0.07819
"ETH","Ethiopia",2019,"ET2019DHS","CM_ECMR_C_NNF",2,"Somali_Korahe",0.0575,0.05574,0.03394,0.08738,0.05344,0.3035
"ETH","Ethiopia",2019,"ET2019DHS","CM_ECMR_C_NNF",2,"Somali_Liben",0.06617,0.06168,0.03381,0.1144,0.08061,0.4056
"ETH","Ethiopia",2019,"ET2019DHS","CM_ECMR_C_NNF",2,"Somali_Nogob",0.04243,0.04037,0.02002,0.07087,0.05085,0.3944
"ETH","Ethiopia",2019,"ET2019DHS","CM_ECMR_C_NNF",2,"Somali_Shabelle",0.04332,0.0408,0.01903,0.07433,0.0553,0.4139
"ETH","Ethiopia",2019,"ET2019DHS","CM_ECMR_C_NNF",2,"Somali_Siti",0.05229,0.05083,0.03237,0.07689,0.04452,0.2629
"ETH","Ethiopia",2019,"ET2019DHS","CM_ECMR_C_NNF",2,"Tigray_Central",0.02629,0.02377,0.01039,0.05069,0.04029,0.5467
"ETH","Ethiopia",2019,"ET2019DHS","CM_ECMR_C_NNF",2,"Tigray_Eastern
",0.02528,0.02266,0.008754,0.05042,0.04167,0.5913
"ETH","Ethiopia",2019,"ET2019DHS","CM_ECMR_C_NNF",2,"Tigray_North Western",0.0391,0.03722,0.02152,0.06303,0.04151,0.3376
"ETH","Ethiopia",2019,"ET2019DHS","CM_ECMR_C_NNF",2,"Tigray_Southern",0.02459,0.02221,0.009106,0.04764,0.03853,0.5654
"ETH","Ethiopia",2019,"ET2019DHS","CM_ECMR_C_NNF",2,"Tigray_Western",0.04308,0.03784,0.01755,0.0875,0.06995,0.5683
"ETH","Ethiopia",2019,"ET2019DHS","CN_NUTS_C_HA2",1,"Addis Ababa",0.1499,0.1499,0.1065,0.2069,0.1004,0.2025
"ETH","Ethiopia",2019,"ET2019DHS","CN_NUTS_C_HA2",1,"Afar",0.4224,0.4224,0.3788,0.4674,0.08862,0.06393
"ETH","Ethiopia",2019,"ET2019DHS","CN_NUTS_C_HA2",1,"Amhara",0.4149,0.4149,0.3629,0.4689,0.1059,0.07791
"ETH","Ethiopia",2019,"ET2019DHS","CN_NUTS_C_HA2",1,"Beneshangul Gumu",0.4071,0.4071,0.3092,0.513,0.2037,0.1542
"ETH","Ethiopia",2019,"ET2019DHS","CN_NUTS_C_HA2",1,"Dire Dawa",0.2538,0.2538,0.2174,0.294,0.07661,0.09184
"ETH","Ethiopia",2019,"ET2019DHS","CN_NUTS_C_HA2",1,"Gambela",0.1729,0.1729,0.133,0.2218,0.08876,0.1557
"ETH","Ethiopia",2019,"ET2019DHS","CN_NUTS_C_HA2",1,"Hareri",0.3637,0.3637,0.3099,0.4212,0.1113,0.09341
"ETH","Ethiopia",2019,"ET2019DHS","CN_NUTS_C_HA2",1,"Oromia",0.3531,0.3531,0.3152,0.393,0.07784,0.06713
"ETH","Ethiopia",2019,"ET2019DHS","CN_NUTS_C_HA2",1,"SNNPR",0.3643,0.3643,0.3208,0.41,0.08923,0.07464
"ETH","Ethiopia",2019,"ET2019DHS","CN_NUTS_C_HA2",1,"Somali",0.3058,0.3058,0.2571,0.3594,0.1023,0.102
"ETH","Ethiopia",2019,"ET2019DHS","CN_NUTS_C_HA2",1,"Tigray",0.4835,0.4835,0.434,0.5333,0.09924,0.0626
"ETH","Ethiopia",2019,"ET2019DHS","CN_NUTS_C_HA2",2,"Addis Ababa_Region 14",0.1528,0.1507,0.1089,0.2055,0.0966,0.2017
"ETH","Ethiopia",2019,"ET2019DHS","CN_NUTS_C_HA2",2,"Afar_Zone 1",0.4233,0.4247,0.333,0.5084,0.1754,0.1282
"ETH","Ethiopia",2019,"ET2019DHS","CN_NUTS_C_HA2",2,"Afar_Zone 2",0.4288,0.4279,0.3848,0.4717,0.08698,0.06283
"ETH","Ethiopia",2019,"ET2019DHS","CN_NUTS_C_HA2",2,"Afar_Zone 3",0.4221,0.4204,0.3233,0.5235,0.2002,0.1437
"ETH","Ethiopia",2019,"ET2019DHS","CN_NUTS_C_HA2",2,"Afar_Zone 4",0.4172,0.4166,0.3519,0.4818,0.1299,0.09503
"ETH","Ethiopia",2019,"ET2019DHS","CN_NUTS_C_HA2",2,"Afar_Zone 5",0.4062,0.4045,0.3206,0.5025,0.1818,0.1385
"ETH","Ethiopia",2019,"ET2019DHS","CN_NUTS_C_HA2",2,"Amhara_Awi/Agew",0.3874,0.3848,0.2783,0.51,0.2317,0.1865
"ETH","Ethiopia",2019,"ET2019DHS","CN_NUTS_C_HA2",2,"Amhara_East Gojam",0.3656,0.3638,0.2958,0.4394,0.1436,0.1195
"ETH","Ethiopia",2019,"ET2019DHS","CN_NUTS_C_HA2",2,"Amhara_North Gonder",0.4066,0.4057,0.2993,0.5159,0.2165,0.1633
"ETH","Ethiopia",2019,"ET2019DHS","CN_NUTS_C_HA2",2,"Amhara_North Shewa(R3)",0.5062,0.5056,0.3935,0.6195,0.226,0.1357
"ETH","Ethiopia",2019,"ET2019DHS","CN_NUTS_C_HA2",2,"Amhara_North Wollo",0.4455,0.4462,0.3466,0.5397,0.1931,0.1287
"ETH","Ethiopia",2019,"ET2019DHS","CN_NUTS_C_HA2",2,"Amhara_Oromia",0.4561,0.459,0.3182,0.5973,0.2791,0.1929
"ETH","Ethiopia",2019,"ET2019DHS","CN_NUTS_C_HA2",2,"Amhara_South Gonder",0.4938,0.4951,0.4336,0.5512,0.1177,0.07272
"ETH","Ethiopia",2019,"ET2019DHS","CN_NUTS_C_HA2",2,"Amhara_South Wollo",0.4688,0.4682,0.3927,0.5423,0.1496,0.09575
"ETH","Ethiopia",2019,"ET2019DHS","CN_NUTS_C_HA2",2,"Amhara_Special Woreda",0.4551,0.4496,0.291,0.6329,0.3419,0.2284
"ETH","Ethiopia",2019,"ET2019DHS","CN_NUTS_C_HA2",2,"Amhara_Wag Himra",0.5196,0.52,0.4434,0.5979,0.1545,0.09892
"ETH","Ethiopia",2019,"ET2019DHS","CN_NUTS_C_HA2",2,"Amhara_West Gojam",0.3397,0.3375,0.2795,0.4024,0.1229,0.1088
"ETH","Ethiopia",2019,"ET2019DHS","CN_NUTS_C_HA2",2,"Beneshangul Gumu_Asosa",0.3869,0.387,0.2757,0.5005,0.2248,0.1813
"ETH","Ethiopia",2019,"ET2019DHS","CN_NUTS_C_HA2",2,"Beneshangul Gumu_Kemashi",0.3299,0.328,0.2399,0.423,0.1831,0.1686
"ETH","Ethiopia",2019,"ET2019DHS","CN_NUTS_C_HA2",2,"Beneshangul Gumu_Metekel",0.3518,0.3505,0.3019,0.4031,0.1012,0.08795
"ETH","Ethiopia",2019,"ET2019DHS","CN_NUTS_C_HA2",2,"Dire Dawa_Dire Dawa",0.2539,0.2538,0.2179,0.2914,0.07351,0.0894
"ETH","Ethiopia",2019,"ET2019DHS","CN_NUTS_C_HA2",2,"Gambela_Agnuak",0.1716,0.1686,0.1213,0.2332,0.1119,0.202
"ETH","Ethiopia",2019,"ET2019DHS","CN_NUTS_C_HA2",2,"Gambela_Majang",0.2063,0.2042,0.1452,0.2774,0.1322,0.1915
"ETH","Ethiopia",2019,"ET2019DHS","CN_NUTS_C_HA2",2,"Gambela_Nuer",0.2186,0.2146,0.15,0.3019,0.1518,0.2184
"ETH","Ethiopia",2019,"ET2019DHS","CN_NUTS_C_HA2",2,"Hareri_Hareri",0.3644,0.3648,0.3098,0.418,0.1082,0.09194
"ETH","Ethiopia",2019,"ET2019DHS","CN_NUTS_C_HA2",2,"Oromia_Arsi",0.3752,0.3724,0.2745,0.4803,0.2058,0.1669
"ETH","Ethiopia",2019,"ET2019DHS","CN_NUTS_C_HA2",2,"Oromia_Bale",0.359,0.3578,0.3212,0.3988,0.07756,0.06715
"ETH","Ethiopia",2019,"ET2019DHS","CN_NUTS_C_HA2",2,"Oromia_Borena",0.4623,0.4617,0.4341,0.4917,0.05764,0.03707
"ETH","Ethiopia",2019,"ET2019DHS","CN_NUTS_C_HA2",2,"Oromia_East Harerge",0.4168,0.4169,0.3615,0.4729,0.1114,0.08168
"ETH","Ethiopia",2019,"ET2019DHS","CN_NUTS_C_HA2",2,"Oromia_East Shewa",0.3225,0.3193,0.2216,0.4307,0.2091,0.2004
"ETH","Ethiopia",2019,"ET2019DHS","CN_NUTS_C_HA2",2,"Oromia_East Wellega",0.266,0.2642,0.2029,0.3336,0.1307,0.1529
"ETH","Ethiopia",2019,"ET2019DHS","CN_NUTS_C_HA2",2,"Oromia_Guji",0.4534,0.4531,0.4267,0.4808,0.05407,0.03537
"ETH","Ethiopia",2019,"ET2019DHS","CN_NUTS_C_HA2",2,"Oromia_Horo Guduru",0.4191,0.419,0.4123,0.426,0.01365,0.009957
"ETH","Ethiopia",2019,"ET2019DHS","CN_NUTS_C_HA2",2,"Oromia_Ilubabor",0.3014,0.2993,0.2216,0.3941,0.1725,0.1776
"ETH","Ethiopia",2019,"ET2019DHS","CN_NUTS_C_HA2",2,"Oromia_Jimma",0.3371,0.3363,0.2606,0.4258,0.1652,0.1472
"ETH","Ethiopia",2019,"ET2019DHS","CN_NUTS_C_HA2",2,"Oromia_Kelem Wellega",0.2954,0.2937,0.2282,0.3677,0.1394,0.1457
"ETH","Ethiopia",2019,"ET2019DHS","CN_NUTS_C_HA2",2,"Oromia_North Shewa(R4)",0.4276,0.4254,0.3103,0.5446,0.2343,0.1618
"ETH","Ethiopia",2019,"ET2019DHS","CN_NUTS_C_HA2",2,"Oromia_South West Shewa",0.3864,0.3867,0.3757,0.3971,0.0214,0.01662
"ETH","Ethiopia",2019,"ET2019DHS","CN_NUTS_C_HA2",2,"Oromia_West Arsi",0.2983,0.2983,0.2959,0.3004,0.004445,0.004545
"ETH","Ethiopia",2019,"ET2019DHS","CN_NUTS_C_HA2",2,"Oromia_West Harerge",0.3148,0.3127,0.2315,0.403,0.1715,0.1737
"ETH","Ethiopia",2019,"ET2019DHS","CN_NUTS_C_HA2",2,"Oromia_West Shewa",0.3596,0.3569,0.2726,0.4528,0.1801,0.1535
"ETH","Ethiopia",2019,"ET2019DHS","CN_NUTS_C_HA2",2,"Oromia_West Wellega",0.1408,0.138,0.0969,0.1932,0.09626,0.2132
"ETH","Ethiopia",2019,"ET2019DHS","CN_NUTS_C_HA2",2,"SNNPR_Alaba",0.3683,0.3678,0.3401,0.3972,0.05706,0.04813
"ETH","Ethiopia",2019,"ET2019DHS","CN_NUTS_C_HA2",2,"SNNPR_Basketo",0.3636,0.3583,0.2152,0.5267,0.3115,0.2587
"ETH","Ethiopia",2019,"ET2019DHS","CN_NUTS_C_HA2",2,"SNNPR_Bench Maji",0.3822,0.38,0.2695,0.4989,0.2294,0.1862
"ETH","Ethiopia",2019,"ET2019DHS","CN_NUTS_C_HA2",2,"SNNPR_Dawro",0.4113,0.4111,0.3978,0.4249,0.02705,0.02008
"ETH","Ethiopia",2019,"ET2019DHS","CN_NUTS_C_HA2",2,"SNNPR_Gamo Gofa",0.3257,0.3234,0.2365,0.4203,0.1837,0.1743
"ETH","Ethiopia",2019,"ET2019DHS","CN_NUTS_C_HA2",2,"SNNPR_Gedio",0.4062,0.4062,0.3785,0.4332,0.05469,0.04135
"ETH","Ethiopia",2019,"ET2019DHS","CN_NUTS_C_HA2",2,"SNNPR_Gurage",0.3856,0.3848,0.3431,0.4301,0.08697,0.06743
"ETH","Ethiopia",2019,"ET2019DHS","CN_NUTS_C_HA2",2,"SNNPR_Hadiya",0.3669,0.3674,0.3109,0.4249,0.1141,0.09213
"ETH","Ethiopia",2019,"ET2019DHS","CN_NUTS_C_HA2",2,"SNNPR_Keffa",0.2807,0.2807,0.2597,0.3025,0.04277,0.04593
"ETH","Ethiopia",2019,"ET2019DHS","CN_NUTS_C_HA2",2,"SNNPR_Konta",0.3609,0.3586,0.2347,0.4942,0.2594,0.2109
"ETH","Ethiopia",2019,"ET2019DHS","CN_NUTS_C_HA2",2,"SNNPR_KT",0.4101,0.41,0.4026,0.4177,0.01513,0.01141
"ETH","Ethiopia",2019,"ET2019DHS","CN_NUTS_C_HA2",2,"SNNPR_Segen Peoples'",0.4643,0.4649,0.389,0.543,0.154,0.1029
"ETH","Ethiopia",2019,"ET2019DHS","CN_NUTS_C_HA2",2,"SNNPR_Selti",0.4736,0.4724,0.3877,0.5625,0.1748,0.113
"ETH","Ethiopia",2019,"ET2019DHS","CN_NUTS_C_HA2",2,"SNNPR_Sheka",0.3382,0.3323,0.2145,0.4848,0.2703,0.2485
"ETH","Ethiopia",2019,"ET2019DHS","CN_NUTS_C_HA2",2,"SNNPR_Sidama",0.3711,0.3684,0.2944,0.4479,0.1536,0.1283
"ETH","Ethiopia",2019,"ET2019DHS","CN_NUTS_C_HA2",2,"SNNPR_South Omo",0.3092,0.3079,0.2382,0.3821,0.1439,0.1422
"ETH","Ethiopia",2019,"ET2019DHS","CN_NUTS_C_HA2",2,"SNNPR_Wolayita",0.37,0.3666,0.2835,0.4703,0.1867,0.1513
"ETH","Ethiopia",2019,"ET2019DHS","CN_NUTS_C_HA2",2,"SNNPR_Yem",0.3761,0.3708,0.24,0.5198,0.2798,0.2292
"ETH","Ethiopia",2019,"ET2019DHS","CN_NUTS_C_HA2",2,"Somali_Afder",0.2815,0.2809,0.2181,0.344,0.1259,0.1375
"ETH","Ethiopia",2019,"ET2019DHS","CN_NUTS_C_HA2",2,"Somali_Doolo",0.2142,0.2124,0.147,0.289,0.142,0.2049
"ETH","Ethiopia",2019,"ET2019DHS","CN_NUTS_C_HA2",2,"Somali_Fafan",0.3102,0.3076,0.2305,0.3917,0.1612,0.1666
"ETH","Ethiopia",2019,"ET2019DHS","CN_NUTS_C_HA2",2,"Somali_Jarar",0.245,0.2419,0.1796,0.3194,0.1398,0.177
"ETH","Ethiopia",2019,"ET2019DHS","CN_NUTS_C_HA2",2,"Somali_Korahe",0.381,0.3805,0.3484,0.4129,0.06453,0.04965
"ETH","Ethiopia",2019,"ET2019DHS","CN_NUTS_C_HA2",2,"Somali_Liben",0.2832,0.2825,0.2033,0.3653,0.1619,0.1772
"ETH","Ethiopia",2019,"ET2019DHS","CN_NUTS_C_HA2",2,"Somali_Nogob",0.3254,0.3233,0.238,0.428,0.1899,0.1763
"ETH","Ethiopia",2019,"ET2019DHS","CN_NUTS_C_HA2",2,"Somali_Shabelle",0.3941,0.3935,0.3378,0.4498,0.112,0.08838
"ETH","Ethiopia",2019,"ET2019DHS","CN_NUTS_C_HA2",2,"Somali_Siti",0.3118,0.3142,0.2358,0.3909,0.1552,0.1534
"ETH","Ethiopia",2019,"ET2019DHS","CN_NUTS_C_HA2",2,"Tigray_Central",0.4788,0.4775,0.3736,0.5848,0.2111,0.1339
"ETH","Ethiopia",2019,"ET2019DHS","CN_NUTS_C_HA2",2,"Tigray_Eastern
",0.4897,0.4894,0.3971,0.5828,0.1857,0.1159
"ETH","Ethiopia",2019,"ET2019DHS","CN_NUTS_C_HA2",2,"Tigray_North Western",0.4769,0.4773,0.4049,0.5465,0.1416,0.09173
"ETH","Ethiopia",2019,"ET2019DHS","CN_NUTS_C_HA2",2,"Tigray_Southern",0.5143,0.5138,0.4209,0.6149,0.1941,0.1213
"ETH","Ethiopia",2019,"ET2019DHS","CN_NUTS_C_HA2",2,"Tigray_Western",0.4575,0.4601,0.3067,0.6044,0.2977,0.1976
"ETH","Ethiopia",2019,"ET2019DHS","CN_NUTS_C_WH2",1,"Addis Ababa",0.02233,0.02233,0.01223,0.04043,0.0282,0.364
"ETH","Ethiopia",2019,"ET2019DHS","CN_NUTS_C_WH2",1,"Afar",0.1354,0.1354,0.1036,0.175,0.07144,0.1597
"ETH","Ethiopia",2019,"ET2019DHS","CN_NUTS_C_WH2",1,"Amhara",0.07593,0.07593,0.05863,0.09781,0.03918,0.1557
"ETH","Ethiopia",2019,"ET2019DHS","CN_NUTS_C_WH2",1,"Beneshangul Gumu",0.06431,0.06431,0.04482,0.09147,0.04664,0.2171
"ETH","Ethiopia",2019,"ET2019DHS","CN_NUTS_C_WH2",1,"Dire Dawa",0.05926,0.05926,0.04095,0.08504,0.04408,0.2224
"ETH","Ethiopia",2019,"ET2019DHS","CN_NUTS_C_WH2",1,"Gambela",0.1314,0.1314,0.1082,0.1587,0.0505,0.1166
"ETH","Ethiopia",2019,"ET2019DHS","CN_NUTS_C_WH2",1,"Hareri",0.04088,0.04088,0.02717,0.06108,0.03391,0.2465
"ETH","Ethiopia",2019,"ET2019DHS","CN_NUTS_C_WH2",1,"Oromia",0.04313,0.04313,0.03121,0.05932,0.02811,0.1954
"ETH","Ethiopia",2019,"ET2019DHS","CN_NUTS_C_WH2",1,"SNNPR",0.06315,0.06315,0.04036,0.0975,0.05714,0.2687
"ETH","Ethiopia",2019,"ET2019DHS","CN_NUTS_C_WH2",1,"Somali",0.2144,0.2144,0.186,0.2458,0.05976,0.08474
"ETH","Ethiopia",2019,"ET2019DHS","CN_NUTS_C_WH2",1,"Tigray",0.09105,0.09105,0.06714,0.1224,0.05522,0.1827
"ETH","Ethiopia",2019,"ET2019DHS","CN_NUTS_C_WH2",2,"Addis Ababa_Region 14",0.02409,0.02283,0.0126,0.03955,0.02695,0.3881
"ETH","Ethiopia",2019,"ET2019DHS","CN_NUTS_C_WH2",2,"Afar_Zone 1",0.1373,0.1339,0.09365,0.1932,0.09952,0.2319
"ETH","Ethiopia",2019,"ET2019DHS","CN_NUTS_C_WH2",2,"Afar_Zone 2",0.08095,0.08074,0.06106,0.1027,0.04164,0.1551
"ETH","Ethiopia",2019,"ET2019DHS","CN_NUTS_C_WH2",2,"Afar_Zone 3",0.1641,0.1607,0.1085,0.2324,0.1239,0.2396
"ETH","Ethiopia",2019,"ET2019DHS","CN_NUTS_C_WH2",2,"Afar_Zone 4",0.147,0.1435,0.09911,0.2057,0.1065,0.2278
"ETH","Ethiopia",2019,"ET2019DHS","CN_NUTS_C_WH2",2,"Afar_Zone 5",0.0881,0.08663,0.0566,0.1252,0.06863,0.2456
"ETH","Ethiopia",2019,"ET2019DHS","CN_NUTS_C_WH2",2,"Amhara_Awi/Agew",0.109,0.1069,0.07568,0.1496,0.07389,0.2127
"ETH","Ethiopia",2019,"ET2019DHS","CN_NUTS_C_WH2",2,"Amhara_East Gojam",0.07061,0.06766,0.03795,0.1154,0.07746,0.3559
"ETH","Ethiopia",2019,"ET2019DHS","CN_NUTS_C_WH2",2,"Amhara_North Gonder",0.09778,0.09609,0.06854,0.1327,0.06413,0.2041
"ETH","Ethiopia",2019,"ET2019DHS","CN_NUTS_C_WH2",2,"Amhara_North Shewa(R3)",0.09725,0.09266,0.05351,0.1515,0.09796,0.3279
"ETH","Ethiopia",2019,"ET2019DHS","CN_NUTS_C_WH2",2,"Amhara_North Wollo",0.07484,0.07081,0.0417,0.1248,0.0831,0.3502
"ETH","Ethiopia",2019,"ET2019DHS","CN_NUTS_C_WH2",2,"Amhara_Oromia",0.0788,0.07391,0.03388,0.1417,0.1078,0.4456
"ETH","Ethiopia",2019,"ET2019DHS","CN_NUTS_C_WH2",2,"Amhara_South Gonder",0.08992,0.08696,0.0536,0.1362,0.08256,0.2925
"ETH","Ethiopia",2019,"ET2019DHS","CN_NUTS_C_WH2",2,"Amhara_South Wollo",0.05745,0.0548,0.02896,0.0973,0.06834,0.3829
"ETH","Ethiopia",2019,"ET2019DHS","CN_NUTS_C_WH2",2,"Amhara_Special Woreda",0.08126,0.07281,0.03354,0.1557,0.1222,0.5395
"ETH","Ethiopia",2019,"ET2019DHS","CN_NUTS_C_WH2",2,"Amhara_Wag Himra",0.09387,0.09373,0.08426,0.1038,0.01958,0.06414
"ETH","Ethiopia",2019,"ET2019DHS","CN_NUTS_C_WH2",2,"Amhara_West Gojam",0.07089,0.06885,0.04918,0.09892,0.04974,0.2214
"ETH","Ethiopia",2019,"ET2019DHS","CN_NUTS_C_WH2",2,"Beneshangul Gumu_Asosa",0.07076,0.06811,0.04194,0.109,0.06705,0.2996
"ETH","Ethiopia",2019,"ET2019DHS","CN_NUTS_C_WH2",2,"Beneshangul Gumu_Kemashi",0.08465,0.08171,0.04963,0.1297,0.08012,0.3056
"ETH","Ethiopia",2019,"ET2019DHS","CN_NUTS_C_WH2",2,"Beneshangul Gumu_Metekel",0.06296,0.0615,0.04335,0.0867,0.04335,0.2212
"ETH","Ethiopia",2019,"ET2019DHS","CN_NUTS_C_WH2",2,"Dire Dawa_Dire Dawa",0.06039,0.05922,0.04117,0.08357,0.0424,0.2222
"ETH","Ethiopia",2019,"ET2019DHS","CN_NUTS_C_WH2",2,"Gambela_Agnuak",0.148,0.1473,0.1222,0.1779,0.05573,0.1157
"ETH","Ethiopia",2019,"ET2019DHS","CN_NUTS_C_WH2",2,"Gambela_Majang",0.1045,0.09998,0.0549,0.1679,0.113,0.3493
"ETH","Ethiopia",2019,"ET2019DHS","CN_NUTS_C_WH2",2,"Gambela_Nuer",0.1163,0.1125,0.06898,0.1742,0.1053,0.3009
"ETH","Ethiopia",2019,"ET2019DHS","CN_NUTS_C_WH2",2,"Hareri_Hareri",0.04186,0.04053,0.02745,0.06172,0.03427,0.2655
"ETH","Ethiopia",2019,"ET2019DHS","CN_NUTS_C_WH2",2,"Oromia_Arsi",0.04591,0.04289,0.02193,0.07982,0.0579,0.4224
"ETH","Ethiopia",2019,"ET2019DHS","CN_NUTS_C_WH2",2,"Oromia_Bale",0.04815,0.04499,0.02394,0.08321,0.05927,0.3994
"ETH","Ethiopia",2019,"ET2019DHS","CN_NUTS_C_WH2",2,"Oromia_Borena",0.0451,0.04427,0.03266,0.06002,0.02736,0.1942
"ETH","Ethiopia",2019,"ET2019DHS","CN_NUTS_C_WH2",2,"Oromia_East Harerge",0.0576,0.05606,0.03842,0.08219,0.04377,0.248
"ETH","Ethiopia",2019,"ET2019DHS","CN_NUTS_C_WH2",2,"Oromia_East Shewa",0.04813,0.04663,0.02445,0.07688,0.05243,0.3605
"ETH","Ethiopia",2019,"ET2019DHS","CN_NUTS_C_WH2",2,"Oromia_East Wellega",0.05394,0.05372,0.04482,0.06344,0.01862,0.1066
"ETH","Ethiopia",2019,"ET2019DHS","CN_NUTS_C_WH2",2,"Oromia_Guji",0.05508,0.05347,0.0316,0.08302,0.05143,0.304
"ETH","Ethiopia",2019,"ET2019DHS","CN_NUTS_C_WH2",2,"Oromia_Horo Guduru",0.1051,0.1048,0.09243,0.1198,0.0274,0.07902
"ETH","Ethiopia",2019,"ET2019DHS","CN_NUTS_C_WH2",2,"Oromia_Ilubabor",0.08145,0.07754,0.04642,0.1331,0.08666,0.3507
"ETH","Ethiopia",2019,"ET2019DHS","CN_NUTS_C_WH2",2,"Oromia_Jimma",0.05395,0.05248,0.03216,0.08259,0.05043,0.2991
"ETH","Ethiopia",2019,"ET2019DHS","CN_NUTS_C_WH2",2,"Oromia_Kelem Wellega",0.08047,0.08041,0.07625,0.08489,0.008636,0.03247
"ETH","Ethiopia",2019,"ET2019DHS","CN_NUTS_C_WH2",2,"Oromia_North Shewa(R4)",0.05414,0.05068,0.0267,0.08904,0.06234,0.3822
"ETH","Ethiopia",2019,"ET2019DHS","CN_NUTS_C_WH2",2,"Oromia_South West Shewa",0.05379,0.05161,0.0262,0.08945,0.06325,0.3891
"ETH","Ethiopia",2019,"ET2019DHS","CN_NUTS_C_WH2",2,"Oromia_West Arsi",0.0522,0.04952,0.028,0.08482,0.05682,0.3619
"ETH","Ethiopia",2019,"ET2019DHS","CN_NUTS_C_WH2",2,"Oromia_West Harerge",0.04982,0.04744,0.02545,0.08295,0.0575,0.3908
"ETH","Ethiopia",2019,"ET2019DHS","CN_NUTS_C_WH2",2,"Oromia_West Shewa",0.05043,0.04783,0.02507,0.08424,0.05917,0.3935
"ETH","Ethiopia",2019,"ET2019DHS","CN_NUTS_C_WH2",2,"Oromia_West Wellega",0.1198,0.1199,0.116,0.1233,0.00731,0.01869
"ETH","Ethiopia",2019,"ET2019DHS","CN_NUTS_C_WH2",2,"SNNPR_Alaba",0.07453,0.07454,0.07379,0.07519,0.001395,0.005526
"ETH","Ethiopia",2019,"ET2019DHS","CN_NUTS_C_WH2",2,"SNNPR_Basketo",0.064,0.0567,0.0265,0.1229,0.09636,0.5535
"ETH","Ethiopia",2019,"ET2019DHS","CN_NUTS_C_WH2",2,"SNNPR_Bench Maji",0.05541,0.05316,0.03274,0.08566,0.05292,0.3208
"ETH","Ethiopia",2019,"ET2019DHS","CN_NUTS_C_WH2",2,"SNNPR_Dawro",0.05702,0.05474,0.0332,0.08887,0.05567,0.3181
"ETH","Ethiopia",2019,"ET2019DHS","CN_NUTS_C_WH2",2,"SNNPR_Gamo Gofa",0.04908,0.04755,0.02855,0.07572,0.04717,0.3069
"ETH","Ethiopia",2019,"ET2019DHS","CN_NUTS_C_WH2",2,"SNNPR_Gedio",0.05256,0.05195,0.03877,0.06942,0.03065,0.1814
"ETH","Ethiopia",2019,"ET2019DHS","CN_NUTS_C_WH2",2,"SNNPR_Gurage",0.08754,0.08702,0.06651,0.1102,0.04371,0.1518
"ETH","Ethiopia",2019,"ET2019DHS","CN_NUTS_C_WH2",2,"SNNPR_Hadiya",0.0584,0.05611,0.03249,0.09268,0.0602,0.3316
"ETH","Ethiopia",2019,"ET2019DHS","CN_NUTS_C_WH2",2,"SNNPR_Keffa",0.05896,0.05602,0.02988,0.09889,0.06902,0.3979
"ETH","Ethiopia",2019,"ET2019DHS","CN_NUTS_C_WH2",2,"SNNPR_Konta",0.06459,0.05995,0.02875,0.1177,0.08895,0.4719
"ETH","Ethiopia",2019,"ET2019DHS","CN_NUTS_C_WH2",2,"SNNPR_KT",0.05602,0.05379,0.02974,0.09057,0.06083,0.3517
"ETH","Ethiopia",2019,"ET2019DHS","CN_NUTS_C_WH2",2,"SNNPR_Segen Peoples'",0.05357,0.04927,0.02677,0.09467,0.0679,0.4335
"ETH","Ethiopia",2019,"ET2019DHS","CN_NUTS_C_WH2",2,"SNNPR_Selti",0.05524,0.05398,0.0382,0.07532,0.03712,0.2091
"ETH","Ethiopia",2019,"ET2019DHS","CN_NUTS_C_WH2",2,"SNNPR_Sheka",0.069,0.06387,0.03184,0.1216,0.08975,0.4666
"ETH","Ethiopia",2019,"ET2019DHS","CN_NUTS_C_WH2",2,"SNNPR_Sidama",0.04609,0.04431,0.02868,0.06807,0.03939,0.2793
"ETH","Ethiopia",2019,"ET2019DHS","CN_NUTS_C_WH2",2,"SNNPR_South Omo",0.08273,0.0774,0.04334,0.1373,0.094,0.4019
"ETH","Ethiopia",2019,"ET2019DHS","CN_NUTS_C_WH2",2,"SNNPR_Wolayita",0.05498,0.05193,0.02912,0.0897,0.06058,0.3665
"ETH","Ethiopia",2019,"ET2019DHS","CN_NUTS_C_WH2",2,"SNNPR_Yem",0.06483,0.0591,0.03085,0.1149,0.08403,0.4733
"ETH","Ethiopia",2019,"ET2019DHS","CN_NUTS_C_WH2",2,"Somali_Afder",0.3167,0.3145,0.2588,0.3762,0.1174,0.1146
"ETH","Ethiopia",2019,"ET2019DHS","CN_NUTS_C_WH2",2,"Somali_Doolo",0.2553,0.2525,0.1973,0.3241,0.1268,0.1514
"ETH","Ethiopia",2019,"ET2019DHS","CN_NUTS_C_WH2",2,"Somali_Fafan",0.2065,0.2044,0.1647,0.2581,0.09346,0.1384
"ETH","Ethiopia",2019,"ET2019DHS","CN_NUTS_C_WH2",2,"Somali_Jarar",0.138,0.1353,0.09958,0.1854,0.08579,0.1953
"ETH","Ethiopia",2019,"ET2019DHS","CN_NUTS_C_WH2",2,"Somali_Korahe",0.1694,0.1661,0.1019,0.2493,0.1474,0.2658
"ETH","Ethiopia",2019,"ET2019DHS","CN_NUTS_C_WH2",2,"Somali_Liben",0.1699,0.1671,0.1113,0.239,0.1277,0.2288
"ETH","Ethiopia",2019,"ET2019DHS","CN_NUTS_C_WH2",2,"Somali_Nogob",0.2227,0.222,0.1903,0.258,0.06773,0.09725
"ETH","Ethiopia",2019,"ET2019DHS","CN_NUTS_C_WH2",2,"Somali_Shabelle",0.249,0.2475,0.2016,0.3006,0.099,0.1206
"ETH","Ethiopia",2019,"ET2019DHS","CN_NUTS_C_WH2",2,"Somali_Siti",0.2743,0.2749,0.2245,0.3228,0.09835,0.1093
"ETH","Ethiopia",2019,"ET2019DHS","CN_NUTS_C_WH2",2,"Tigray_Central",0.08624,0.08546,0.06058,0.1163,0.0557,0.2036
"ETH","Ethiopia",2019,"ET2019DHS","CN_NUTS_C_WH2",2,"Tigray_Eastern
",0.06157,0.05992,0.03728,0.09096,0.05368,0.2781
"ETH","Ethiopia",2019,"ET2019DHS","CN_NUTS_C_WH2",2,"Tigray_North Western",0.1485,0.1485,0.1241,0.1742,0.05009,0.1043
"ETH","Ethiopia",2019,"ET2019DHS","CN_NUTS_C_WH2",2,"Tigray_Southern",0.08352,0.07975,0.04294,0.1365,0.09356,0.3661
"ETH","Ethiopia",2019,"ET2019DHS","CN_NUTS_C_WH2",2,"Tigray_Western",0.08404,0.07962,0.04913,0.1298,0.08066,0.3265
